"","Morphospecies","Order","Present.in.Vials","Species_Stage_Name","Group","Specialist","Standard_Sorting_Name","Barcode_Status","Authority","Phylum","Subphylum","Class","Subclass","Superorder","Order.1","Suborder","Infraorder","Superfamily","Family","Subfamily","Genus","specific_epithet","subspecies"
"1","Cocos_nucifera",19,"#N/A","Cocos_nucifera","Tree","","","","","","","","","","","","","","","","","",""
"2","Tournefortia_argentea",20,"#N/A","Tournefortia_argentea","Tree","","","","","","","","","","","","","","","","","",""
"3","Scaevola_sericea",21,"#N/A","Scaevola_sericea","Shrub","","","","","","","","","","","","","","","","","",""
"4","Terminalia_catappa",22,"#N/A","Terminalia_catappa","Tree","","","","","","","","","","","","","","","","","",""
"5","Pisonia_grandis",23,"#N/A","Pisonia_grandis","Tree","","","","","","","","","","","","","","","","","",""
"6","Hibiscus_tiliaceus",24,"#N/A","Hibiscus_tiliaceus","Tree","","","","","","","","","","","","","","","","","",""
"7","Pandanus_fisherianus",25,"#N/A","Pandanus_fisherianus","Tree","","","","","","","","","","","","","","","","","",""
"8","Phymatosorus_scolopendria",26,"#N/A","Phymatosorus_scolopendria","Tree","","","","","","","","","","","","","","","","","",""
"9","Barringtonia_asiatica",27,"#N/A","Barringtonia_asiatica","Tree","","","","","","","","","","","","","","","","","",""
"10","Guettarda_speciosa",28,"#N/A","Guettarda_speciosa","Tree","","","","","","","","","","","","","","","","","",""
"11","Ochrosia_oppositifolia",29,"#N/A","Ochrosia_oppositifolia","Tree","","","","","","","","","","","","","","","","","",""
"12","Calophyllum_inophyllum",30,"#N/A","Calophyllum_inophyllum","Tree","","","","","","","","","","","","","","","","","",""
"13","Triumfetta_procumbens",31,"#N/A","Triumfetta_procumbens","Vine","","","","","","","","","","","","","","","","","",""
"14","Coccoloba_uvifera",32,"#N/A","Coccoloba_uvifera","Tree","","","","","","","","","","","","","","","","","",""
"15","Cyperus_spp.",33,"#N/A","Cyperus_spp.","Grass","","","","","","","","","","","","","","","","","",""
"16","Fimbristylis_atollensis",34,"#N/A","Fimbristylis_atollensis","Grass","","","","","","","","","","","","","","","","","",""
"17","Lepturus_repens",35,"#N/A","Lepturus_repens","Grass","","","","","","","","","","","","","","","","","",""
"18","Laportea_ruderalis",36,"#N/A","Laportea_ruderalis","Herb","","","","","","","","","","","","","","","","","",""
"19","Asplenium_nidus",37,"#N/A","Asplenium_nidus","Fern","","","","","","","","","","","","","","","","","",""
"20","Neophrolepis_hirsutula",38,"#N/A","Neophrolepis_hirsutula","Fern","","","","","","","","","","","","","","","","","",""
"21","Cordia_subcordata",39,"#N/A","Cordia_subcordata","Tree","","","","","","","","","","","","","","","","","",""
"22","Premna_serratifolia",40,"#N/A","Premna_serratifolia","Tree","","","","","","","","","","","","","","","","","",""
"23","Pilea_microphylla",41,"#N/A","Pilea_microphylla","Herb","","","","","","","","","","","","","","","","","",""
"24","Epipremnum_aureun",42,"#N/A","Epipremnum_aureun","Vine","","","","","","","","","","","","","","","","","",""
"25","Boerhavia_tetrandra",43,"#N/A","Boerhavia_tetrandra","Herb","","","","","","","","","","","","","","","","","",""
"26","Spermacoce assurgens",44,"#N/A","Spermacoce assurgens","Forb","","","","","","","","","","","","","","","","","",""
"27","Euphorbia_spp.",45,"#N/A","Euphorbia_spp.","Herb","","","","","","","","","","","","","","","","","",""
"28","Digittaria_spp",46,"#N/A","Digittaria_spp","Grass","","","","","","","","","","","","","","","","","",""
"29","Pluchea_spp",47,"#N/A","Pluchea_spp","Shrub","","","","","","","","","","","","","","","","","",""
"30","Hernandia_sonora",48,"#N/A","Hernandia_sonora","Tree","","","","","","","","","","","","","","","","","",""
"31","Portulaca_oleracea",49,"#N/A","Portulaca_oleracea","Forb","","","","","","","","","","","","","","","","","",""
"32","Sporobolus_indicus",50,"#N/A","Sporobolus_indicus","Grass","","","","","","","","","","","","","","","","","",""
"33","Paspalum_fimbriatum",51,"#N/A","Paspalum_fimbriatum","Grass","","","","","","","","","","","","","","","","","",""
"34","Soil_Bacteria",52,"#N/A","Soil_Bacteria","Bacteria","","","","","","","","","","","","","","","","","",""
"35","Soil_Eukarya",53,"#N/A","Soil_Eukarya","Eukarya","","","","","","","","","","","","","","","","","",""
"36","Saprophytic_fungi",54,"#N/A","Saprophytic_fungi","Fungi","","","","","","","","","","","","","","","","","",""
"37","Mycorrhizae",55,"#N/A","Mycorrhizae","Fungi","","","","","","","","","","","","","","","","","",""
"38","Endophytic_fungi",56,"#N/A","Endophytic_fungi","Fungi","","","","","","","","","","","","","","","","","",""
"39","Black_smut_fungus",57,"#N/A","Black_smut_fungus","Fungi","","","","","","","","","","","","","","","","","",""
"40","Amblyseius_sp_1",58,"#N/A","Amblyseius_sp_1","Acari","Heather_Proctor","","Not_submitted","Taxonomist","Arthropoda","Chelicerata","Acari","","","","","","","","","","",""
"41","Asca_sp_1",59,"#N/A","Asca_sp_1","Acari","Heather_Proctor","","Not_submitted","Taxonomist","Arthropoda","Chelicerata","Acari","","","","","","","","","","",""
"42","Bdellidae_sp_1",60,"#N/A","Bdellidae_sp_1","Acari","Heather_Proctor","","Not_submitted","Taxonomist","Arthropoda","Chelicerata","Acari","","","","","","","","","","",""
"43","Brachypylina_sp_1",61,"#N/A","Brachypylina_sp_1","Acari","Heather_Proctor","","Not_submitted","Taxonomist","Arthropoda","Chelicerata","Acari","","","","","","","","","","",""
"44","Brachypylina_sp_2",62,"#N/A","Brachypylina_sp_2","Acari","Heather_Proctor","","Not_submitted","Taxonomist","Arthropoda","Chelicerata","Acari","","","","","","","","","","",""
"45","Brachypylina_sp_3",63,"#N/A","Brachypylina_sp_3","Acari","Heather_Proctor","","Not_submitted","Taxonomist","Arthropoda","Chelicerata","Acari","","","","","","","","","","",""
"46","Brachypylina_sp_4",64,"#N/A","Brachypylina_sp_4","Acari","Heather_Proctor","","Not_submitted","Taxonomist","Arthropoda","Chelicerata","Acari","","","","","","","","","","",""
"47","Carabodidae_maybe_sp_2",65,"#N/A","Carabodidae_maybe_sp_2","Acari","Heather_Proctor","","Not_submitted","Taxonomist","Arthropoda","Chelicerata","Acari","","","","","","","","","","",""
"48","Carabodidae_sp_1",66,"#N/A","Carabodidae_sp_1","Acari","Heather_Proctor","","Not_submitted","Taxonomist","Arthropoda","Chelicerata","Acari","","","","","","","","","","",""
"49","Cheyletidae_sp_1",67,"#N/A","Cheyletidae_sp_1","Acari","Heather_Proctor","","Not_submitted","Taxonomist","Arthropoda","Chelicerata","Acari","","","","","","","","","","",""
"50","Erythracaridae_sp_1",68,"#N/A","Erythracaridae_sp_1","Acari","Heather_Proctor","","Not_submitted","Taxonomist","Arthropoda","Chelicerata","Acari","","","","","","","","","","",""
"51","Eupodidae_sp_1",69,"#N/A","Eupodidae_sp_1","Acari","Heather_Proctor","","Not_submitted","Taxonomist","Arthropoda","Chelicerata","Acari","","","","","","","","","","",""
"52","Galumnidae_spp",70,"#N/A","Galumnidae_spp","Acari","Heather_Proctor","","Not_submitted","Taxonomist","Arthropoda","Chelicerata","Acari","","","","","","","","","","",""
"53","Hemileiidae_sp_1",71,"#N/A","Hemileiidae_sp_1","Acari","Heather_Proctor","","Not_submitted","Taxonomist","Arthropoda","Chelicerata","Acari","","","","","","","","","","",""
"54","Lohmaniidae_sp_1",72,"#N/A","Lohmaniidae_sp_1","Acari","Heather_Proctor","","Not_submitted","Taxonomist","Arthropoda","Chelicerata","Acari","","","","","","","","","","",""
"55","Okiseius_sp_1",73,"#N/A","Okiseius_sp_1","Acari","Heather_Proctor","","Not_submitted","Taxonomist","Arthropoda","Chelicerata","Acari","","","","","","","","","","",""
"56","Orbatida_sp_1",74,"#N/A","Orbatida_sp_1","Acari","Heather_Proctor","","Not_submitted","Taxonomist","Arthropoda","Chelicerata","Acari","","","","","","","","","","",""
"57","Oribotritiidae_sp_1",75,"#N/A","Oribotritiidae_sp_1","Acari","Heather_Proctor","","Not_submitted","Taxonomist","Arthropoda","Chelicerata","Acari","","","","","","","","","","",""
"58","Oripodoidea_sp_1",76,"#N/A","Oripodoidea_sp_1","Acari","Heather_Proctor","","Not_submitted","Taxonomist","Arthropoda","Chelicerata","Acari","","","","","","","","","","",""
"59","Oripodoidea_sp_2",77,"#N/A","Oripodoidea_sp_2","Acari","Heather_Proctor","","Not_submitted","Taxonomist","Arthropoda","Chelicerata","Acari","","","","","","","","","","",""
"60","Phytoseiidae_sp_1",78,"#N/A","Phytoseiidae_sp_1","Acari","Heather_Proctor","","Not_submitted","Taxonomist","Arthropoda","Chelicerata","Acari","","","","","","","","","","",""
"61","Phytoseius_sp_1",79,"#N/A","Phytoseius_sp_1","Acari","Heather_Proctor","","Not_submitted","Taxonomist","Arthropoda","Chelicerata","Acari","","","","","","","","","","",""
"62","Scapheremaeus_sp_1",80,"#N/A","Scapheremaeus_sp_1","Acari","Heather_Proctor","","Not_submitted","Taxonomist","Arthropoda","Chelicerata","Acari","","","","","","","","","","",""
"63","Scapheremaeus_sp_2",81,"#N/A","Scapheremaeus_sp_2","Acari","Heather_Proctor","","Not_submitted","Taxonomist","Arthropoda","Chelicerata","Acari","","","","","","","","","","",""
"64","Tetranychidae_sp_1",82,"#N/A","Tetranychidae_sp_1","Acari","Heather_Proctor","","Not_submitted","Taxonomist","Arthropoda","Chelicerata","Acari","","","","","","","","","","",""
"65","Tetranychidae_sp_2",83,"#N/A","Tetranychidae_sp_2","Acari","Heather_Proctor","","Not_submitted","Taxonomist","Arthropoda","Chelicerata","Acari","","","","","","","","","","",""
"66","Trhypochthoniellus_sp_1",84,"#N/A","Trhypochthoniellus_sp_1","Acari","Heather_Proctor","","Not_submitted","Taxonomist","Arthropoda","Chelicerata","Acari","","","","","","","","","","",""
"67","Tuckerella_sp_1",85,"#N/A","Tuckerella_sp_1","Acari","Heather_Proctor","","Not_submitted","Taxonomist","Arthropoda","Chelicerata","Acari","","","","","","","","","","",""
"68","Uropodina_sp_1",86,"#N/A","Uropodina_sp_1","Acari","Heather_Proctor","","Not_submitted","Taxonomist","Arthropoda","Chelicerata","Acari","","","","","","","","","","",""
"69","Uropodoidea_sp_1",87,"#N/A","Uropodoidea_sp_1","Acari","Heather_Proctor","","Not_submitted","Taxonomist","Arthropoda","Chelicerata","Acari","","","","","","","","","","",""
"70","Amphipod_sp_1",88,"1","Amphipod_sp_1","Amphipoda","","","Not_submitted","Taxonomist","Arthropoda","Crustacea","Malacostraca","","","Amphipoda","","","","Talitridae","","","",""
"71","Amphipod_sp_2",89,"1","Amphipod_sp_2","Amphipoda","","","Not_submitted","Taxonomist","Arthropoda","Crustacea","Malacostraca","","","Amphipoda","","","","Talitridae","","","",""
"72","Amynthas_sp_1",90,"1","Amynthas_sp_1","Annelida","","","Compliant","BOLD","Annelida","","Clitellata","Oligochaeta","","Crassiclitellata","","","","Megascolecidae","","Amynthas","sp1",""
"73","Anapidae_sp_1",91,"1","Anapidae_sp_1","Araneae","Nadine_Duperre","","Not_submitted","Taxonomist","Arthropoda","Chelicerata","Arachnida","","","Araneae","","Araneomorphae","","Anapidae","","Anapidae","sp1",""
"74","Coleosoma_floridanum",92,"1","Coleosoma_floridanum","Araneae","Nadine_Duperre","","Not_submitted","Taxonomist","Arthropoda","Chelicerata","Arachnida","","","Araneae","","Araneomorphae","","Theridiidae","","Coleosoma","floridanum",""
"75","Grey_body_spider",93,"1","Grey_body_spider","Araneae","Nadine_Duperre","","Not_submitted","Taxonomist","Arthropoda","Chelicerata","Arachnida","","","Araneae","","Araneomorphae","","","","Grey_body_spider","","probably_a_juvenile_of_another_species"
"76","Hasarius_adansoni",94,"1","Hasarius_adansoni","Araneae","Nadine_Duperre","","Not_submitted","Taxonomist","Arthropoda","Chelicerata","Arachnida","","","Araneae","","Araneomorphae","","Salticidae","","Hasarius","adansoni",""
"77","Holocneminus_piritarsis",96,"1","Holocneminus_piritarsis","Araneae","Nadine_Duperre","","Not_submitted","Taxonomist","Arthropoda","Chelicerata","Arachnida","","","Araneae","","Araneomorphae","","Pholicidae","","Holocneminus","piritarsis",""
"78","Ischnothyreus_velox",97,"1","Ischnothyreus_velox","Araneae","Nadine_Duperre","","Not_submitted","Taxonomist","Arthropoda","Chelicerata","Arachnida","","","Araneae","","Araneomorphae","","Oonopidae","","Ischnothyreus","velox",""
"79","Lined_theridiid",98,"1","Lined_theridiid","Araneae","Nadine_Duperre","","Not_submitted","Taxonomist","Arthropoda","Chelicerata","Arachnida","","","Araneae","","Araneomorphae","","Theridiidae","","Lined_theridiid","",""
"80","Menemerus_bivittatus",99,"1","Menemerus_bivittatus","Araneae","Nadine_Duperre","","Not_submitted","Taxonomist","Arthropoda","Chelicerata","Arachnida","","","Araneae","","Araneomorphae","","Salticidae","","Menemerus","bivittatus",""
"81","Messua_felix",100,"1","Messua_felix","Araneae","Nadine_Duperre","","Not_submitted","Taxonomist","Arthropoda","Chelicerata","Arachnida","","","Araneae","","Araneomorphae","","Salticidae","","Messua","felix",""
"82","Neoscona_theisi",101,"1","Neoscona_theisi","Araneae","Nadine_Duperre","","Not_submitted","Taxonomist","Arthropoda","Chelicerata","Arachnida","","","Araneae","","Araneomorphae","","Araneidae","","Neoscona","theisi",""
"83","Nesticodes_rufipes",102,"1","Nesticodes_rufipes","Araneae","Nadine_Duperre","","Not_submitted","Taxonomist","Arthropoda","Chelicerata","Arachnida","","","Araneae","","Araneomorphae","","Theridiidae","","Nesticodes","rufipes","ID_still_tentative"
"84","Opopaea_deserticola",103,"1","Opopaea_deserticola","Araneae","Nadine_Duperre","","Not_submitted","Taxonomist","Arthropoda","Chelicerata","Arachnida","","","Araneae","","Araneomorphae","","Oonopidae","","Opopaea","deserticola",""
"85","Oonopidae_sp_1",104,"1","Oonopidae_sp_1","Araneae","Nadine_Duperre","","Not_submitted","Taxonomist","Arthropoda","Chelicerata","Arachnida","","","Araneae","","Araneomorphae","","Oonopidae","","","",""
"86","Orchestina_sp_1",105,"1","Orchestina_sp_1","Araneae","Nadine_Duperre","","Not_submitted","Taxonomist","Arthropoda","Chelicerata","Arachnida","","","Araneae","","Araneomorphae","","Oonopidae","","Orchestina","sp1",""
"87","Phintella_versicolor",106,"1","Phintella_versicolor","Araneae","Nadine_Duperre","","Not_submitted","Taxonomist","Arthropoda","Chelicerata","Arachnida","","","Araneae","","Araneomorphae","","Salticidae","","Phintella","versicolor",""
"88","Plexippus_paykulli",107,"1","Plexippus_paykulli","Araneae","Nadine_Duperre","","Not_submitted","Taxonomist","Arthropoda","Chelicerata","Arachnida","","","Araneae","","Araneomorphae","","Salticidae","","Plexippus","paykulli",""
"89","Scytodes_longipes",108,"1","Scytodes_longipes","Araneae","Nadine_Duperre","","Not_submitted","Taxonomist","Arthropoda","Chelicerata","Arachnida","","","Araneae","","Araneomorphae","","Scytotidae","","Scytodes","longipes",""
"90","Scytodes_sp_2",109,"1","Scytodes_sp_2","Araneae","Nadine_Duperre","","Not_submitted","Taxonomist","Arthropoda","Chelicerata","Arachnida","","","Araneae","","Araneomorphae","","Scytotidae","","Scytodes","sp2",""
"91","Smeringopus_pallidus",110,"1","Smeringopus_pallidus","Araneae","","","","","Arthropoda","Chelicerata","Arachnida","","","Araneae","","Araneomorphae","","Pholicidae","","Smeringopus","pallidus",""
"92","Blattella_germanica",111,"1","Blattella_germanica","Blattodea","Robin_Victarino","","Not_submitted","Taxonomist","Arthropoda","Hexapoda","Insecta","","","Blattodea","","","","Ectobiidae","","Blattella","germanica",""
"93","Diploptera_punctata",112,"1","Diplopera_punctata","Blattodea","Robin_Victarino","","Not_compliant","Taxonomist","Arthropoda","Hexapoda","Insecta","","","Blattodea","","","Blaberoidea","Blaberidae","Diplopterinae","Diploptera","punctata",""
"94","Margattea_sp_1",113,"#N/A","Margattea_sp_1","Blattodea","Robin_Victarino","","Not_submitted","Taxonomist","Arthropoda","Hexapoda","Insecta","","","Blattodea","","","","Ectobiidae","Pseudophyllodromiinae","Margattea","sp_1",""
"95","Megamareta_sp_1",114,"1","Megamareta_sp_1","Blattodea","Robin_Victarino","Golden_cockroach","Compliant","BOLD confirmed","Arthropoda","Hexapoda","Insecta","","","Blattodea","","","","Ectobiidae","Pseudophyllodromiinae","Megamareta","sp_1",""
"96","Megamareta_skinny",115,"1","Megamareta_skinny","Blattodea","Robin_Victarino","","","","Arthropoda","Hexapoda","Insecta","","","Blattodea","","","","Ectobiidae","","Megamareta_skinny","",""
"97","Onchostylus_notulatus",116,"1","Onchostylus_notulatus","Blattodea","Robin_Victarino","","Not_submitted","Taxonomist","Arthropoda","Hexapoda","Insecta","","","Blattodea","","","","Ectobiidae","Pseudophyllodromiinae","Onchostylus","notulatus",""
"98","Periplaneta_americana",117,"1","Periplanata_americana","Blattodea","Robin_Victarino","","Compliant","BOLD confirmed","Arthropoda","Hexapoda","Insecta","","","Blattodea","","","Blattoidea","Blattidae","","Periplanata","americana",""
"99","Periplaneta_australasiae",118,"1","Periplanata_australasiae","Blattodea","Robin_Victarino","","Compliant","BOLD confirmed","Arthropoda","Hexapoda","Insecta","","","Blattodea","","","Blattoidea","Blattidae","","Periplanata","australasiae",""
"100","Pycnoscelus_surinamensis",119,"1","Pycnoscelus_surinamensis","Blattodea","Robin_Victarino","","Compliant","BOLD confirmed","Arthropoda","Hexapoda","Insecta","","","Blattodea","","","Blaberoidea","Blaberidae","Pycnoscelinae","Pycnoscelus","surinamensis",""
"101","Small_hairy_cockroach",120,"1","Small_hairy_cockroach","Blattodea","Robin_Victarino","Small_hairy_cockroach","Not_submitted","Taxonomist","Arthropoda","Hexapoda","Insecta","","","Blattodea","","","","","","Small_hairy_cockroach","",""
"102","Supella_longipalpa",121,"#N/A","Supella_longipalpa","Blattodea","Robin_Victarino","","Not_submitted","Taxonomist","Arthropoda","Hexapoda","Insecta","","","Blattodea","","","","Ectobiidae","Pseudophyllodromiinae","Supella","longipalpa",""
"103","Albino_centipede",122,"1","Albino_centipede","Chilopoda","","","Not_submitted","Taxonomist","Arthropoda","Myriapoda","Chilopoda","","","","","","","Schendylida","","Albino_centipede","sp_1",""
"104","Mecistocephalus_sp_1",123,"1","Mecistocephalus_sp_1","Chilopoda","","","Not_submitted","Taxonomist","Arthropoda","Myriapoda","Chilopoda","","","Geophilomorpha","","","","Mecistocephalidae","","Mecistocephalus","sp_1",""
"105","Hemidactylus_frenatus",124,"#N/A","Hemidactylus_frenatus","Chordata","","","Not_submitted","Taxonomist","Chordata","","Reptilia","","","Squamata","","","","Gekkonidae","Gekkoninae","Hemidactylus","frenatus",""
"106","Lepidodactylus_legubris",125,"#N/A","Lepidodactylus_legubris","Chordata","","","Not_submitted","Taxonomist","Chordata","","Reptilia","","","Squamata","","","","Gekkonidae","Gekkoninae","Lepidodactylus","legubris",""
"107","Lepidodactylus_sp_nov",126,"#N/A","Lepidodactylus_sp_nov","Chordata","","","Not_submitted","Taxonomist","Chordata","","Reptilia","","","Squamata","","","","Gekkonidae","Gekkoninae","Lepidodactylus","sp_nov",""
"108","Rattus_rattus",127,"#N/A","Rattus_rattus","Chordata","","","Not_submitted","Taxonomist","Chordata","","Mammalia","","","Rodentia","","","","Muridae","","Rattus","rattus",""
"109","Dysmicoccus_brevipes",128,"1","Dysmicoccus_brevipes","Coccoidea","","","","","Arthropoda","Hexapoda","Insecta","","","Hemiptera","Sternorrhyncha","","Coccoidea","Pseudococcidae","","Dysmicoccus","brevipes",""
"110","Dysmicoccus_neobrevipes",129,"1","Dysmicoccus_neobrevipes","Coccoidea","","","","","Arthropoda","Hexapoda","Insecta","","","Hemiptera","Sternorrhyncha","","Coccoidea","Pseudococcidae","","Dysmicoccus","neobrevipes",""
"111","Ferrisia_virgata",130,"1","Ferrisia_virgata","Coccoidea","","","","","Arthropoda","Hexapoda","Insecta","","","Hemiptera","Sternorrhyncha","","Coccoidea","Pseudococcidae","","Ferrisia","virgata",""
"112","Icerya_purchasi",131,"1","Icerya_purchasi","Coccoidea","","","","","Arthropoda","Hexapoda","Insecta","","","Hemiptera","Sternorrhyncha","","Coccoidea","","","Icerya_purchase","",""
"113","Planococcus_citri",132,"1","Planococcus_citri","Coccoidea","","","","","Arthropoda","Hexapoda","Insecta","","","Hemiptera","Sternorrhyncha","","Coccoidea","Pseudococcidae","","Planococcus","citri",""
"114","Pulvinaria_urbicola",133,"1","Pulvinaria_urbicola","Coccoidea","","","Compliant","","Arthropoda","Hexapoda","Insecta","","","Hemiptera","Sternorrhyncha","","Coccoidea","Coccidae","","Pulvinaria","urbicola",""
"115","Abraeomorphus_atomarius",134,"1","Abraeomorphus_atomarius","Coleoptera","Matthew_Gimmel","","Not_submitted","Taxonomist","Arthropoda","Hexapoda","Insecta","","","Coleoptera","","","Histeroidea","Histeridae","","Abraeomorphus","atomarius",""
"116","Aderidae_sp_1",135,"1","Aderidae_sp_1","Coleoptera","Matthew_Gimmel","","Compliant","Taxonomist","Arthropoda","Hexapoda","Insecta","","","Coleoptera","","","","Aderidae","","Aderidae_sp","Aderidae_sp",""
"117","Anthicus_oceanicus",136,"1","Anthicus_oceanicus","Coleoptera","Matthew_Gimmel","","Compliant","BOLD confirmed","Arthropoda","Hexapoda","Insecta","","","Coleoptera","Polyphaga","Cucujiformia","Tenebrionoidea","Anthicidae","","Anthicus_oceanicus","Anthicus_oceanicus",""
"118","Araecerus_vieillardi",137,"1","Araecerus_vieillardi","Coleoptera","Matthew_Gimmel","","Compliant","BOLD confirmed","Arthropoda","Hexapoda","Insecta","","","Coleoptera","Polyphaga","Cucujiformia","Curculionidea","Anthribidae","","Araecerus_vieillardi","Araecerus_vieillardi",""
"119","Brown_Aleocharinae",138,"1","Brown_Aleocharinae","Coleoptera","","","","","Arthropoda","Hexapoda","Insecta","","","Coleoptera","Polyphaga","Staphyliniformia","Staphylinoidea","Staphylinidae","Aleocharinae","","",""
"120","Ceresium_unicolor",139,"1","Ceresium_unicolor","Coleoptera","","","Compliant","BOLD confirmed","Arthropoda","Hexapoda","Insecta","","","Coleoptera","Polyphaga","Cucujiformia","Chrsyomeloidea","Cerambycidae","Cerambycinae","Ceresium","unicolor",""
"121","Conoderus_pallipes",141,"1","Conoderus_pallipes","Coleoptera","Matthew_Gimmel","","Not_compliant","Taxonomist","Arthropoda","Hexapoda","Insecta","","","Coleoptera","Polyphaga","","","Elatridae","Agrypninae","Conoderus","pallipes",""
"122","Coelophora_inaequalis",142,"1","Coelophora_inaequalis","Coleoptera","","","","","Arthropoda","Hexapoda","Insecta","","","Coleoptera","Polyphaga","Cucujiformia","Coccinelloidea","Coccinellidae","","Coelophora","ineaqualis",""
"123","Cossoninae_sp_1",143,"#N/A","Cossoninae_sp_1","Coleoptera","Robert_Anderson","","Not_submitted","Taxonomist","Arthropoda","Hexapoda","Insecta","","","Coleoptera","Polyphaga","Cucujiformia","Curculionidea","Curculionidae","Cossoninae","Cossoninae_sp1","Cossoninae_sp1",""
"124","Cossoninae_sp_2",144,"1","Cossoninae_sp_2","Coleoptera","Robert_Anderson","","Not_compliant","Taxonomist","Arthropoda","Hexapoda","Insecta","","","Coleoptera","Polyphaga","Cucujiformia","Curculionidea","Curculionidae","Cossoninae","Cossoninae_sp2","Cossoninae_sp2",""
"125","Cossoninae_sp_3",145,"1","Cossoninae_sp_3","Coleoptera","Robert_Anderson","","Not_compliant","Taxonomist","Arthropoda","Hexapoda","Insecta","","","Coleoptera","Polyphaga","Cucujiformia","Curculionidea","Curculionidae","Cossoninae","Cossoninae_sp3","Cossoninae_sp3",""
"126","Cossoninae_sp_4",146,"1","Cossoninae_sp_4","Coleoptera","Robert_Anderson","","Not_compliant","Taxonomist","Arthropoda","Hexapoda","Insecta","","","Coleoptera","Polyphaga","Cucujiformia","Curculionidea","Curculionidae","Cossoninae","Cossoninae_sp4","Cossoninae_sp4",""
"127","Cossoninae_sp_5",147,"1","Cossoninae_sp_5","Coleoptera","Robert_Anderson","","Compliant","Taxonomist","Arthropoda","Hexapoda","Insecta","","","Coleoptera","Polyphaga","Cucujiformia","Curculionidea","Curculionidae","Cossoninae","Cossoninae_sp5","Cossoninae_sp5",""
"128","Cossoninae_sp_6",148,"#N/A","Cossoninae_sp_6","Coleoptera","Robert_Anderson","","Not_submitted","Taxonomist","Arthropoda","Hexapoda","Insecta","","","Coleoptera","Polyphaga","Cucujiformia","Curculionidea","Curculionidae","Cossoninae","Cossoninae_sp6","Cossoninae_sp6",""
"129","Curculioninae_sp_1",149,"1","Curculioninae_sp_1","Coleoptera","Robert_Anderson","","Not_submitted","Taxonomist","Arthropoda","Hexapoda","Insecta","","","Coleoptera","Polyphaga","Cucujiformia","Curculionidea","Curculionidae","Curculioninae","Curculioninae_sp1","Curculioninae_sp1",""
"130","Curinus_coeruleus",150,"1","Curinus_coeruleus","Coleoptera","Matthew_Gimmel","","Not_submitted","Taxonomist","Arthropoda","Hexapoda","Insecta","","","Coleoptera","Polyphaga","Cucujiformia","Coccinelloidea","Coccinellidae","Chilocorinae","Curinus_coeruleus","Curinus_coeruleus",""
"131","Dactylosternum_abdominale",151,"1","Dactylosternum_abdominale","Coleoptera","Matthew_Gimmel","","Not_submitted","Taxonomist","Arthropoda","Hexapoda","Insecta","","","Coleoptera","Polyphaga","Staphyliniformia","Hydrophiloidea","Hyrdrophilidae","","Dactylosternum_abdominale","Dactylosternum_abdominale",""
"132","Derolathrus_atomus",152,"1","Derolathrus_atomus","Coleoptera","Matthew_Gimmel","","Compliant","Taxonomist","Arthropoda","Hexapoda","Insecta","","","Coleoptera","","","","Jacobsoniidae","","Derolathrus_atomus","Derolathrus_atomus",""
"133","Dermestidae_sp_1",153,"1","Dermestidae","Coleoptera","","","","","Arthropoda","Hexapoda","Insecta","","","Coleoptera","","","","Dermestidae","","","",""
"134","Diocalandra_taitensis",154,"1","Diocalandra_taitensis","Coleoptera","Robert_Anderson","","Compliant","Taxonomist","Arthropoda","Hexapoda","Insecta","","","Coleoptera","Polyphaga","Cucujiformia","Curculionidea","Curculionidae","","Diocalandra_taitensis","Diocalandra_taitensis",""
"135","Diomus_notescens",155,"1","Diomus_notescens","Coleoptera","Rachel_Behm","","","","Arthropoda","Hexapoda","Insecta","","","Coleoptera","Polyphaga","Cucujiformia","Coccinelloidea","Coccinellidae","","Diomus","notescens",""
"136","Endynomena_pradieri",156,"1","Endynomena_pradieri","Coleoptera","Matthew_Gimmel","","Error","Taxonomist","Arthropoda","Hexapoda","Insecta","","","Coleoptera","Adephaga","","","Carabidae","","Endynomena_pradieri","Endynomena_pradieri",""
"137","Eobia_bicolor",157,"1","Eobia_bicolor","Coleoptera","Matthew_Gimmel","","Compliant","BOLD confirmed","Arthropoda","Hexapoda","Insecta","","","Coleoptera","Polyphaga","Cucujiformia","Tenebrionoidea","Oedemeridae","","Eobia_bicolor","Eobia_bicolor",""
"138","Eobia_bilineata",158,"1","Eobia_bilineata","Coleoptera","Matthew_Gimmel","","Not_compliant","Taxonomist","Arthropoda","Hexapoda","Insecta","","","Coleoptera","Polyphaga","Cucujiformia","Tenebrionoidea","Oedemeridae","","Eobia_bilineata","Eobia_bilineata",""
"139","Eobia_kanack",159,"1","Eobia_kanack","Coleoptera","Matthew_Gimmel","BOLD ID'ed as Sessinia_livida","Compliant","Taxonomist","Arthropoda","Hexapoda","Insecta","","","Coleoptera","Polyphaga","Cucujiformia","Tenebrionoidea","Oedemeridae","","Eobia_kanack","Eobia_kanack",""
"140","Gloeosoma_sp_1",160,"1","Gloeosoma_sp","Coleoptera","Matthew_Gimmel","","Compliant","BOLD confirmed","Arthropoda","Hexapoda","Insecta","","","Coleoptera","Polyphaga","Cucujiformia","Cucujoidea","Corylophidae","","Gloeosoma","sp1",""
"141","Halmus_chalybeus",161,"1","Halmus_chalybeus","Coleoptera","Matthew_Gimmel","","Compliant","BOLD confirmed","Arthropoda","Hexapoda","Insecta","","","Coleoptera","Polyphaga","Cucujiformia","Coccinelloidea","Coccinellidae","","Halmus","chalybeus",""
"142","Hypothenemus_areccae",162,"1","Hypothenemus_areccae","Coleoptera","Matthew_Gimmel","","Not_compliant","Taxonomist","Arthropoda","Hexapoda","Insecta","","","Coleoptera","Polyphaga","Cucujiformia","Curculionidea","Curculionidae","","Hypothenemus_areccae","Hypothenemus_areccae",""
"143","Hypothenemus_pubescens",163,"1","Hypothenemus_pubescens","Coleoptera","Matthew_Gimmel","","Compliant","Taxonomist","Arthropoda","Hexapoda","Insecta","","","Coleoptera","Polyphaga","Cucujiformia","Curculionidea","Curculionidae","","Hypothenemus_pubescens","Hypothenemus_pubescens",""
"144","Hypothenemus_ruficeps",164,"1","Hypothenemus_ruficeps","Coleoptera","Matthew_Gimmel","","Error","Taxonomist","Arthropoda","Hexapoda","Insecta","","","Coleoptera","Polyphaga","Cucujiformia","Curculionidea","Curculionidae","","Hypothenemus_ruficeps","Hypothenemus_ruficeps",""
"145","Long_elytra_ptilidae",165,"1","Long_elytra_ptilidae","Coleoptera","","","","","Arthropoda","Hexapoda","Insecta","","","Coleoptera","Polyphaga","Staphyliniformia","Staphylinoidea","Ptillidae","","","",""
"146","Mauia_subnotatus",166,"1","Mauia_subnotatus","Coleoptera","Matthew_Gimmel","","Compliant","Taxonomist","Arthropoda","Hexapoda","Insecta","","","Coleoptera","Polyphaga","Cucujiformia","Curculionidea","Anthribidae","","Mauia_subnotatus","Mauia_subnotatus",""
"147","Nephus_roepkei",167,"1","Nephus_roepkei","Coleoptera","Matthew_Gimmel","","Compliant","Taxonomist","Arthropoda","Hexapoda","Insecta","","","Coleoptera","Polyphaga","Cucujiformia","Coccinelloidea","Coccinellidae","","Nephus_roepkei","Nephus_roepkei",""
"148","Orthoperus_aequalis",168,"1","Orthoperus_aequalis","Coleoptera","Matthew_Gimmel","","Not_submitted","Taxonomist","Arthropoda","Hexapoda","Insecta","","","Coleoptera","Polyphaga","Cucujiformia","Cucujoidea","Corylophidae","","Orthoperus_aequalis","Orthoperus_aequalis",""
"149","Oxydema_fusiforme",169,"1","Oxydema_fusforme","Coleoptera","Robert_Anderson","","Compliant","Taxonomist","Arthropoda","Hexapoda","Insecta","","","Coleoptera","Polyphaga","Cucujiformia","Curculionidea","Curculionidae","","Oxydema_fusforme","Oxydema_fusforme",""
"150","Perigonia_nigriceps",170,"1","Perigonia_nigriceps","Coleoptera","","","Not_submitted","Taxonomist","Arthropoda","Hexapoda","Insecta","","","Coleoptera","Adephaga","","","Carabidae","Harpalinae","Perigonia","nigriceps",""
"151","Philonthus_discoideus",171,"1","Philonthus_discoideus","Coleoptera","","","Compliant","Taxonomist","Arthropoda","Hexapoda","Insecta","","","Coleoptera","Polyphaga","Staphyliniformia","Staphylinoidea","Staphylinidae","","Philonthus","discoideus",""
"152","Philothermus_sp_1",172,"1","Philothermus_sp_1","Coleoptera","Matthew_Gimmel","","Compliant","Taxonomist","Arthropoda","Hexapoda","Insecta","","","Coleoptera","Polyphaga","Cucujiformia","Coccinelloidea","Cerlyonidae","Cerlyoninae","Philothermus_sp","Philothermus_sp",""
"153","Cryptamorpha_desjardinsii",173,"1","Cryptamorpha_desjardinsii","Coleoptera","BOLD","Psammoecus_insularis","Compliant","BOLD","Arthropoda","Hexapoda","Insecta","","","Coleoptera","","","","Silvanidae","","Cryptamorhpa","desjardinsii",""
"154","Ptinella_sp_1",174,"1","Ptinella_sp_1","Coleoptera","Matthew_Gimmel","","Contaminated","Taxonomist","Arthropoda","Hexapoda","Insecta","","","Coleoptera","Polyphaga","Staphyliniformia","Staphylinoidea","Ptillidae","","Ptinella_sp","Ptinella_sp",""
"155","Rhyzobius_lophanthae",175,"1","Rhyzobius_lophanthae","Coleoptera","Matthew_Gimmel","","Compliant","Taxonomist","Arthropoda","Hexapoda","Insecta","","","Coleoptera","Polyphaga","Cucujiformia","Coccinelloidea","Coccinellidae","","Rhyzobius_lophanthae","Rhyzobius_lophanthae",""
"156","Saprosites_pygmaeus",176,"1","Saprosites_pygmaeus","Coleoptera","Matthew_Gimmel","","Not_compliant","Taxonomist","Arthropoda","Hexapoda","Insecta","","","Coleoptera","Polyphaga","Scarabaeiformia","Scarabaeoidea","Scarabaeidae","","Saprosites_pygmaeus","Saprosites_pygmaeus",""
"157","Scymnus_sp_1",177,"1","Scymnus_sp_1","Coleoptera","Matthew_Gimmel","","Compliant","Taxonomist","Arthropoda","Hexapoda","Insecta","","","Coleoptera","Polyphaga","Cucujiformia","Coccinelloidea","Coccinellidae","Scymninae","Scymnus_sp","Scymnus_sp",""
"158","Sticholotis_ruficeps",178,"1","Sticholotis_ruficeps","Coleoptera","Matthew_Gimmel","4_spot__lady_bug","Error","Taxonomist","Arthropoda","Hexapoda","Insecta","","","Coleoptera","Polyphaga","Cucujiformia","Coccinelloidea","Coccinellidae","","Sticholotis_ruficeps","Sticholotis_ruficeps",""
"159","Sunius_sp_1",179,"1","Sunius_sp_1","Coleoptera","Matthew_Gimmel","","Not_compliant","Taxonomist","Arthropoda","Hexapoda","Insecta","","","Coleoptera","Polyphaga","Staphyliniformia","Staphylinoidea","Staphylinidae","Paederinae","Sunius_sp","Sunius_sp",""
"160","Sybra_alternans",180,"1","Sybra_alternans","Coleoptera","Matthew_Gimmel","","Compliant","Taxonomist","Arthropoda","Hexapoda","Insecta","","","Coleoptera","Polyphaga","Cucujiformia","Chrsyomeloidea","Cerambycidae","Lamiinae","Sybra_alternans","Sybra_alternans",""
"161","Thesiastes_femoratus",182,"1","Thesiastes_femoratus","Coleoptera","Matthew_Gimmel","","Compliant","Taxonomist","Arthropoda","Hexapoda","Insecta","","","Coleoptera","Polyphaga","Staphyliniformia","Staphylinoidea","Staphylinidae","Psephalinae","Thesiastes_femoratus","Thesiastes_femoratus",""
"162","Trichiorhyssemus_esakii",183,"1","Trichiorhyssemus_esakii","Coleoptera","Matthew_Gimmel","","Not_compliant","Taxonomist","Arthropoda","Hexapoda","Insecta","","","Coleoptera","Polyphaga","Scarabaeiformia","Scarabaeoidea","Scarabaeidae","","Trichiorhyssemus_esakii","Trichiorhyssemus_esakii",""
"163","Urophorus_humeralis",184,"1","Urophorus_humeralis","Coleoptera","Matthew_Gimmel","","Compliant","Taxonomist","Arthropoda","Hexapoda","Insecta","","","Coleoptera","Polyphaga","Cucujiformia","Cucujoidea","Nitidulidae","Carpophilinae","Urophorus_humeralis","Urophorus_humeralis",""
"164","Xyleborus_perforans",185,"1","Xyleborus_perforans","Coleoptera","Matthew_Gimmel","","Compliant","BOLD confirmed","Arthropoda","Hexapoda","Insecta","","","Coleoptera","Polyphaga","Cucujiformia","Curculionidea","Curculionidae","Scolytinae","Xyleborus_perforans","Xyleborus_perforans",""
"165","Collembola_Morph_A",186,"1","Collembola_Morph_A","Collembola","Aron_Katz","","Not_submitted","Taxonomist","Arthropoda","Hexapoda","Entognatha","Collembola","","Entomobryomorpha","","","","","","Collembola_Morph_A","",""
"166","Collembola_Morph_B",187,"1","Collembola_Morph_B","Collembola","Aron_Katz","","Not_submitted","Taxonomist","Arthropoda","Hexapoda","Entognatha","Collembola","","Entomobryomorpha","","Poduromorpha","","","","Collembola_Morph_B","",""
"167","Collembola_Morph_C",188,"1","Collembola_Morph_C","Collembola","Aron_Katz","","Not_submitted","Taxonomist","Arthropoda","Hexapoda","Entognatha","Collembola","","Entomobryomorpha","","","","","","Collembola_Morph_C","",""
"168","Collembola_Morph_D",189,"1","Collembola_Morph_D","Collembola","Aron_Katz","Collembola_Morph_G","Not_submitted","Taxonomist","Arthropoda","Hexapoda","Entognatha","Collembola","","Poduromorpha","","","","","","Collembola_Morph_D","",""
"169","Collembola_Morph_F",190,"1","Collembola_Morph_F","Collembola","Aron_Katz","","Not_submitted","Taxonomist","Arthropoda","Hexapoda","Entognatha","Collembola","","Entomobryomorpha","","","","","","Collembola_Morph_F","",""
"170","Collembola_Morph_H",191,"1","Collembola_Morph_H","Collembola","Aron_Katz","Morph O","Not_submitted","Taxonomist","Arthropoda","Hexapoda","Entognatha","Collembola","","Entomobryomorpha","","","","","","Collembola_Morph_H","",""
"171","Collembola_Morph_L",192,"1","Collembola_Morph_L","Collembola","Aron_Katz","Morph N","Not_submitted","Taxonomist","Arthropoda","Hexapoda","Entognatha","Collembola","","Poduromorpha","","","","","","Collembola_Morph_L","",""
"172","Collembola_Morph_M",193,"1","Collembola_Morph_M","Collembola","Aron_Katz","","Not_submitted","Taxonomist","Arthropoda","Hexapoda","Entognatha","Collembola","","Entomobryomorpha","","","","","","Collembola_Morph_M","",""
"173","Collembola_Morph_P",194,"1","Collembola_Morph_P","Collembola","Aron_Katz","","Not_submitted","Taxonomist","Arthropoda","Hexapoda","Entognatha","Collembola","","Poduromorpha","","","","","","Collembola_Morph_P","",""
"174","Collembola_Morph_Q",195,"1","Collembola_Morph_Q","Collembola","Aron_Katz","","Not_submitted","Taxonomist","Arthropoda","Hexapoda","Entognatha","Collembola","","Poduromorpha","","","","","","Collembola_Morph_Q","",""
"175","Collembola_Morph_S",196,"1","Collembola_Morph_S","Collembola","Aron_Katz","","Not_submitted","Taxonomist","Arthropoda","Hexapoda","Entognatha","Collembola","","Poduromorpha","","","","","","Collembola_Morph_S","",""
"176","Collembola_Morph_E",197,"1","Collembola_Morph_E","Collembola","Aron_Katz","Morph I, J, K, E","Not_submitted","Taxonomist","Arthropoda","Hexapoda","Entognatha","Collembola","","Poduromorpha","","","","","","Collembola_Morph_E","",""
"177","Symphypleona_Blue",198,"1","Symphypleona_Blue","Collembola","Aron_Katz","","Not_submitted","Taxonomist","Arthropoda","Hexapoda","Entognatha","Collembola","","Symphypleona","","","","","","Symphypleona_Blue","",""
"178","Symphypleona_Pink",199,"1","Symphypleona_Pink","Collembola","Aron_Katz","","Not_submitted","Taxonomist","Arthropoda","Hexapoda","Entognatha","Collembola","","Symphypleona","","","","","","Symphypleona_Pink","",""
"179","Symphypleona_Striped",200,"1","Symphypleona_Striped","Collembola","Aron_Katz","","Not_submitted","Taxonomist","Arthropoda","Hexapoda","Entognatha","Collembola","","Symphypleona","","","","","","Symphypleona_Striped","",""
"180","Birgus_latro",201,"#N/A","Birgus_latro","Decapoda","","","Not_submitted","Taxonomist","Arthropoda","Crustacea","Malacostraca","","","Decapoda","","Anomura","Paguroidea","Coenobitidae","","Birgus","latro",""
"181","Cardisoma_carnifex",202,"#N/A","Cardisoma_carnifex","Decapoda","","","Not_submitted","Taxonomist","Arthropoda","Crustacea","Malacostraca","","","Decapoda","","Brachyura","","Gecarcinidae","","Cardisoma","carnifex",""
"182","Chiromantes_sp_1",203,"#N/A","Chiromantes_sp_1","Decapoda","John_Hoover","","Not_submitted","Taxonomist","Arthropoda","Crustacea","Malacostraca","","","Decapoda","","Brachyura","","Sesarmidae","","Chiromantes","sp1",""
"183","Coenobita_brevimanus",204,"#N/A","Coenobita_brevimanus","Decapoda","","","Not_submitted","Taxonomist","Arthropoda","Crustacea","Malacostraca","","","Decapoda","","Anomura","Paguroidea","Coenobitidae","","Coenobita","brevimanus",""
"184","Coenobita_perlatus",205,"#N/A","Coenobita_perlatus","Decapoda","","","Not_submitted","Taxonomist","Arthropoda","Crustacea","Malacostraca","","","Decapoda","","Anomura","Paguroidea","Coenobitidae","","Coenobita","perlatus",""
"185","Geograpsus_crinipes",206,"#N/A","Geograpsus_crinipes","Decapoda","","","Not_submitted","Taxonomist","Arthropoda","Crustacea","Malacostraca","","","Decapoda","","Brachyura","","Grapsidae","","Geograpsus","crinipes",""
"186","Geograpsus_grayi",207,"#N/A","Geograpsus_grayi","Decapoda","","","Not_submitted","Taxonomist","Arthropoda","Crustacea","Malacostraca","","","Decapoda","","Brachyura","","Grapsidae","","Geograpsus","grayi",""
"187","Geograpsus_stormi",208,"#N/A","Geograpsus_stormi","Decapoda","","","Not_submitted","Taxonomist","Arthropoda","Crustacea","Malacostraca","","","Decapoda","","Brachyura","","Grapsidae","","Geograpsus","stormi",""
"188","Grapsus_grapsus_tenuicrustatus",209,"#N/A","Grapsus_grapsus_tenuicrustatus","Decapoda","","","Not_submitted","Taxonomist","Arthropoda","Crustacea","Malacostraca","","","Decapoda","","Brachyura","","Grapsidae","","Grapsus","grapsus_tenuicrustatus",""
"189","Ocypode_ceratophthalma",210,"#N/A","Ocypode_ceratophthalma","Decapoda","","","Not_submitted","Taxonomist","Arthropoda","Crustacea","Malacostraca","Eumalacostraca","","Decapoda","Pleocyemata","Brachyura","Ocypodoidea","Ocypodidae","","Ocypode","ceratophthalma",""
"190","Ocypode_cordimanus",211,"#N/A","Ocypode_cordimanus","Decapoda","","","Not_submitted","Taxonomist","Arthropoda","Crustacea","Malacostraca","Eumalacostraca","","Decapoda","Pleocyemata","Brachyura","Ocypodoidea","Ocypodidae","","Ocypode","cordimanus",""
"191","Tuerkayana_rotundum",212,"#N/A","Tuerkayana_rotundum","Decapoda","John_Hoover","","Not_submitted","Taxonomist","Arthropoda","Crustacea","Malacostraca","","","Decapoda","","Brachyura","","Gecarcinidae","","Tuerkayana","rotundum",""
"192","Uca_tetragonum",213,"#N/A","Uca_tetragonum","Decapoda","","","Not_submitted","Taxonomist","Arthropoda","Crustacea","Malacostraca","Eumalacostraca","","Decapoda","Pleocyemata","Brachyura","Ocypodoidea","Ocypodidae","Ucinea","Uca","tetragonum",""
"193","Euborellia_annulipes",214,"1","Euborellia_annulipes","Dermaptera","John McLaughlin","","Compliant","Taxonomist","Arthropoda","Hexapoda","Insecta","","","Dermaptera","","","","Anisolabididae","","Euborellia","annulipes",""
"194","Winged_dermaptera",215,"1","Winged_dermaptera","Dermaptera","","","Not_submitted","Taxonomist","Arthropoda","Hexapoda","Insecta","","","Dermaptera","","","","Anisolabididae","","Winged_dermaptera","",""
"195","Pale_dicellurata",216,"1","Pale_dicellurata","Dicellurata","","","Not_submitted","Taxonomist","Arthropoda","Hexapoda","Entognatha","","","Diplura","Dicellurata","","","Japygidae","Parajapyginae","Parajapyx","isabellae",""
"196","Aschistodesmini_sp_1",217,"1","Aschistodesmini_sp_1","Diplopoda","","","Not_submitted","Taxonomist","Arthropoda","Myriapoda","Diplopoda","Chilognatha","","Polydesmida","Strongylosomatidea","","","Paradoxosomatidae","Australiosomatinae","Aschistodesmini","sp",""
"197","Trigoniulus_corallinus",218,"1","Trigoniulus_corallinus","Diplopoda","","","Not_submitted","Taxonomist","Arthropoda","Myriapoda","Diplopoda","","","Spirobolida","","","","Trigoniulidae","","Trigoniulus","corallinus",""
"198","Aedes_albopictus",219,"#N/A","Aedes_albopictus","Diptera","","","Not_submitted","Taxonomist","Arthropoda","Hexapoda","Insecta","","","Diptera","","Culicomorpha","","Culicidae","","Aedes","albopictus",""
"199","Atherigona_orientalis",220,"1","Atherigona_orientalis","Diptera","Matt_Bertone","","Not_submitted","Taxonomist","Arthropoda","Hexapoda","Insecta","Holometabola","","Diptera","Brachycera","Muscomorpha","","Muscidae","Phaoniinae","Atherigona","orientalis",""
"200","Bradysia_sp_1",221,"1","Bradysia_sp_1","Diptera","Matt_Bertone","","Compliant","Taxonomist","Arthropoda","Hexapoda","Insecta","","","Diptera","","Bibionomorpha","Sciariodea","Sciaridae","","Bradysia","sp_1",""
"201","Brown_patterned_nematocera",222,"1","Brown_patterned_nematocera","Diptera","Rachel_Behm","","Not_submitted","Taxonomist","Arthropoda","Hexapoda","Insecta","","","Diptera","","","","","","Brown_patterned_nematocera","",""
"202","Brown_sciaridae",223,"1","Brown_sciaridae","Diptera","Rachel_Behm","","Compliant","Taxonomist","Arthropoda","Hexapoda","Insecta","","","Diptera","","","","Cosmosciara","","Brown_sciaridae","",""
"203","Brown_yellow_dasyhelea_sp_1",224,"1","Brown_yellow_dasyhelea_sp_1","Diptera","Rachel_Behm","","Compliant","Taxonomist","Arthropoda","Hexapoda","Insecta","","","Diptera","","","","Ceratopogonidae","","Brown_yellow_dasyhelea","",""
"204","Cacoxenus_(Gitonides)_perspicax",225,"1","Cacoxenus_(Gitonides)_perspicax","Diptera","Matt_Bertone","","Error","Taxonomist","Arthropoda","Hexapoda","Insecta","","","Diptera","","","","Drosophilidae","","Cacoxenus","perspicax",""
"205","Cadrema_pallida",226,"1","Cadrema_pallida","Diptera","Matt_Bertone","","Compliant","BOLD confirmed","Arthropoda","Hexapoda","Insecta","","","Diptera","","","","Chloropidae","","Cadrema","pallida",""
"206","Cephalochrysa_maxima",227,"1","Cephalochrysa_maxima","Diptera","Matt_Bertone","","Compliant","Taxonomist","Arthropoda","Hexapoda","Insecta","","","Diptera","","","","Stratiomyidae","Sarginae","Cephalochrysa","maxima",""
"207","Chonocephalus_sp_1",228,"1","Chonocephalus_sp_1","Diptera","Matt_Bertone","","Compliant","Taxonomist","Arthropoda","Hexapoda","Insecta","","","Diptera","","","Platypezoidea","Phoridae","Choncocephalinae","Chonocephalus","sp1",""
"208","Chrysosoma_complicatum",229,"1","Chrysosoma_complicatum","Diptera","Matt_Bertone","","Not_compliant","Taxonomist","Arthropoda","Hexapoda","Insecta","","","Diptera","","Asilomorpha","Empidoidea","Dolichopodidae","Sciapodinae","Chrysosoma","complicatum",""
"209","Chrysosoma_megacephala",230,"#N/A","Chrysosoma_megacephala","Diptera","Matt_Bertone","","Not_submitted","Taxonomist","Arthropoda","Hexapoda","Insecta","","","Diptera","","Asilomorpha","Empidoidea","Dolichopodidae","Sciapodinae","Chrysosoma","megacephala",""
"210","Chrysosoma_molestum",231,"1","Chrysosoma_molestum","Diptera","Matt_Bertone","","Not_compliant","Taxonomist","Arthropoda","Hexapoda","Insecta","","","Diptera","","Asilomorpha","Empidoidea","Dolichopodidae","Sciapodinae","Chrysosoma","molestum",""
"211","Chrysotus_cockerellae",232,"1","Chrysotus_cockerellae","Diptera","Matt_Bertone","","Compliant","Taxonomist","Arthropoda","Hexapoda","Insecta","","","Diptera","","Asilomorpha","Empidoidea","Dolichopodidae","","Chrysotus","cockerellae",""
"212","Chrysotus_sp_1",233,"1","Chrysotus_sp_1","Diptera","Matt_Bertone","","Compliant","Taxonomist","Arthropoda","Hexapoda","Insecta","","","Diptera","","Asilomorpha","Empidoidea","Dolichopodidae","","Chrysotus","sp1",""
"213","Chyromyidae_sp_1",234,"#N/A","Chyromyidae_sp_1","Diptera","Rachel_Behm","","","","Arthropoda","Hexapoda","Insecta","","","Diptera","","","","Chyromyidae","","","",""
"214","Clunio_sp_1",235,"1","Clunio_sp_1","Diptera","Matt_Bertone","","Error","Taxonomist","Arthropoda","Hexapoda","Insecta","","","Diptera","Nematocera","Culicomorpha","Chironomoidea","Chironomidae","Orthocladiinae","Clunio","sp1",""
"215","Colobostema_sp_1",236,"#N/A","Colobostema_sp_1","Diptera","Matt_Bertone","","Compliant","Taxonomist","Arthropoda","Hexapoda","Insecta","","","Diptera","Nematocera","Bibionomorpha","","Scatopsidae","","Colobostema","sp1",""
"216","Coquillettomyia_sp_1",237,"#N/A","Coquillettomyia_sp_1","Diptera","Matt_Bertone","","Not_submitted","Taxonomist","Arthropoda","Hexapoda","Insecta","","","Diptera","Nematocera","Bibionomorpha","Sciariodea","Ceciomyiidae","Cecidomyiinae","Coquillettomyia","sp1",""
"217","Culex_quinquefasciatus",238,"1","Culex_quinquefasciatus","Diptera","Rachel_Behm","","Compliant","BOLD confirmed","Arthropoda","Hexapoda","Insecta","","","Diptera","Nematocera","Culicomorpha","","Culicidae","","Culex","quinquefasciatus",""
"218","Dark_brown_acalyptrate",239,"1","Dark_brown_acalyptrate","Diptera","Rachel_Behm","","Not_submitted","Taxonomist","Arthropoda","Hexapoda","Insecta","","","Diptera","","","","","","Dark_brown_acalyptrate","",""
"219","Dasyhelea_sp_1",242,"1","Dasyhelea_sp_1","Diptera","Matt_Bertone","","Compliant","Taxonomist","Arthropoda","Hexapoda","Insecta","","","Diptera","Nematocera","Culicomorpha","","Ceratopogonidae","","Dasyhelea","sp1",""
"220","Dasyrhicnoessa_sp_1",243,"1","Dasyrhicnoessa_sp_1","Diptera","Matt_Bertone","","Compliant","Taxonomist","Arthropoda","Hexapoda","Insecta","","","Diptera","","","","Canacidae","Tethininae","Dasyrhicnoessa_sp","sp1",""
"221","Dasyrhicnoessa_sp_2",244,"1","Dasyrhicnoessa_sp_2","Diptera","Matt_Bertone","","Compliant","Taxonomist","Arthropoda","Hexapoda","Insecta","","","Diptera","","","","Canacidae","Tethininae","Dasyrhicnoessa_sp","sp2",""
"222","Discocerina_sp_1",245,"1","Discocerina_sp","Diptera","Matt_Bertone","","Compliant","Taxonomist","Arthropoda","Hexapoda","Insecta","","","Diptera","","","","Ephydridae","Gymnomyzinae","Discocerina","sp1",""
"223","Dohrniphora_cornuta",246,"1","Dohrniphora_cornuta","Diptera","Matt_Bertone","","Compliant","Taxonomist","Arthropoda","Hexapoda","Insecta","","","Diptera","","","","Phoridae","Phorinae","Dohrniphora","cornuta",""
"224","Drosophila_ananassae",247,"1","Drosophila_ananassae","Diptera","Matt_Bertone","","Not_compliant","Taxonomist","Arthropoda","Hexapoda","Insecta","","","Diptera","","","","Drosophilidae","","Drosophila","ananassae",""
"225","Fannia_pusio",248,"1","Fannia_pusio","Diptera","Matt_Bertone","","Compliant","Taxonomist","Arthropoda","Hexapoda","Insecta","","","Diptera","","Calyptratae","Muscoidea","Fanniidae","","Fannia","pusio",""
"226","Fat_antennae_fly",249,"#N/A","Fat_antennae_fly","Diptera","Rachel_Behm","","","","Arthropoda","Hexapoda","Insecta","","","Diptera","","","","","","","",""
"227","Gaurax_bicoloripes",250,"1","Gaurax_bicoloripes","Diptera","Matt_Bertone","","Compliant","Taxonomist","Arthropoda","Hexapoda","Insecta","","","Diptera","","","","Chloropidae","","Gaurax","bicoloripes",""
"228","Lamprolonchaea_sp_1",251,"1","Lamprolonchaea_sp_1","Diptera","Matt_Bertone","","Compliant","Taxonomist","Arthropoda","Hexapoda","Insecta","","","Diptera","","","Tephritoidea","Lonchaeidae","","Lamprolonchaea","sp",""
"229","Leg_hair_no_dip",252,"1","Leg_hair_no_dip","Diptera","Rachel_Behm","","Not_submitted","Taxonomist","Arthropoda","Hexapoda","Insecta","","","Diptera","","","","","","Leg_hair_no_dip","",""
"230","Leptocera_sp_1",253,"1","Leptocera_sp_1","Diptera","Matt_Bertone","","Not_submitted","Taxonomist","Arthropoda","Hexapoda","Insecta","","","Diptera","","","","Sphaeroceridae","Limosininae","Leptocera","sp1",""
"231","Liriomyza_sativae",254,"1","Liriomyza_sativae","Diptera","Matt_Bertone","","Compliant","BOLD confirmed","Arthropoda","Hexapoda","Insecta","","","Diptera","","","","Agromyzidae","","Liriomyza","sativae",""
"232","Lucilia_sericata",255,"1","Lucilia_sericata","Diptera","Matt_Bertone","","Compliant","Taxonomist","Arthropoda","Hexapoda","Insecta","","","Diptera","","","","Calliphoridae","","Lucilia","sericata",""
"233","Milichiella_lacteipennis",256,"1","Milichiella_lacteipennis","Diptera","Matt_Bertone","","Compliant","Taxonomist","Arthropoda","Hexapoda","Insecta","","","Diptera","","","","Milichiidae","","Milichiella","lacteipennis",""
"234","Nocticanace_marshallensis",257,"1","Nocticanace_marshallensis","Diptera","Matt_Bertone","","Compliant","Taxonomist","Arthropoda","Hexapoda","Insecta","","","Diptera","","","","Canacidae","","Nocticanace","marshallensis",""
"235","Olfesia_aenescens",258,"1","Olfesia_aenescens","Diptera","Rachel_Behm","","Compliant","BOLD confirmed","Arthropoda","Hexapoda","Insecta","","","Diptera","","","","Hippoboscidae","","Olfesia","aenescens",""
"236","Ornithoica_vicina",259,"1","Ornithoica_vicina","Diptera","Rachel_Behm","","Error","Taxonomist","Arthropoda","Hexapoda","Insecta","","","Diptera","","","","Hippoboscidae","","Ornithoica","vicina",""
"237","Orthocladiinae_sp_1",260,"1","Orthocladiinae_sp_1","Diptera","Matt_Bertone","","Not_submitted","Taxonomist","Arthropoda","Hexapoda","Insecta","","","Diptera","","","","Chironomidae","Orthocladiinae","Orthocladiinae","sp1",""
"238","Pale_fringed_wing_fly",261,"1","Pale_fringed_wing_fly","Diptera","Rachel_Behm","","Not_submitted","Taxonomist","Arthropoda","Hexapoda","Insecta","","","Diptera","","","","","","Pale_fringed_wing_fly","",""
"239","Pale_unknown_fly",262,"#N/A","Pale_unknown_fly","Diptera","Rachel_Behm","","Not_submitted","Taxonomist","Arthropoda","Hexapoda","Insecta","","","Diptera","","","","","","Pale_unknown_fly","",""
"240","Pale_yellow_nematocera",263,"1","Pale_yellow_nematocera","Diptera","Rachel_Behm","","Not_submitted","Taxonomist","Arthropoda","Hexapoda","Insecta","","","Diptera","","","","","","Pale_yellow_nematocera","",""
"241","Psectrosciara_sp_1",264,"1","Psectrosciara_sp_1","Diptera","Matt_Bertone","","Compliant","Taxonomist","Arthropoda","Hexapoda","Insecta","","","Diptera","Nematocera","Bibionomorpha","","Scatopsidae","","Psectrosciara","sp1",""
"242","Pseudeuxesta_prima",265,"1","Pseudeuxesta_prima","Diptera","Rachel_Behm","","Compliant","Taxonomist","Arthropoda","Hexapoda","Insecta","","","Diptera","","","","Ulidiidae","","Pseudeuxesta","prima",""
"243","Psychodinae_sp_1",266,"1","Psychodinae_sp_1","Diptera","Matt_Bertone","","Compliant","Taxonomist","Arthropoda","Hexapoda","Insecta","","","Diptera","","","","Psychodidae","Psychodinae","Psychodinae","sp1",""
"244","Rhegmoclema_sp_1",267,"1","Rhegmoclema_sp_1","Diptera","Matt_Bertone","","Compliant","Taxonomist","Arthropoda","Hexapoda","Insecta","","","Diptera","","","","Scatopsidae","","Rhegmoclema","sp1",""
"245","Sarcophaga_gressitti",268,"#N/A","Sarcophaga_gressitti","Diptera","Matt_Bertone","","Not_submitted","Taxonomist","Arthropoda","Hexapoda","Insecta","","","Diptera","","","Oestroidea","Sarcophagidae","Sarcophaginae","Sarcophaga","gressitti",""
"246","Sarcophaga_misera",269,"#N/A","Sarcophaga_misera","Diptera","Matt_Bertone","","Not_submitted","Taxonomist","Arthropoda","Hexapoda","Insecta","","","Diptera","","","Oestroidea","Sarcophagidae","Sarcophaginae","Sarcophaga","misera",""
"247","Sarcophaga_peregrina",270,"1","Sarcophaga_peregrina","Diptera","Matt_Bertone","","Not_submitted","Taxonomist","Arthropoda","Hexapoda","Insecta","","","Diptera","","","Oestroidea","Sarcophagidae","Sarcophaginae","Sarcophaga","peregrina",""
"248","Scatella_stagnalis",271,"1","Scatella_stagnalis","Diptera","Rachel_Behm","","Compliant","Taxonomist","Arthropoda","Hexapoda","Insecta","","","Diptera","","","","Ephydridae","","Scatella","stagnalis",""
"249","Scholastes_palmyra",272,"1","Scholastes_palmyra","Diptera","Matt_Bertone","","Compliant","Taxonomist","Arthropoda","Hexapoda","Insecta","","","Diptera","","","","Platystomatidae","","Scholastes","palmyra",""
"250","Siphunculina_striolata",273,"1","Siphunculina_striolata","Diptera","Matt_Bertone","","Compliant","Taxonomist","Arthropoda","Hexapoda","Insecta","","","Diptera","","","","Chloropidae","","Siphunculina","striolata",""
"251","Small_wings_striped_legs_fly",274,"1","Small_wings_striped_legs_fly","Diptera","Rachel_Behm","","Compliant","Taxonomist","Arthropoda","Hexapoda","Insecta","","","Diptera","","","","","","Small_wings_striped_legs_fly","",""
"252","Striped Ceratopogonid",275,"1","Striped Ceratopogonid","Diptera","Rachel_Behm","","","","Arthropoda","Hexapoda","Insecta","","","Diptera","","","","","","","",""
"253","Styringomyia_didyma",276,"1","Styringomyia_didyma","Diptera","Matt_Bertone","","Compliant","Taxonomist","Arthropoda","Hexapoda","Insecta","","","Diptera","","","","Limoniidae","","Styringomyia","didyma",""
"254","Syritta_aenigmatopatria",277,"#N/A","Syritta_aenigmatopatria","Diptera","Matt_Bertone","","Compliant","BOLD confirmed","Arthropoda","Hexapoda","Insecta","","","Diptera","","","","Syrphidae","Eristalinae","Syritta","aenigmatopatria",""
"255","Thalassomya_setosipennis",278,"#N/A","Thalassomya_setosipennis","Diptera","Rachel_Behm","","Error","Taxonomist","Arthropoda","Hexapoda","Insecta","","","Diptera","","","","Chironomidae","","Thalassomya","setosipennis",""
"256","Thin_cecidomyiid_spp",279,"1","Thin_cecidomyiid_spp","Diptera","Rachel_Behm","Likely 6 species complex","","","Arthropoda","Hexapoda","Insecta","","","Diptera","","","","","","","",""
"257","Xenasteia_sp_1",280,"1","Xenasteia_sp_1","Diptera","Matt_Bertone","","Not_compliant","Taxonomist","Arthropoda","Hexapoda","Insecta","","","Diptera","","","","Xenasteiidae","","Xenasteia","sp1",""
"258","Yellow_patterned_Dasyhelea",282,"1","Yellow_patterned_Dasyhelea","Diptera","Rachel_Behm","","","","Arthropoda","Hexapoda","Insecta","","","Diptera","","","","","","","",""
"259","Aleurodicus_dispersus",295,"1","Aleurodicus_dispersus","Hemiptera","","","Compliant","BOLD confirmed","Arthropoda","Hexapoda","Insecta","","","Hemiptera","Sternorrhyncha","","Aleyrodoidea","Aleyrodidae","","Aleurodicus","dispersus",""
"260","Aphis_sp_1",296,"1","Aphis_sp_1","Hemiptera","John_McLaughlin","","Compliant","BOLD confirmed","Arthropoda","Hexapoda","Insecta","","","Hemiptera","","","Aphidoidea","Aphididae","","Aphis","",""
"261","Brown_and_white_Nymph",297,"1","Brown_and_white_Nymph","Hemiptera","","","Not_submitted","Taxonomist","Arthropoda","Hexapoda","Insecta","","","Hemiptera","","","","","","Brown_and_white_Nymph","",""
"262","Plant_hopper_sp_1",298,"1","Plant_hopper_sp_1","Hemiptera","John_McLaughlin","Brown_back_hemi","Not_submitted","Taxonomist","Arthropoda","Hexapoda","Insecta","","","Hemiptera","Auchenorrhyncha","Fulgoromorpha","","","","Brown_back_hemi","",""
"263","Emesinae_sp_1",299,"1","Emesinae_sp_1","Hemiptera","John_McLaughlin","","Not_submitted","Taxonomist","Arthropoda","Hexapoda","Insecta","","","Hemiptera","","","Cimicomorpha","Reduviidae","Emesinae","Brown_striped_legs","",""
"264","Geotomus_pygmaeus",300,"1","Geotomus_pygmaeus","Hemiptera","","","Compliant","Taxonomist","Arthropoda","Hexapoda","Insecta","","","Hemiptera","","","","Cydnidae","","Geotomus_pygmaeus","",""
"265","Emesinae_sp_2",301,"1","Emesinae_sp_2","Hemiptera","John_McLaughlin","Long_legged_hemi, Tribe = Metapterini","Not_submitted","Taxonomist","Arthropoda","Hexapoda","Insecta","","","Hemiptera","","","Cimicomorpha","Reduviidae","Emesinae","Long_legged_hemi","",""
"266","Lygaeidae_sp_1",302,"1","Lygaeidae_sp_1","Hemiptera","","Buff_hemi","Not_submitted","Taxonomist","Arthropoda","Hexapoda","Insecta","","","Hemiptera","Heteroptera","Pentatomorpha","Lygaeoidea","Lygaeidae","","Lygaeidae_sp1","",""
"267","Trigonotylus_brevipes",303,"1","Trigonotylus_brevipes","Hemiptera","John_McLaughlin","Yelllow_stripe_hemi","Not_submitted","Taxonomist","Arthropoda","Hexapoda","Insecta","","","Hemiptera","","","","Miridae","","Yellow_stripe_hemi","",""
"268","Aphytis_sp_1",304,"1","Aphytis_sp_1","Hymenoptera","Roger_Burks","","Not_submitted","Taxonomist","Arthropoda","Hexapoda","Insecta","","","Hymenoptera","","","","Aphelinidae","","Aphytis","sp1",""
"269","Aprostocetus_(Tetrastichodes)_hagenowii",305,"1","Aprostocetus_(Tetrastichodes)_hagenowii","Hymenoptera","Roger_Burks","","Not_submitted","Taxonomist","Arthropoda","Hexapoda","Insecta","Pterygota","","Hymenoptera","Apocrita","Parasitoida","Chalcidoidea","Eulophidae","","Aprostocetus","hagenowii",""
"270","Baryscapus_sp_1",306,"1","Baryscapus_sp_1","Hymenoptera","Roger_Burks","","Not_submitted","Taxonomist","Arthropoda","Hexapoda","Insecta","Pterygota","","Hymenoptera","Apocrita","Parasitoida","Chalcidoidea","Eulophidae","Tetrastichinae","Baryscapus","sp",""
"271","Blepyrus_insularis",307,"1","Blepyrus_insularis","Hymenoptera","Roger_Burks","","Not_submitted","Taxonomist","Arthropoda","Hexapoda","Insecta","","","Hymenoptera","","Parasitoida","Chalcidoidea","Encytridae","","Blepyrus","insularis",""
"272","Calliscelio_elegans",308,"1","Calliscelio_elegans","Hymenoptera","Roger_Burks","","Not_submitted","Taxonomist","Arthropoda","Hexapoda","Insecta","","","Hymenoptera","","","Platygastroidea","Platygastridae","","Calliscelio","elegans",""
"273","Camptoptera_(Camptoptera)",309,"1","Camptoptera_(Camptoptera)","Hymenoptera","Roger_Burks","","Not_submitted","Taxonomist","Arthropoda","Hexapoda","Insecta","","","Hymenoptera","","","Chalcidoidea","Mymaridae","","Camptoptera","sp1",""
"274","Camptoptera_(Zemicamptoptera)",310,"1","Camptoptera_(Zemicamptoptera)","Hymenoptera","Roger_Burks","","Not_submitted","Taxonomist","Arthropoda","Hexapoda","Insecta","","","Hymenoptera","","","Chalcidoidea","Mymaridae","","Camptoptera_(Zemicamptoptera)","sp2",""
"275","Catolaccus_sp_1",311,"1","Catolaccus_sp_1","Hymenoptera","Roger_Burks","Elongate_wasp","","","Arthropoda","Hexapoda","Insecta","","","Hymenoptera","","","Chalcidoidea","Pteromalidae","","Catolaccus","sp_1",""
"276","Ceraphron_sp_1",312,"1","Ceraphron_sp_1","Hymenoptera","Roger_Burks","","Not_submitted","Taxonomist","Arthropoda","Hexapoda","Insecta","","","Hymenoptera","Apocrita","","Ceraphonoidea","Ceraphonidae","","Ceraphron","sp1",""
"277","Chelonus_blackburni",313,"1","Chelonus_blackburni","Hymenoptera","Roger_Burks","","Not_submitted","Taxonomist","Arthropoda","Hexapoda","Insecta","","","Hymenoptera","","","Ichneumonoidea","Braconidae","Cheloninae","Chelonus","blackburni",""
"278","Coccophagus_ceroplastae",314,"1","Coccophagus_ceroplastae","Hymenoptera","Roger_Burks","","Not_submitted","Taxonomist","Arthropoda","Hexapoda","Insecta","","","Hymenoptera","Apocrita","Parasitoida","Chalcidoidea","Aphelinidae","Coccophaginae","Coccophagus","ceroplastae",""
"279","Coccophagus_sp_1",315,"1","Coccophagus_sp_1","Hymenoptera","Roger_Burks","","Not_submitted","Taxonomist","Arthropoda","Hexapoda","Insecta","","","Hymenoptera","Apocrita","Parasitoida","Chalcidoidea","Aphelinidae","Coccophaginae","Coccophagus","sp1",""
"280","Encarsia_citrina",316,"1","Encarsia_citrina","Hymenoptera","Roger_Burks","","Not_submitted","Taxonomist","Arthropoda","Hexapoda","Insecta","","","Hymenoptera","Apocrita","Parasitoida","Chalcidoidea","Aphelinidae","Coccophaginae","Encarsia","sp1",""
"281","Encyrtidae_sp_1",317,"1","Encyrtidae_sp_1","Hymenoptera","Roger_Burks","","Not_submitted","Taxonomist","Arthropoda","Hexapoda","Insecta","","","Hymenoptera","Apocrita","Parasitoida","Chalcidoidea","Encytridae","","Encyrtidae","sp1",""
"282","Encyrtus_aurantii",318,"1","Encyrtus_aurantii","Hymenoptera","Roger_Burks","","Not_submitted","Taxonomist","Arthropoda","Hexapoda","Insecta","","","Hymenoptera","Apocrita","Parasitoida","Chalcidoidea","Encytridae","Encytrinae","Encyrtus","aurantii",""
"283","Evania_appendigaster",319,"1","Evania_appendigaster","Hymenoptera","Roger_Burks","","Compliant","Taxonomist","Arthropoda","Hexapoda","Insecta","","","Hymenoptera","","","Evanioidea","Evaniidae","","Evania","appendigaster",""
"284","Ganaspis_sp_1",320,"1","Ganaspis_sp_1","Hymenoptera","Roger_Burks","","Not_submitted","Taxonomist","Arthropoda","Hexapoda","Insecta","","","Hymenoptera","","","Cynipoidea","Figitidae","Eucoilinae","Ganaspis","sp1",""
"285","Ganaspis_sp_2",321,"1","Ganaspis_sp_2","Hymenoptera","Roger_Burks","","Not_submitted","Taxonomist","Arthropoda","Hexapoda","Insecta","","","Hymenoptera","","","Cynipoidea","Figitidae","Eucoilinae","Ganaspis","sp2",""
"286","Goniozus_sp_1",322,"1","Goniozus_sp_1","Hymenoptera","Roger_Burks","","Not_submitted","Taxonomist","Arthropoda","Hexapoda","Insecta","","","Hymenoptera","","","Chrysidoidea","Bethylidae","Bethylinae","Goniozus","sp1",""
"287","Gryon_sp_1",323,"1","Gryon_sp_1","Hymenoptera","Roger_Burks","","Not_submitted","Taxonomist","Arthropoda","Hexapoda","Insecta","","","Hymenoptera","Apocrita","","Platygastroidea","Platygastridae","Scelioninae","Gryon","sp1",""
"288","Idris_sp_1",324,"1","Idris_sp_1","Hymenoptera","Roger_Burks","","Not_submitted","Taxonomist","Arthropoda","Hexapoda","Insecta","","","Hymenoptera","","","Platygastroidea","Platygastridae","Scelioninae","Idris","sp1",""
"289","Liris_sp_1",325,"#N/A","Liris_sp_1","Hymenoptera","Michelle_Lee","","","","Arthropoda","Hexapoda","Insecta","","","Hymenoptera","","","","","","","",""
"290","Megachile_fullawayi",326,"#N/A","Megachile_fullawayi","Hymenoptera","Michelle_Lee","","Compliant","Taxonomist","Arthropoda","Hexapoda","Insecta","","","Hymenoptera","","","Apoidea","Megachilidae","","Megachile","fullawayi",""
"291","Megachilidae_sp_2",327,"#N/A","Megachilidae_sp_2","Hymenoptera","Michelle_Lee","","","","Arthropoda","Hexapoda","Insecta","","","Hymenoptera","","","","","","","",""
"292","Hylaeus_strenuus",328,"#N/A","Hylaeus_strenuus","Hymenoptera","Michelle_Lee","","","","Arthropoda","Hexapoda","Insecta","","","Hymenoptera","","","","","","","",""
"293","Carpenter_Bee",329,"#N/A","Carpenter_Bee","Hymenoptera","Michelle_Lee","","","","Arthropoda","Hexapoda","Insecta","","","Hymenoptera","","","","","","","",""
"294","Melittobia_chalybii",330,"1","Melittobia_chalybii","Hymenoptera","John_Heraty","","Not_submitted","Taxonomist","Arthropoda","Hexapoda","Insecta","","","Hymenoptera","Apocrita","Parasitoida","Chalcidoidea","Eulophidae","Tetrastichinae","Melittobia","chalybii",""
"295","Metaphycus_sp_2",331,"1","Metaphycus_sp_2","Hymenoptera","John_Heraty","","Not_submitted","Taxonomist","Arthropoda","Hexapoda","Insecta","","","Hymenoptera","Apocrita","Parasitoida","Chalcidoidea","Encytridae","Encyrtinae","Metaphycus","sp_2",""
"296","Metaphycus_flavus",331,"1","Metaphycus_flavus","Hymenoptera","John_Heraty","","Not_submitted","Taxonomist","Arthropoda","Hexapoda","Insecta","","","Hymenoptera","Apocrita","Parasitoida","Chalcidoidea","Encytridae","Encyrtinae","Metaphycus","flavus",""
"297","Microterys_nietneri",332,"1","Microterys_nietneri","Hymenoptera","John_Heraty","","Not_submitted","Taxonomist","Arthropoda","Hexapoda","Insecta","","","Hymenoptera","Apocrita","Parasitoida","Chalcidoidea","Encytridae","Encyrtinae","Microterys","nietneri",""
"298","Moranila_californica",333,"1","Moranila_californica","Hymenoptera","John_Heraty","","Not_submitted","Taxonomist","Arthropoda","Hexapoda","Insecta","","","Hymenoptera","","","","Pteomalidae","Eunotinae","Moranila","californica",""
"299","Mymarid_sp_1",334,"1","Mymarid_sp_1","Hymenoptera","thin-waisted mymarid","","","","Arthropoda","Hexapoda","Insecta","","","Hymenoptera","","","","Mymaridae","","","",""
"300","Mymaromma_sp_1",335,"1","Mymaromma_sp_1","Hymenoptera","John_Heraty","","Not_submitted","Taxonomist","Arthropoda","Hexapoda","Insecta","","","Hymenoptera","","","Mymarommatoidea","Mymarommatidae","","Mymaromma","sp1",""
"301","Neocalosoter_sp_1",336,"1","Neocalosoter_sp_1","Hymenoptera","John_Heraty","","Not_submitted","Taxonomist","Arthropoda","Hexapoda","Insecta","","","Hymenoptera","","","","Pteomalidae","Cerocephalinae","Neocalosoter","sp1",""
"302","Neochrysocharis_sp_1",337,"1","Neochrysocharis_sp_1","Hymenoptera","John_Heraty","","Not_submitted","Taxonomist","Arthropoda","Hexapoda","Insecta","","","Hymenoptera","Apocrita","Parasitoida","Chalcidoidea","Eulophidae","Entedoninae","Neochrysocharis","sp1",""
"303","Pachodynerus_nasidens",338,"1","Pachodynerus_nasidens","Hymenoptera","","","Compliant","BOLD confirmed","Arthropoda","Hexapoda","Insecta","","","Hymenoptera","","","Vespoidea","Vespidae","Eumeninae","Pachodynerus","nasidens",""
"304","Parapanteles_sp_1",339,"1","Parapanteles_sp_1","Hymenoptera","John_Heraty","","Not_submitted","Taxonomist","Arthropoda","Hexapoda","Insecta","","","Hymenoptera","","","","Braconidae","Microgastrinae","Parapanteles","sp1",""
"305","Polistes_aurifer",340,"1","Polistes_aurifer","Hymenoptera","John_Heraty","","Compliant","Taxonomist","Arthropoda","Hexapoda","Insecta","","","Hymenoptera","","","Vespoidea","Vespidae","Polistinae","Polistes","aurifer",""
"306","Probaryconus_sp_1",341,"1","Probaryconus_sp_1","Hymenoptera","John_Heraty","","Not_submitted","Taxonomist","Arthropoda","Hexapoda","Insecta","","","Hymenoptera","","","Platygastroidea","Scelionidae","","Probaryconus","sp1",""
"307","Sceliphron_caementarium",342,"#N/A","Sceliphron_caementarium","Hymenoptera","","","Compliant","BOLD confirmed","Arthropoda","Hexapoda","Insecta","","","Hymenoptera","","","","Sphecidae","Scheliphrinae","Sceliphron","caementarium",""
"308","Sclerodermus_sp_1",343,"1","Sclerodermus_sp_1","Hymenoptera","John_Heraty","","Not_submitted","Taxonomist","Arthropoda","Hexapoda","Insecta","","","Hymenoptera","Apocrita","Aculeata","Chalcidoidea","Bethylidae","","Sclerodermus","sp1",""
"309","Sierola_sp_1",344,"1","Sierola_sp_1","Hymenoptera","John_Heraty","","Not_submitted","Taxonomist","Arthropoda","Hexapoda","Insecta","","","Hymenoptera","Apocrita","Aculeata","Chalcidoidea","Bethylidae","Bethylinae","Sierola","sp1",""
"310","Telenomus_sp_1",345,"1","Telenomus_sp_1","Hymenoptera","John_Heraty","","Not_submitted","Taxonomist","Arthropoda","Hexapoda","Insecta","","","Hymenoptera","Apocrita","","Platygastroidea","Platygastridae","Telenominae","Telenomus","sp1",""
"311","Alloniscus_oahuensis",346,"1","Alloniscus_oahuensis","Isopoda","Stefano_Taiti","","Compliant","Taxonomist","Arthropoda","Crustacea","Malacostraca","","Peracarida","Isopoda","Oniscidea","","","Alloniscidae","","Alloniscus","oahuensis",""
"312","Anchiphiloscia_pilosa",347,"1","Anchiphiloscia_pilosa","Isopoda","Stefano_Taiti","","Compliant","BOLD confirmed","Arthropoda","Crustacea","Malacostraca","","Peracarida","Isopoda","Oniscidea","Ligiamorpha","Oniscoidea","Philosciidae","","Anchiphiloscia","pilosa",""
"313","Cubaris_n_sp_1",348,"1","Cubaris_n_sp_1","Isopoda","Stefano_Taiti","","Not_submitted","Taxonomist","Arthropoda","Crustacea","Malacostraca","","Peracarida","Isopoda","Oniscidea","","","Armadillidae","","Cubris","n_sp",""
"314","Hybodillo_n_sp_1",349,"1","Hybodillo_n_sp_1","Isopoda","Stefano_Taiti","","Not_compliant","Taxonomist","Arthropoda","Crustacea","Malacostraca","","Peracarida","Isopoda","Oniscidea","","","Armadillidae","","Hybodillo","n_sp",""
"315","Ligia_vitiensis",350,"1","Ligia_vitiensis","Isopoda","Stefano_Taiti","","Not_compliant","Taxonomist","Arthropoda","Crustacea","Malacostraca","","Peracarida","Isopoda","Oniscidea","","","Ligiidae","","Ligia","vitiensis",""
"316","Littorphiloscia_sp_1",351,"1","Littorphiloscia_sp_1","Isopoda","Stefano_Taiti","","Not_submitted","Taxonomist","Arthropoda","Crustacea","Malacostraca","","Peracarida","Isopoda","Oniscidea","Ligiamorpha","Oniscoidea","Halophilosciidae","","Littorphiloscia","sp1",""
"317","Littorphiloscia_sp_2",352,"#N/A","Littorphiloscia_sp_2","Isopoda","Stefano_Taiti","","Not_submitted","Taxonomist","Arthropoda","Crustacea","Malacostraca","","Peracarida","Isopoda","Oniscidea","Ligiamorpha","Oniscoidea","Halophilosciidae","","Littorphiloscia","sp2",""
"318","Nagurus_sundaicus",353,"1","Nagurus_sundaicus","Isopoda","Stefano_Taiti","","Not_submitted","Taxonomist","Arthropoda","Crustacea","Malacostraca","","Peracarida","Isopoda","Oniscidea","","","Tracheliopodidae","","Nagurus","sundaicus",""
"319","Reductoniscus_costulatus",354,"1","Reductoniscus_costulatus","Isopoda","Stefano_Taiti","","Compliant","Taxonomist","Arthropoda","Crustacea","Malacostraca","","Peracarida","Isopoda","Oniscidea","","","Armadillidae","","Reductoniscus","costulatus",""
"320","Coprotermes_formosanus",355,"#N/A","Coprotermes_formosanus","Isoptera","","","Not_submitted","Taxonomist","Arthropoda","Hexapoda","Insecta","","","Blattodea","","","","Rhinotermitidae","Coptotermitinae","Coptotermes","formosanus",""
"321","Agonoxena_argaula",356,"1","Agonoxena_argaula","Lepidoptera","","","Error","Taxonomist","Arthropoda","Hexapoda","Insecta","","","Lepidoptera","","","","Agonoxenidae","","Agonoxena","argaula",""
"322","Anatrachyntis_incertulella",357,"1","Anatrachyntis_incertulella","Lepidoptera","","","Compliant","Taxonomist","Arthropoda","Hexapoda","Insecta","","","Lepidoptera","","","","Cosmopterigidae","","Anatrachyntis","incertulella",""
"323","Erechthias_simulans",358,"1","Erechthias_simulans","Lepidoptera","","","Compliant","Taxonomist","Arthropoda","Hexapoda","Insecta","","","Lepidoptera","","","","Tineidae","","Erechthias","simulans",""
"324","Ketapangia_leucochorda",359,"1","Ketapangia_leucochorda","Lepidoptera","Kobayashi_Shigeki","","Not_submitted","Taxonomist","Arthropoda","Hexapoda","Insecta","","","Lepidoptera","","Heteroneura","","Gracillaridae","","Ketapangia","leucochorda",""
"325","Opogona_aurisquamosa",360,"1","Opogona_aurisquamosa","Lepidoptera","","","Compliant","Taxonomist","Arthropoda","Hexapoda","Insecta","","","Lepidoptera","","","","Tineidae","","Opogona","aurisquamosa",""
"326","Piletocera_signiferalis",361,"1","Piletocera_signiferalis","Lepidoptera","","","Compliant","BOLD confirmed","Arthropoda","Hexapoda","Insecta","","","Lepidoptera","","","","Crambidae","","Piletocera","signiferalis",""
"327","Spodoptera_litura",362,"#N/A","Spodoptera_litura","Lepidoptera","","BOLD confirmed","Not_compliant","Taxonomist","Arthropoda","Hexapoda","Insecta","","","Lepidoptera","","","","Noctuidae","","Spodoptera","litura",""
"328","Stoeberhinus_testaceus",363,"1","Stoeberhinus_testaceus","Lepidoptera","","","Error","Taxonomist","Arthropoda","Hexapoda","Insecta","","","Lepidoptera","","","","Autostichidae","","Stoeberhinus","testaceus",""
"329","Allopeas_sp_1",364,"1","Allopeas_sp_1","Mollusca","Rebecca_Rundell","","Not_submitted","Taxonomist","Mollusca","","Gastropoda","Heterobranchia","Eupulmonata","Stylommatophora","","","Achatinoidea","Achatinidae","Subulininae","Allopea","gracile",""
"330","Elasmius_apertum",365,"1","Elasmius_apertum","Mollusca","Rebecca_Rundell","","Not_submitted","Taxonomist","Mollusca","","Gastropoda","","","","","","","Elasmidae","","Elasmius","apertum",""
"331","Gastropecta_sp_1",366,"1","Gastropecta_sp_1","Mollusca","Rebecca_Rundell","","Not_submitted","Taxonomist","Mollusca","","Gastropoda","Heterobranchia","Eupulmonata","Stylommatophora","Helicina","Pupilloidei","Pupilloidei","Pupillidae","","Gastropecta","servilis",""
"332","Lamellidea_oblonga",367,"1","Lamellidea_oblonga","Mollusca","Rebecca_Rundell","","Not_submitted","Taxonomist","Mollusca","","Gastropoda","Heterobranchia","Eupulmonata","Stylommatophora","","","Achatinoidea","Achatinidae","","Lamellidea","oblonga",""
"333","Lamellidea_pusilla",368,"1","Lamellidea_pusilla","Mollusca","Rebecca_Rundell","","Not_submitted","Taxonomist","Mollusca","","Gastropoda","Heterobranchia","Eupulmonata","Stylommatophora","","","Achatinoidea","Achatinidae","","Lamellidea","pusilla",""
"334","Melampus_luteus",369,"1","Melampus_luteus","Mollusca","Rebecca_Rundell","","Not_submitted","Taxonomist","Mollusca","","Gastropoda","","","Ellobida","","","Ellobioidea","Ellobiidae","Melampodinae","Melampus","luteus",""
"335","Omphalotropis_sp_1",370,"1","Omphalotropis_sp_1","Mollusca","Rebecca_Rundell","","Not_submitted","Taxonomist","Mollusca","","Gastropoda","","","","","","Rissooidea","Assimineidae","Omphalotropidinae","Omphalotropis","sp1",""
"336","Opeas_hennense",371,"1","Opeas_hennense","Mollusca","Rebecca_Rundell","","Not_submitted","Taxonomist","Mollusca","","Gastropoda","Heterobranchia","Eupulmonata","Stylommatophora","","","Achatinoidea","Achatinidae","Opeatinae","Opeas","hennense",""
"337","Pupoidopsis_hawaiiensis",372,"1","Pupoidopsis_hawaiiensis","Mollusca","Rebecca_Rundell","","Not_submitted","Taxonomist","Mollusca","","Gastropoda","Heterobranchia","Eupulmonata","Stylommatophora","Helicina","Pupilloidei","Pupilloidei","Pupillidae","Pupoidinae","Pupoidopsis","hawaiiensis",""
"338","Truncatella_guerinii",373,"1","Truncatella_guerinii","Mollusca","Rebecca_Rundell","","Not_submitted","Taxonomist","Mollusca","","Gastropoda","","","","","","Rissooidea","Truncatellidae","Truncatellinae","Truncatella","guerinii",""
"339","Mastophorus_muris",374,"#N/A","Mastophorus_muris","Nematoda","Kevin_Lafferty","","Not_submitted","Taxonomist","Nematoda","","Secernentea","","","Spirurida","","","","Spiruridae","","Mastophorus","muris",""
"340","Anax_junius",375,"#N/A","Anax_junius","Odonata","Dan_Gruner","","Not_submitted","Taxonomist","Arthropoda","Hexapoda","Insecta","","","Odonata","Anisoptera","","","Aeshnidae","","Anax","junius",""
"341","Crocothemis_servilla",376,"#N/A","Crocothemis_servilla","Odonata","Dan_Gruner","","Not_compliant","Taxonomist","Arthropoda","Hexapoda","Insecta","","","Odonata","Anisoptera","","","Libellulidae","","Crocothemis","servilla",""
"342","Ischnura_aurora",377,"#N/A","Ischnura_aurora","Odonata","Dan_Gruner","","Not_submitted","Taxonomist","Arthropoda","Hexapoda","Insecta","","","Odonata","Zygoptera","","","Coenagrionidae","","Ischnura","aurora",""
"343","Pantala_flavescens",378,"#N/A","Pantala_flavescens","Odonata","Dan_Gruner","","Compliant","BOLD confirmed","Arthropoda","Hexapoda","Insecta","","","Odonata","Anisoptera","","","Libellulidae","","Pantala","flavescens",""
"344","Atractomorpha_sinensis",379,"1","Atractomorpha_sinensis","Orthoptera","Dan__Otte","","Compliant","BOLD confirmed","Arthropoda","Hexapoda","Insecta","","","Orthoptera","Caelifera","","","Pyrgomorphidae","Pyrgomorphinae","Atractomorpha","sinensis",""
"345","Conoccephalus_saltator",380,"1","Conoccephalus_saltator","Orthoptera","Dan__Otte","","Not_submitted","Taxonomist","Arthropoda","Hexapoda","Insecta","","","Orthoptera","Ensifera","","Tettigonioidea","Tettigonidae","","Conoccephalus","saltator",""
"346","Myrmecophilus_sp_1",381,"1","Myrmecophilus_sp_1","Orthoptera","Sam_Heads","","Error","Taxonomist","Arthropoda","Hexapoda","Insecta","","","Orthoptera","Ensifera","","","Myrmecophilidae","","Myrmecophilus","sp1",""
"347","Ornebius_n_sp_1",382,"1","Ornebius_n_sp_1","Orthoptera","Dan_Otte","","Error","Taxonomist","Arthropoda","Hexapoda","Insecta","","","Orthoptera","Ensifera","","Grylloidea","Mogoplistidae","Mogoplistinae","Ornebius","sp1",""
"348","Oxya_japonica",383,"#N/A","Oxya_japonica","Orthoptera","Dan_Otte","","Compliant","Taxonomist","Arthropoda","Hexapoda","Insecta","","","Orthoptera","Caelifera","","Acridoidea","Acrididae","","Oxya","japonica",""
"349","Phisis_holdhausi",384,"1","Phisis_holdhausi","Orthoptera","Dan_Otte","","Compliant","Taxonomist","Arthropoda","Hexapoda","Insecta","","","Orthoptera","Ensifera","","Tettigonioidea","Tettigonidae","","Phisis","holdhausi",""
"350","Speonemobius_tigrinus",385,"#N/A","Speonemobius_tigrinus","Orthoptera","probably extinct or mistaken ID","","Not_submitted","Taxonomist","Arthropoda","Hexapoda","Insecta","","","Orthoptera","","","","Trigonidiidae","Nemobiinae","Speonemobius","tigrinus",""
"351","Teleogryllus_oceanicus",386,"1","Teleogryllus_oceanicus","Orthoptera","Dan_Otte","","Compliant","BOLD confirmed","Arthropoda","Hexapoda","Insecta","","","Orthoptera","Ensifera","","Grylloidea","Gryllidae","Gryllinae","Teleogryllus","oceanicus",""
"352","Cyptophania_marginata",387,"1","Cyptophania_marginata","Psocoptera","Kazunori_Yoshizawa","","","Taxonomist","Arthropoda","Hexapoda","Insecta","Pterygota","","Psocodea","Trogiomorpha","Atropetae","","Lepidopsocidae","","Cyptophania","marginata",""
"353","Echmepteryx_lunulata",388,"1","Echmepteryx_lunulata","Psocoptera","Kazunori_Yoshizawa","","","Taxonomist","Arthropoda","Hexapoda","Insecta","Pterygota","","Psocodea","Trogiomorpha","Atropetae","","Lepidopsocidae","","Echmepteryx","lunulata",""
"354","Echmepteryx_madagascariensis",389,"1","Echmepteryx_madagascariensis","Psocoptera","Kazunori_Yoshizawa","","Compliant","BOLD confirmed","Arthropoda","Hexapoda","Insecta","Pterygota","","Psocodea","Trogiomorpha","Atropetae","","Lepidopsocidae","","Echmepteryx","madagascariensis",""
"355","Ectopsocus_denervus",390,"1","Ectopsocus_denervus","Psocoptera","Kazunori_Yoshizawa","","","Taxonomist","Arthropoda","Hexapoda","Insecta","Pterygota","","Psocodea","Psocomorpha","Homilopsocidea","","Ectopsocidae","","Ectopsocus","denervus",""
"356","Ectopsocus_spilotus",391,"1","Ectopsocus_spilotus","Psocoptera","Kazunori_Yoshizawa","","","Taxonomist","Arthropoda","Hexapoda","Insecta","Pterygota","","Psocodea","Psocomorpha","Homilopsocidea","","Ectopsocidae","","Ectopsocus","spilotus",""
"357","Ectopsocus_thysanus",392,"1","Ectopsocus_thysanus","Psocoptera","Kazunori_Yoshizawa","","","Taxonomist","Arthropoda","Hexapoda","Insecta","Pterygota","","Psocodea","Psocomorpha","Homilopsocidea","","Ectopsocidae","","Ectopsocus","thysanus",""
"358","Heterocaecilius_dybasi",393,"1","Heterocaecilius_dybasi","Psocoptera","Kazunori_Yoshizawa","","","Taxonomist","Arthropoda","Hexapoda","Insecta","Pterygota","","Psocodea","","","","Pseudocaecilidae","","Heterocaecilius","dybasi",""
"359","Lepidopsocus_maculatus",394,"1","Lepidopsocus_maculatus","Psocoptera","Kazunori_Yoshizawa","","","Taxonomist","Arthropoda","Hexapoda","Insecta","Pterygota","","Psocodea","Trogiomorpha","Atropetae","","Lepidopsocidae","Lepidopsocinae","Lepidopsocus","maculatus",""
"360","Lepidopsocus_pallidus",395,"1","Lepidopsocus_pallidus","Psocoptera","Kazunori_Yoshizawa","","","Taxonomist","Arthropoda","Hexapoda","Insecta","Pterygota","","Psocodea","Trogiomorpha","Atropetae","","Lepidopsocidae","Lepidopsocinae","Lepidopsocus","pallidus",""
"361","Liposcelis_sp_1",396,"1","Liposcelis_sp_1","Psocoptera","Kazunori_Yoshizawa","","","Taxonomist","Arthropoda","Hexapoda","Insecta","Pterygota","","Psocodea","","","","Liposcelididae","","Liposcelis","sp1",""
"362","Peripsocus_sp_1",397,"#N/A","Peripsocus_sp_1","Psocoptera","Kazunori_Yoshizawa","","","Taxonomist","Arthropoda","Hexapoda","Insecta","Pterygota","","Psocodea","","","","Peripsocidae","","Peripsocus","sp1",""
"363","Pseudocaecilius_citricola",398,"1","Pseudocaecilius_citricola","Psocoptera","Kazunori_Yoshizawa","","","Taxonomist","Arthropoda","Hexapoda","Insecta","Pterygota","","Psocodea","","","","Pseudocaecilidae","","Pseudocaecilius","citricola",""
"364","Valenzuela_kraussi",399,"1","Valenzuela_kraussi","Psocoptera","Kazunori_Yoshizawa","","","Taxonomist","Arthropoda","Hexapoda","Insecta","Pterygota","","Psocodea","","","","Ceaciliusidae","Caeciliusinae","Valenzuela","kraussi",""
"365","Valenzuela_leuroceps",400,"1","Valenzuela_leuroceps","Psocoptera","Kazunori_Yoshizawa","","","Taxonomist","Arthropoda","Hexapoda","Insecta","Pterygota","","Psocodea","","","","Ceaciliusidae","Caeciliusinae","Valenzuela","leuroceps",""
"366","Isometrus_maculatus",401,"#N/A","Isometrus_maculatus","Scorpion","","","","Taxonomist","Arthropoda","Chelicerata","Arachnida","","","Scorpiones","","","","Buthidae","","Isometrus","maculatus",""
"367","Silverfish",402,"#N/A","Silverfish","Silverfish","","","","Taxonomist","Arthropoda","Hexapoda","Insecta","","","Zygentoma","","","","Lepismatidae","","","",""
"368","Terrestrial_Leech",403,"#N/A","Terrestrial_Leech","Terrestrial_Leech","","","","Taxonomist","Annelida","Clitellata","Hirudinea","","","","","","","","","","",""
"369","Aleurodothrips_fasciapennis",404,"1","Aleurodothrips_fasciapennis","Thysanoptera","Manfred_Ulitzka","","","Taxonomist","Arthropoda","Hexapoda","Insecta","","","Thsysanoptera","","","","Phlaeothripidae","","Aleurodothrips","fasciapennis",""
"370","Chaetanaphothrips_orchidii",405,"1","Chaetanaphothrips_orchidii","Thysanoptera","Manfred_Ulitzka","","","Taxonomist","Arthropoda","Hexapoda","Insecta","","","Thsysanoptera","","","","Thripidae","","Chaetanaphothrips","orchidii",""
"371","Haplothrips_gowdeyi",406,"1","Haplothrips_gowdeyi","Thysanoptera","Manfred_Ulitzka","","","Taxonomist","Arthropoda","Hexapoda","Insecta","","","Thsysanoptera","","","","Phlaeothripidae","Phlaeothripinae","Haplothrips","gowdeyi",""
"372","Haplothrips_williamsi",407,"1","Haplothrips_williamsi","Thysanoptera","Manfred_Ulitzka","","","Taxonomist","Arthropoda","Hexapoda","Insecta","","","Thsysanoptera","","","","Phlaeothripidae","Phlaeothripinae","Haplothrips","williamsi",""
"373","Karnyothrips_flavipes",408,"1","Karnyothrips_flavipes","Thysanoptera","Manfred_Ulitzka","","Compliant","BOLD confirmed","Arthropoda","Hexapoda","Insecta","","","Thsysanoptera","","","","Phlaeothripidae","Phlaeothripinae","Karnyothrips","flavipes",""
"374","Karnyothrips_melaleucus",409,"1","Karnyothrips_melaleucus","Thysanoptera","Manfred_Ulitzka","","","Taxonomist","Arthropoda","Hexapoda","Insecta","","","Thsysanoptera","","","","Phlaeothripidae","Phlaeothripinae","Karnyothrips","melaleucus",""
"375","Leucothrips_piercei",410,"1","Leucothrips_piercei","Thysanoptera","Manfred_Ulitzka","","","Taxonomist","Arthropoda","Hexapoda","Insecta","","","Thsysanoptera","","","","Thripidae","","Leucothrips","piercei",""
"376","Merothrips_floridensis",411,"1","Merothrips_floridensis","Thysanoptera","Manfred_Ulitzka","","","Taxonomist","Arthropoda","Hexapoda","Insecta","","","Thsysanoptera","","","","Merothripidae","","Merothrips","floridensis",""
"377","Projectothrips_palmyrae",412,"1","Projectothrips_palmyrae","Thysanoptera","Manfred_Ulitzka","","","Taxonomist","Arthropoda","Hexapoda","Insecta","","","Thsysanoptera","","","","Thripidae","Thripinae","Projectothrips","palmyrae",""
"378","Selenothrips_rubrocinctus",413,"1","Selenothrips_rubrocinctus","Thysanoptera","Manfred_Ulitzka","","Compliant","BOLD confirmed","Arthropoda","Hexapoda","Insecta","","","Thsysanoptera","","","","Thripidae","","Selenothrips","rubrocinctus",""
"379","Thrips_hawaiiensis",414,"1","Thrips_hawaiiensis","Thysanoptera","Manfred_Ulitzka","","","Taxonomist","Arthropoda","Hexapoda","Insecta","","","Thsysanoptera","","","","Thripidae","Thripinae","Thrips","hawaiiensis",""
