"","Transition","Qual","count","run","reads"
"1","A2A",0,0,"One","Reverse"
"2","A2C",0,0,"One","Reverse"
"3","A2G",0,0,"One","Reverse"
"4","A2T",0,0,"One","Reverse"
"5","C2A",0,0,"One","Reverse"
"6","C2C",0,0,"One","Reverse"
"7","C2G",0,0,"One","Reverse"
"8","C2T",0,0,"One","Reverse"
"9","G2A",0,0,"One","Reverse"
"10","G2C",0,0,"One","Reverse"
"11","G2G",0,0,"One","Reverse"
"12","G2T",0,0,"One","Reverse"
"13","T2A",0,0,"One","Reverse"
"14","T2C",0,0,"One","Reverse"
"15","T2G",0,0,"One","Reverse"
"16","T2T",0,0,"One","Reverse"
"17","A2A",1,0,"One","Reverse"
"18","A2C",1,0,"One","Reverse"
"19","A2G",1,0,"One","Reverse"
"20","A2T",1,0,"One","Reverse"
"21","C2A",1,0,"One","Reverse"
"22","C2C",1,0,"One","Reverse"
"23","C2G",1,0,"One","Reverse"
"24","C2T",1,0,"One","Reverse"
"25","G2A",1,0,"One","Reverse"
"26","G2C",1,0,"One","Reverse"
"27","G2G",1,0,"One","Reverse"
"28","G2T",1,0,"One","Reverse"
"29","T2A",1,0,"One","Reverse"
"30","T2C",1,0,"One","Reverse"
"31","T2G",1,0,"One","Reverse"
"32","T2T",1,0,"One","Reverse"
"33","A2A",2,0,"One","Reverse"
"34","A2C",2,0,"One","Reverse"
"35","A2G",2,0,"One","Reverse"
"36","A2T",2,0,"One","Reverse"
"37","C2A",2,0,"One","Reverse"
"38","C2C",2,0,"One","Reverse"
"39","C2G",2,0,"One","Reverse"
"40","C2T",2,0,"One","Reverse"
"41","G2A",2,0,"One","Reverse"
"42","G2C",2,0,"One","Reverse"
"43","G2G",2,0,"One","Reverse"
"44","G2T",2,0,"One","Reverse"
"45","T2A",2,0,"One","Reverse"
"46","T2C",2,0,"One","Reverse"
"47","T2G",2,0,"One","Reverse"
"48","T2T",2,0,"One","Reverse"
"49","A2A",3,0,"One","Reverse"
"50","A2C",3,0,"One","Reverse"
"51","A2G",3,0,"One","Reverse"
"52","A2T",3,0,"One","Reverse"
"53","C2A",3,0,"One","Reverse"
"54","C2C",3,0,"One","Reverse"
"55","C2G",3,0,"One","Reverse"
"56","C2T",3,0,"One","Reverse"
"57","G2A",3,0,"One","Reverse"
"58","G2C",3,0,"One","Reverse"
"59","G2G",3,0,"One","Reverse"
"60","G2T",3,0,"One","Reverse"
"61","T2A",3,0,"One","Reverse"
"62","T2C",3,0,"One","Reverse"
"63","T2G",3,0,"One","Reverse"
"64","T2T",3,0,"One","Reverse"
"65","A2A",4,0,"One","Reverse"
"66","A2C",4,0,"One","Reverse"
"67","A2G",4,0,"One","Reverse"
"68","A2T",4,0,"One","Reverse"
"69","C2A",4,0,"One","Reverse"
"70","C2C",4,0,"One","Reverse"
"71","C2G",4,0,"One","Reverse"
"72","C2T",4,0,"One","Reverse"
"73","G2A",4,0,"One","Reverse"
"74","G2C",4,0,"One","Reverse"
"75","G2G",4,0,"One","Reverse"
"76","G2T",4,0,"One","Reverse"
"77","T2A",4,0,"One","Reverse"
"78","T2C",4,0,"One","Reverse"
"79","T2G",4,0,"One","Reverse"
"80","T2T",4,0,"One","Reverse"
"81","A2A",5,0,"One","Reverse"
"82","A2C",5,0,"One","Reverse"
"83","A2G",5,0,"One","Reverse"
"84","A2T",5,0,"One","Reverse"
"85","C2A",5,0,"One","Reverse"
"86","C2C",5,0,"One","Reverse"
"87","C2G",5,0,"One","Reverse"
"88","C2T",5,0,"One","Reverse"
"89","G2A",5,0,"One","Reverse"
"90","G2C",5,0,"One","Reverse"
"91","G2G",5,0,"One","Reverse"
"92","G2T",5,0,"One","Reverse"
"93","T2A",5,0,"One","Reverse"
"94","T2C",5,0,"One","Reverse"
"95","T2G",5,0,"One","Reverse"
"96","T2T",5,0,"One","Reverse"
"97","A2A",6,0,"One","Reverse"
"98","A2C",6,0,"One","Reverse"
"99","A2G",6,0,"One","Reverse"
"100","A2T",6,0,"One","Reverse"
"101","C2A",6,0,"One","Reverse"
"102","C2C",6,0,"One","Reverse"
"103","C2G",6,0,"One","Reverse"
"104","C2T",6,0,"One","Reverse"
"105","G2A",6,0,"One","Reverse"
"106","G2C",6,0,"One","Reverse"
"107","G2G",6,0,"One","Reverse"
"108","G2T",6,0,"One","Reverse"
"109","T2A",6,0,"One","Reverse"
"110","T2C",6,0,"One","Reverse"
"111","T2G",6,0,"One","Reverse"
"112","T2T",6,0,"One","Reverse"
"113","A2A",7,0,"One","Reverse"
"114","A2C",7,0,"One","Reverse"
"115","A2G",7,0,"One","Reverse"
"116","A2T",7,0,"One","Reverse"
"117","C2A",7,0,"One","Reverse"
"118","C2C",7,0,"One","Reverse"
"119","C2G",7,0,"One","Reverse"
"120","C2T",7,0,"One","Reverse"
"121","G2A",7,0,"One","Reverse"
"122","G2C",7,0,"One","Reverse"
"123","G2G",7,0,"One","Reverse"
"124","G2T",7,0,"One","Reverse"
"125","T2A",7,0,"One","Reverse"
"126","T2C",7,0,"One","Reverse"
"127","T2G",7,0,"One","Reverse"
"128","T2T",7,0,"One","Reverse"
"129","A2A",8,0,"One","Reverse"
"130","A2C",8,0,"One","Reverse"
"131","A2G",8,0,"One","Reverse"
"132","A2T",8,0,"One","Reverse"
"133","C2A",8,0,"One","Reverse"
"134","C2C",8,0,"One","Reverse"
"135","C2G",8,0,"One","Reverse"
"136","C2T",8,0,"One","Reverse"
"137","G2A",8,0,"One","Reverse"
"138","G2C",8,0,"One","Reverse"
"139","G2G",8,0,"One","Reverse"
"140","G2T",8,0,"One","Reverse"
"141","T2A",8,0,"One","Reverse"
"142","T2C",8,0,"One","Reverse"
"143","T2G",8,0,"One","Reverse"
"144","T2T",8,0,"One","Reverse"
"145","A2A",9,0,"One","Reverse"
"146","A2C",9,0,"One","Reverse"
"147","A2G",9,0,"One","Reverse"
"148","A2T",9,0,"One","Reverse"
"149","C2A",9,0,"One","Reverse"
"150","C2C",9,0,"One","Reverse"
"151","C2G",9,0,"One","Reverse"
"152","C2T",9,0,"One","Reverse"
"153","G2A",9,0,"One","Reverse"
"154","G2C",9,0,"One","Reverse"
"155","G2G",9,0,"One","Reverse"
"156","G2T",9,0,"One","Reverse"
"157","T2A",9,0,"One","Reverse"
"158","T2C",9,0,"One","Reverse"
"159","T2G",9,0,"One","Reverse"
"160","T2T",9,0,"One","Reverse"
"161","A2A",10,0,"One","Reverse"
"162","A2C",10,0,"One","Reverse"
"163","A2G",10,0,"One","Reverse"
"164","A2T",10,0,"One","Reverse"
"165","C2A",10,0,"One","Reverse"
"166","C2C",10,0,"One","Reverse"
"167","C2G",10,0,"One","Reverse"
"168","C2T",10,0,"One","Reverse"
"169","G2A",10,0,"One","Reverse"
"170","G2C",10,0,"One","Reverse"
"171","G2G",10,0,"One","Reverse"
"172","G2T",10,0,"One","Reverse"
"173","T2A",10,0,"One","Reverse"
"174","T2C",10,0,"One","Reverse"
"175","T2G",10,0,"One","Reverse"
"176","T2T",10,0,"One","Reverse"
"177","A2A",11,0,"One","Reverse"
"178","A2C",11,0,"One","Reverse"
"179","A2G",11,0,"One","Reverse"
"180","A2T",11,0,"One","Reverse"
"181","C2A",11,0,"One","Reverse"
"182","C2C",11,0,"One","Reverse"
"183","C2G",11,0,"One","Reverse"
"184","C2T",11,0,"One","Reverse"
"185","G2A",11,0,"One","Reverse"
"186","G2C",11,0,"One","Reverse"
"187","G2G",11,0,"One","Reverse"
"188","G2T",11,0,"One","Reverse"
"189","T2A",11,0,"One","Reverse"
"190","T2C",11,0,"One","Reverse"
"191","T2G",11,0,"One","Reverse"
"192","T2T",11,0,"One","Reverse"
"193","A2A",12,167,"One","Reverse"
"194","A2C",12,31,"One","Reverse"
"195","A2G",12,49,"One","Reverse"
"196","A2T",12,8,"One","Reverse"
"197","C2A",12,2,"One","Reverse"
"198","C2C",12,48,"One","Reverse"
"199","C2G",12,1,"One","Reverse"
"200","C2T",12,3,"One","Reverse"
"201","G2A",12,2,"One","Reverse"
"202","G2C",12,2,"One","Reverse"
"203","G2G",12,434,"One","Reverse"
"204","G2T",12,5,"One","Reverse"
"205","T2A",12,14,"One","Reverse"
"206","T2C",12,25,"One","Reverse"
"207","T2G",12,57,"One","Reverse"
"208","T2T",12,78,"One","Reverse"
"209","A2A",13,9624,"One","Reverse"
"210","A2C",13,778,"One","Reverse"
"211","A2G",13,366,"One","Reverse"
"212","A2T",13,50,"One","Reverse"
"213","C2A",13,71,"One","Reverse"
"214","C2C",13,3076,"One","Reverse"
"215","C2G",13,25,"One","Reverse"
"216","C2T",13,45,"One","Reverse"
"217","G2A",13,1434,"One","Reverse"
"218","G2C",13,94,"One","Reverse"
"219","G2G",13,10933,"One","Reverse"
"220","G2T",13,6,"One","Reverse"
"221","T2A",13,1028,"One","Reverse"
"222","T2C",13,725,"One","Reverse"
"223","T2G",13,236,"One","Reverse"
"224","T2T",13,2550,"One","Reverse"
"225","A2A",14,16394,"One","Reverse"
"226","A2C",14,575,"One","Reverse"
"227","A2G",14,744,"One","Reverse"
"228","A2T",14,295,"One","Reverse"
"229","C2A",14,226,"One","Reverse"
"230","C2C",14,10321,"One","Reverse"
"231","C2G",14,29,"One","Reverse"
"232","C2T",14,33,"One","Reverse"
"233","G2A",14,1746,"One","Reverse"
"234","G2C",14,79,"One","Reverse"
"235","G2G",14,4300,"One","Reverse"
"236","G2T",14,110,"One","Reverse"
"237","T2A",14,2159,"One","Reverse"
"238","T2C",14,1617,"One","Reverse"
"239","T2G",14,218,"One","Reverse"
"240","T2T",14,5680,"One","Reverse"
"241","A2A",15,50578,"One","Reverse"
"242","A2C",15,3395,"One","Reverse"
"243","A2G",15,1830,"One","Reverse"
"244","A2T",15,3338,"One","Reverse"
"245","C2A",15,2517,"One","Reverse"
"246","C2C",15,27240,"One","Reverse"
"247","C2G",15,548,"One","Reverse"
"248","C2T",15,2291,"One","Reverse"
"249","G2A",15,1068,"One","Reverse"
"250","G2C",15,505,"One","Reverse"
"251","G2G",15,26434,"One","Reverse"
"252","G2T",15,2259,"One","Reverse"
"253","T2A",15,7836,"One","Reverse"
"254","T2C",15,3902,"One","Reverse"
"255","T2G",15,665,"One","Reverse"
"256","T2T",15,55953,"One","Reverse"
"257","A2A",16,35509,"One","Reverse"
"258","A2C",16,2913,"One","Reverse"
"259","A2G",16,1373,"One","Reverse"
"260","A2T",16,2487,"One","Reverse"
"261","C2A",16,2672,"One","Reverse"
"262","C2C",16,18025,"One","Reverse"
"263","C2G",16,77,"One","Reverse"
"264","C2T",16,3634,"One","Reverse"
"265","G2A",16,284,"One","Reverse"
"266","G2C",16,234,"One","Reverse"
"267","G2G",16,7964,"One","Reverse"
"268","G2T",16,488,"One","Reverse"
"269","T2A",16,4822,"One","Reverse"
"270","T2C",16,2378,"One","Reverse"
"271","T2G",16,602,"One","Reverse"
"272","T2T",16,34622,"One","Reverse"
"273","A2A",17,7793,"One","Reverse"
"274","A2C",17,892,"One","Reverse"
"275","A2G",17,319,"One","Reverse"
"276","A2T",17,1338,"One","Reverse"
"277","C2A",17,1192,"One","Reverse"
"278","C2C",17,1772,"One","Reverse"
"279","C2G",17,9,"One","Reverse"
"280","C2T",17,1329,"One","Reverse"
"281","G2A",17,244,"One","Reverse"
"282","G2C",17,16,"One","Reverse"
"283","G2G",17,2593,"One","Reverse"
"284","G2T",17,232,"One","Reverse"
"285","T2A",17,874,"One","Reverse"
"286","T2C",17,204,"One","Reverse"
"287","T2G",17,177,"One","Reverse"
"288","T2T",17,19556,"One","Reverse"
"289","A2A",18,4489,"One","Reverse"
"290","A2C",18,700,"One","Reverse"
"291","A2G",18,294,"One","Reverse"
"292","A2T",18,212,"One","Reverse"
"293","C2A",18,800,"One","Reverse"
"294","C2C",18,4477,"One","Reverse"
"295","C2G",18,29,"One","Reverse"
"296","C2T",18,383,"One","Reverse"
"297","G2A",18,538,"One","Reverse"
"298","G2C",18,17,"One","Reverse"
"299","G2G",18,4179,"One","Reverse"
"300","G2T",18,140,"One","Reverse"
"301","T2A",18,279,"One","Reverse"
"302","T2C",18,295,"One","Reverse"
"303","T2G",18,213,"One","Reverse"
"304","T2T",18,5251,"One","Reverse"
"305","A2A",19,4299,"One","Reverse"
"306","A2C",19,328,"One","Reverse"
"307","A2G",19,135,"One","Reverse"
"308","A2T",19,253,"One","Reverse"
"309","C2A",19,594,"One","Reverse"
"310","C2C",19,1895,"One","Reverse"
"311","C2G",19,8,"One","Reverse"
"312","C2T",19,196,"One","Reverse"
"313","G2A",19,106,"One","Reverse"
"314","G2C",19,16,"One","Reverse"
"315","G2G",19,1538,"One","Reverse"
"316","G2T",19,117,"One","Reverse"
"317","T2A",19,409,"One","Reverse"
"318","T2C",19,239,"One","Reverse"
"319","T2G",19,94,"One","Reverse"
"320","T2T",19,3925,"One","Reverse"
"321","A2A",20,5093,"One","Reverse"
"322","A2C",20,147,"One","Reverse"
"323","A2G",20,119,"One","Reverse"
"324","A2T",20,390,"One","Reverse"
"325","C2A",20,376,"One","Reverse"
"326","C2C",20,1720,"One","Reverse"
"327","C2G",20,6,"One","Reverse"
"328","C2T",20,347,"One","Reverse"
"329","G2A",20,259,"One","Reverse"
"330","G2C",20,8,"One","Reverse"
"331","G2G",20,2459,"One","Reverse"
"332","G2T",20,105,"One","Reverse"
"333","T2A",20,545,"One","Reverse"
"334","T2C",20,188,"One","Reverse"
"335","T2G",20,131,"One","Reverse"
"336","T2T",20,5592,"One","Reverse"
"337","A2A",21,1541,"One","Reverse"
"338","A2C",21,314,"One","Reverse"
"339","A2G",21,54,"One","Reverse"
"340","A2T",21,203,"One","Reverse"
"341","C2A",21,143,"One","Reverse"
"342","C2C",21,854,"One","Reverse"
"343","C2G",21,3,"One","Reverse"
"344","C2T",21,46,"One","Reverse"
"345","G2A",21,46,"One","Reverse"
"346","G2C",21,18,"One","Reverse"
"347","G2G",21,1463,"One","Reverse"
"348","G2T",21,53,"One","Reverse"
"349","T2A",21,233,"One","Reverse"
"350","T2C",21,23,"One","Reverse"
"351","T2G",21,81,"One","Reverse"
"352","T2T",21,1971,"One","Reverse"
"353","A2A",22,1761,"One","Reverse"
"354","A2C",22,143,"One","Reverse"
"355","A2G",22,31,"One","Reverse"
"356","A2T",22,84,"One","Reverse"
"357","C2A",22,102,"One","Reverse"
"358","C2C",22,1163,"One","Reverse"
"359","C2G",22,2,"One","Reverse"
"360","C2T",22,119,"One","Reverse"
"361","G2A",22,89,"One","Reverse"
"362","G2C",22,17,"One","Reverse"
"363","G2G",22,1315,"One","Reverse"
"364","G2T",22,40,"One","Reverse"
"365","T2A",22,199,"One","Reverse"
"366","T2C",22,351,"One","Reverse"
"367","T2G",22,49,"One","Reverse"
"368","T2T",22,2603,"One","Reverse"
"369","A2A",23,2009,"One","Reverse"
"370","A2C",23,136,"One","Reverse"
"371","A2G",23,44,"One","Reverse"
"372","A2T",23,59,"One","Reverse"
"373","C2A",23,127,"One","Reverse"
"374","C2C",23,1370,"One","Reverse"
"375","C2G",23,10,"One","Reverse"
"376","C2T",23,198,"One","Reverse"
"377","G2A",23,59,"One","Reverse"
"378","G2C",23,16,"One","Reverse"
"379","G2G",23,2486,"One","Reverse"
"380","G2T",23,25,"One","Reverse"
"381","T2A",23,206,"One","Reverse"
"382","T2C",23,311,"One","Reverse"
"383","T2G",23,66,"One","Reverse"
"384","T2T",23,2875,"One","Reverse"
"385","A2A",24,14011,"One","Reverse"
"386","A2C",24,220,"One","Reverse"
"387","A2G",24,215,"One","Reverse"
"388","A2T",24,212,"One","Reverse"
"389","C2A",24,113,"One","Reverse"
"390","C2C",24,2704,"One","Reverse"
"391","C2G",24,7,"One","Reverse"
"392","C2T",24,58,"One","Reverse"
"393","G2A",24,73,"One","Reverse"
"394","G2C",24,35,"One","Reverse"
"395","G2G",24,6546,"One","Reverse"
"396","G2T",24,25,"One","Reverse"
"397","T2A",24,234,"One","Reverse"
"398","T2C",24,435,"One","Reverse"
"399","T2G",24,123,"One","Reverse"
"400","T2T",24,11964,"One","Reverse"
"401","A2A",25,13060,"One","Reverse"
"402","A2C",25,178,"One","Reverse"
"403","A2G",25,121,"One","Reverse"
"404","A2T",25,297,"One","Reverse"
"405","C2A",25,218,"One","Reverse"
"406","C2C",25,5850,"One","Reverse"
"407","C2G",25,20,"One","Reverse"
"408","C2T",25,70,"One","Reverse"
"409","G2A",25,225,"One","Reverse"
"410","G2C",25,65,"One","Reverse"
"411","G2G",25,8101,"One","Reverse"
"412","G2T",25,26,"One","Reverse"
"413","T2A",25,218,"One","Reverse"
"414","T2C",25,535,"One","Reverse"
"415","T2G",25,52,"One","Reverse"
"416","T2T",25,15320,"One","Reverse"
"417","A2A",26,33965,"One","Reverse"
"418","A2C",26,235,"One","Reverse"
"419","A2G",26,375,"One","Reverse"
"420","A2T",26,258,"One","Reverse"
"421","C2A",26,141,"One","Reverse"
"422","C2C",26,9188,"One","Reverse"
"423","C2G",26,29,"One","Reverse"
"424","C2T",26,186,"One","Reverse"
"425","G2A",26,171,"One","Reverse"
"426","G2C",26,62,"One","Reverse"
"427","G2G",26,12623,"One","Reverse"
"428","G2T",26,35,"One","Reverse"
"429","T2A",26,291,"One","Reverse"
"430","T2C",26,411,"One","Reverse"
"431","T2G",26,103,"One","Reverse"
"432","T2T",26,26343,"One","Reverse"
"433","A2A",27,28672,"One","Reverse"
"434","A2C",27,182,"One","Reverse"
"435","A2G",27,690,"One","Reverse"
"436","A2T",27,333,"One","Reverse"
"437","C2A",27,152,"One","Reverse"
"438","C2C",27,13307,"One","Reverse"
"439","C2G",27,25,"One","Reverse"
"440","C2T",27,215,"One","Reverse"
"441","G2A",27,109,"One","Reverse"
"442","G2C",27,90,"One","Reverse"
"443","G2G",27,13397,"One","Reverse"
"444","G2T",27,43,"One","Reverse"
"445","T2A",27,333,"One","Reverse"
"446","T2C",27,643,"One","Reverse"
"447","T2G",27,99,"One","Reverse"
"448","T2T",27,30317,"One","Reverse"
"449","A2A",28,23675,"One","Reverse"
"450","A2C",28,261,"One","Reverse"
"451","A2G",28,887,"One","Reverse"
"452","A2T",28,285,"One","Reverse"
"453","C2A",28,115,"One","Reverse"
"454","C2C",28,8616,"One","Reverse"
"455","C2G",28,12,"One","Reverse"
"456","C2T",28,142,"One","Reverse"
"457","G2A",28,73,"One","Reverse"
"458","G2C",28,60,"One","Reverse"
"459","G2G",28,13244,"One","Reverse"
"460","G2T",28,49,"One","Reverse"
"461","T2A",28,217,"One","Reverse"
"462","T2C",28,619,"One","Reverse"
"463","T2G",28,123,"One","Reverse"
"464","T2T",28,22570,"One","Reverse"
"465","A2A",29,25491,"One","Reverse"
"466","A2C",29,298,"One","Reverse"
"467","A2G",29,1088,"One","Reverse"
"468","A2T",29,230,"One","Reverse"
"469","C2A",29,98,"One","Reverse"
"470","C2C",29,9824,"One","Reverse"
"471","C2G",29,14,"One","Reverse"
"472","C2T",29,281,"One","Reverse"
"473","G2A",29,29,"One","Reverse"
"474","G2C",29,81,"One","Reverse"
"475","G2G",29,15918,"One","Reverse"
"476","G2T",29,16,"One","Reverse"
"477","T2A",29,287,"One","Reverse"
"478","T2C",29,589,"One","Reverse"
"479","T2G",29,79,"One","Reverse"
"480","T2T",29,26782,"One","Reverse"
"481","A2A",30,35582,"One","Reverse"
"482","A2C",30,238,"One","Reverse"
"483","A2G",30,2527,"One","Reverse"
"484","A2T",30,544,"One","Reverse"
"485","C2A",30,97,"One","Reverse"
"486","C2C",30,14549,"One","Reverse"
"487","C2G",30,32,"One","Reverse"
"488","C2T",30,271,"One","Reverse"
"489","G2A",30,116,"One","Reverse"
"490","G2C",30,47,"One","Reverse"
"491","G2G",30,26567,"One","Reverse"
"492","G2T",30,27,"One","Reverse"
"493","T2A",30,1111,"One","Reverse"
"494","T2C",30,668,"One","Reverse"
"495","T2G",30,101,"One","Reverse"
"496","T2T",30,36797,"One","Reverse"
"497","A2A",31,45517,"One","Reverse"
"498","A2C",31,1005,"One","Reverse"
"499","A2G",31,2975,"One","Reverse"
"500","A2T",31,755,"One","Reverse"
"501","C2A",31,188,"One","Reverse"
"502","C2C",31,15234,"One","Reverse"
"503","C2G",31,23,"One","Reverse"
"504","C2T",31,461,"One","Reverse"
"505","G2A",31,131,"One","Reverse"
"506","G2C",31,97,"One","Reverse"
"507","G2G",31,36174,"One","Reverse"
"508","G2T",31,46,"One","Reverse"
"509","T2A",31,268,"One","Reverse"
"510","T2C",31,1509,"One","Reverse"
"511","T2G",31,80,"One","Reverse"
"512","T2T",31,50965,"One","Reverse"
"513","A2A",32,80873,"One","Reverse"
"514","A2C",32,234,"One","Reverse"
"515","A2G",32,4638,"One","Reverse"
"516","A2T",32,445,"One","Reverse"
"517","C2A",32,538,"One","Reverse"
"518","C2C",32,25844,"One","Reverse"
"519","C2G",32,36,"One","Reverse"
"520","C2T",32,454,"One","Reverse"
"521","G2A",32,280,"One","Reverse"
"522","G2C",32,37,"One","Reverse"
"523","G2G",32,171474,"One","Reverse"
"524","G2T",32,74,"One","Reverse"
"525","T2A",32,1416,"One","Reverse"
"526","T2C",32,1191,"One","Reverse"
"527","T2G",32,128,"One","Reverse"
"528","T2T",32,126232,"One","Reverse"
"529","A2A",33,185369,"One","Reverse"
"530","A2C",33,428,"One","Reverse"
"531","A2G",33,7494,"One","Reverse"
"532","A2T",33,816,"One","Reverse"
"533","C2A",33,509,"One","Reverse"
"534","C2C",33,46259,"One","Reverse"
"535","C2G",33,80,"One","Reverse"
"536","C2T",33,1307,"One","Reverse"
"537","G2A",33,757,"One","Reverse"
"538","G2C",33,473,"One","Reverse"
"539","G2G",33,152385,"One","Reverse"
"540","G2T",33,131,"One","Reverse"
"541","T2A",33,924,"One","Reverse"
"542","T2C",33,2397,"One","Reverse"
"543","T2G",33,225,"One","Reverse"
"544","T2T",33,304895,"One","Reverse"
"545","A2A",34,346400,"One","Reverse"
"546","A2C",34,305,"One","Reverse"
"547","A2G",34,9928,"One","Reverse"
"548","A2T",34,1066,"One","Reverse"
"549","C2A",34,174,"One","Reverse"
"550","C2C",34,69811,"One","Reverse"
"551","C2G",34,163,"One","Reverse"
"552","C2T",34,1916,"One","Reverse"
"553","G2A",34,1381,"One","Reverse"
"554","G2C",34,474,"One","Reverse"
"555","G2G",34,480966,"One","Reverse"
"556","G2T",34,88,"One","Reverse"
"557","T2A",34,506,"One","Reverse"
"558","T2C",34,4033,"One","Reverse"
"559","T2G",34,157,"One","Reverse"
"560","T2T",34,470322,"One","Reverse"
"561","A2A",35,1038296,"One","Reverse"
"562","A2C",35,300,"One","Reverse"
"563","A2G",35,8817,"One","Reverse"
"564","A2T",35,1845,"One","Reverse"
"565","C2A",35,242,"One","Reverse"
"566","C2C",35,96044,"One","Reverse"
"567","C2G",35,126,"One","Reverse"
"568","C2T",35,1748,"One","Reverse"
"569","G2A",35,1245,"One","Reverse"
"570","G2C",35,508,"One","Reverse"
"571","G2G",35,650816,"One","Reverse"
"572","G2T",35,108,"One","Reverse"
"573","T2A",35,495,"One","Reverse"
"574","T2C",35,4343,"One","Reverse"
"575","T2G",35,945,"One","Reverse"
"576","T2T",35,675960,"One","Reverse"
"577","A2A",36,2502736,"One","Reverse"
"578","A2C",36,1298,"One","Reverse"
"579","A2G",36,9919,"One","Reverse"
"580","A2T",36,1651,"One","Reverse"
"581","C2A",36,274,"One","Reverse"
"582","C2C",36,270397,"One","Reverse"
"583","C2G",36,122,"One","Reverse"
"584","C2T",36,1739,"One","Reverse"
"585","G2A",36,1768,"One","Reverse"
"586","G2C",36,416,"One","Reverse"
"587","G2G",36,1093232,"One","Reverse"
"588","G2T",36,122,"One","Reverse"
"589","T2A",36,2140,"One","Reverse"
"590","T2C",36,5246,"One","Reverse"
"591","T2G",36,667,"One","Reverse"
"592","T2T",36,1583652,"One","Reverse"
"593","A2A",37,6146332,"One","Reverse"
"594","A2C",37,2021,"One","Reverse"
"595","A2G",37,8770,"One","Reverse"
"596","A2T",37,4536,"One","Reverse"
"597","C2A",37,738,"One","Reverse"
"598","C2C",37,1854801,"One","Reverse"
"599","C2G",37,372,"One","Reverse"
"600","C2T",37,2283,"One","Reverse"
"601","G2A",37,2538,"One","Reverse"
"602","G2C",37,357,"One","Reverse"
"603","G2G",37,1029133,"One","Reverse"
"604","G2T",37,447,"One","Reverse"
"605","T2A",37,2818,"One","Reverse"
"606","T2C",37,5841,"One","Reverse"
"607","T2G",37,2295,"One","Reverse"
"608","T2T",37,3841036,"One","Reverse"
"609","A2A",38,14186198,"One","Reverse"
"610","A2C",38,2917,"One","Reverse"
"611","A2G",38,5646,"One","Reverse"
"612","A2T",38,2736,"One","Reverse"
"613","C2A",38,1698,"One","Reverse"
"614","C2C",38,7756388,"One","Reverse"
"615","C2G",38,342,"One","Reverse"
"616","C2T",38,2599,"One","Reverse"
"617","G2A",38,2250,"One","Reverse"
"618","G2C",38,570,"One","Reverse"
"619","G2G",38,4545288,"One","Reverse"
"620","G2T",38,1277,"One","Reverse"
"621","T2A",38,3207,"One","Reverse"
"622","T2C",38,4312,"One","Reverse"
"623","T2G",38,785,"One","Reverse"
"624","T2T",38,10612421,"One","Reverse"
"625","A2A",39,26555878,"One","Reverse"
"626","A2C",39,2086,"One","Reverse"
"627","A2G",39,5794,"One","Reverse"
"628","A2T",39,2643,"One","Reverse"
"629","C2A",39,1511,"One","Reverse"
"630","C2C",39,6450922,"One","Reverse"
"631","C2G",39,301,"One","Reverse"
"632","C2T",39,2220,"One","Reverse"
"633","G2A",39,2024,"One","Reverse"
"634","G2C",39,428,"One","Reverse"
"635","G2G",39,6061641,"One","Reverse"
"636","G2T",39,719,"One","Reverse"
"637","T2A",39,3912,"One","Reverse"
"638","T2C",39,4331,"One","Reverse"
"639","T2G",39,745,"One","Reverse"
"640","T2T",39,10124152,"One","Reverse"
"641","A2A",40,3,"One","Reverse"
"642","A2C",40,0,"One","Reverse"
"643","A2G",40,0,"One","Reverse"
"644","A2T",40,0,"One","Reverse"
"645","C2A",40,0,"One","Reverse"
"646","C2C",40,3,"One","Reverse"
"647","C2G",40,0,"One","Reverse"
"648","C2T",40,0,"One","Reverse"
"649","G2A",40,0,"One","Reverse"
"650","G2C",40,0,"One","Reverse"
"651","G2G",40,0,"One","Reverse"
"652","G2T",40,0,"One","Reverse"
"653","T2A",40,0,"One","Reverse"
"654","T2C",40,0,"One","Reverse"
"655","T2G",40,0,"One","Reverse"
"656","T2T",40,9,"One","Reverse"
"657","A2A",0,0,"Two","Reverse"
"658","A2C",0,0,"Two","Reverse"
"659","A2G",0,0,"Two","Reverse"
"660","A2T",0,0,"Two","Reverse"
"661","C2A",0,0,"Two","Reverse"
"662","C2C",0,0,"Two","Reverse"
"663","C2G",0,0,"Two","Reverse"
"664","C2T",0,0,"Two","Reverse"
"665","G2A",0,0,"Two","Reverse"
"666","G2C",0,0,"Two","Reverse"
"667","G2G",0,0,"Two","Reverse"
"668","G2T",0,0,"Two","Reverse"
"669","T2A",0,0,"Two","Reverse"
"670","T2C",0,0,"Two","Reverse"
"671","T2G",0,0,"Two","Reverse"
"672","T2T",0,0,"Two","Reverse"
"673","A2A",1,0,"Two","Reverse"
"674","A2C",1,0,"Two","Reverse"
"675","A2G",1,0,"Two","Reverse"
"676","A2T",1,0,"Two","Reverse"
"677","C2A",1,0,"Two","Reverse"
"678","C2C",1,0,"Two","Reverse"
"679","C2G",1,0,"Two","Reverse"
"680","C2T",1,0,"Two","Reverse"
"681","G2A",1,0,"Two","Reverse"
"682","G2C",1,0,"Two","Reverse"
"683","G2G",1,0,"Two","Reverse"
"684","G2T",1,0,"Two","Reverse"
"685","T2A",1,0,"Two","Reverse"
"686","T2C",1,0,"Two","Reverse"
"687","T2G",1,0,"Two","Reverse"
"688","T2T",1,0,"Two","Reverse"
"689","A2A",2,0,"Two","Reverse"
"690","A2C",2,0,"Two","Reverse"
"691","A2G",2,0,"Two","Reverse"
"692","A2T",2,0,"Two","Reverse"
"693","C2A",2,0,"Two","Reverse"
"694","C2C",2,0,"Two","Reverse"
"695","C2G",2,0,"Two","Reverse"
"696","C2T",2,0,"Two","Reverse"
"697","G2A",2,0,"Two","Reverse"
"698","G2C",2,0,"Two","Reverse"
"699","G2G",2,0,"Two","Reverse"
"700","G2T",2,0,"Two","Reverse"
"701","T2A",2,0,"Two","Reverse"
"702","T2C",2,0,"Two","Reverse"
"703","T2G",2,0,"Two","Reverse"
"704","T2T",2,0,"Two","Reverse"
"705","A2A",3,0,"Two","Reverse"
"706","A2C",3,0,"Two","Reverse"
"707","A2G",3,0,"Two","Reverse"
"708","A2T",3,0,"Two","Reverse"
"709","C2A",3,0,"Two","Reverse"
"710","C2C",3,0,"Two","Reverse"
"711","C2G",3,0,"Two","Reverse"
"712","C2T",3,0,"Two","Reverse"
"713","G2A",3,0,"Two","Reverse"
"714","G2C",3,0,"Two","Reverse"
"715","G2G",3,0,"Two","Reverse"
"716","G2T",3,0,"Two","Reverse"
"717","T2A",3,0,"Two","Reverse"
"718","T2C",3,0,"Two","Reverse"
"719","T2G",3,0,"Two","Reverse"
"720","T2T",3,0,"Two","Reverse"
"721","A2A",4,0,"Two","Reverse"
"722","A2C",4,0,"Two","Reverse"
"723","A2G",4,0,"Two","Reverse"
"724","A2T",4,0,"Two","Reverse"
"725","C2A",4,0,"Two","Reverse"
"726","C2C",4,0,"Two","Reverse"
"727","C2G",4,0,"Two","Reverse"
"728","C2T",4,0,"Two","Reverse"
"729","G2A",4,0,"Two","Reverse"
"730","G2C",4,0,"Two","Reverse"
"731","G2G",4,0,"Two","Reverse"
"732","G2T",4,0,"Two","Reverse"
"733","T2A",4,0,"Two","Reverse"
"734","T2C",4,0,"Two","Reverse"
"735","T2G",4,0,"Two","Reverse"
"736","T2T",4,0,"Two","Reverse"
"737","A2A",5,0,"Two","Reverse"
"738","A2C",5,0,"Two","Reverse"
"739","A2G",5,0,"Two","Reverse"
"740","A2T",5,0,"Two","Reverse"
"741","C2A",5,0,"Two","Reverse"
"742","C2C",5,0,"Two","Reverse"
"743","C2G",5,0,"Two","Reverse"
"744","C2T",5,0,"Two","Reverse"
"745","G2A",5,0,"Two","Reverse"
"746","G2C",5,0,"Two","Reverse"
"747","G2G",5,0,"Two","Reverse"
"748","G2T",5,0,"Two","Reverse"
"749","T2A",5,0,"Two","Reverse"
"750","T2C",5,0,"Two","Reverse"
"751","T2G",5,0,"Two","Reverse"
"752","T2T",5,0,"Two","Reverse"
"753","A2A",6,0,"Two","Reverse"
"754","A2C",6,0,"Two","Reverse"
"755","A2G",6,0,"Two","Reverse"
"756","A2T",6,0,"Two","Reverse"
"757","C2A",6,0,"Two","Reverse"
"758","C2C",6,0,"Two","Reverse"
"759","C2G",6,0,"Two","Reverse"
"760","C2T",6,0,"Two","Reverse"
"761","G2A",6,0,"Two","Reverse"
"762","G2C",6,0,"Two","Reverse"
"763","G2G",6,0,"Two","Reverse"
"764","G2T",6,0,"Two","Reverse"
"765","T2A",6,0,"Two","Reverse"
"766","T2C",6,0,"Two","Reverse"
"767","T2G",6,0,"Two","Reverse"
"768","T2T",6,0,"Two","Reverse"
"769","A2A",7,0,"Two","Reverse"
"770","A2C",7,0,"Two","Reverse"
"771","A2G",7,0,"Two","Reverse"
"772","A2T",7,0,"Two","Reverse"
"773","C2A",7,0,"Two","Reverse"
"774","C2C",7,0,"Two","Reverse"
"775","C2G",7,0,"Two","Reverse"
"776","C2T",7,0,"Two","Reverse"
"777","G2A",7,0,"Two","Reverse"
"778","G2C",7,0,"Two","Reverse"
"779","G2G",7,0,"Two","Reverse"
"780","G2T",7,0,"Two","Reverse"
"781","T2A",7,0,"Two","Reverse"
"782","T2C",7,0,"Two","Reverse"
"783","T2G",7,0,"Two","Reverse"
"784","T2T",7,0,"Two","Reverse"
"785","A2A",8,0,"Two","Reverse"
"786","A2C",8,0,"Two","Reverse"
"787","A2G",8,0,"Two","Reverse"
"788","A2T",8,0,"Two","Reverse"
"789","C2A",8,0,"Two","Reverse"
"790","C2C",8,0,"Two","Reverse"
"791","C2G",8,0,"Two","Reverse"
"792","C2T",8,0,"Two","Reverse"
"793","G2A",8,0,"Two","Reverse"
"794","G2C",8,0,"Two","Reverse"
"795","G2G",8,0,"Two","Reverse"
"796","G2T",8,0,"Two","Reverse"
"797","T2A",8,0,"Two","Reverse"
"798","T2C",8,0,"Two","Reverse"
"799","T2G",8,0,"Two","Reverse"
"800","T2T",8,0,"Two","Reverse"
"801","A2A",9,0,"Two","Reverse"
"802","A2C",9,0,"Two","Reverse"
"803","A2G",9,0,"Two","Reverse"
"804","A2T",9,0,"Two","Reverse"
"805","C2A",9,0,"Two","Reverse"
"806","C2C",9,0,"Two","Reverse"
"807","C2G",9,0,"Two","Reverse"
"808","C2T",9,0,"Two","Reverse"
"809","G2A",9,0,"Two","Reverse"
"810","G2C",9,0,"Two","Reverse"
"811","G2G",9,0,"Two","Reverse"
"812","G2T",9,0,"Two","Reverse"
"813","T2A",9,0,"Two","Reverse"
"814","T2C",9,0,"Two","Reverse"
"815","T2G",9,0,"Two","Reverse"
"816","T2T",9,0,"Two","Reverse"
"817","A2A",10,0,"Two","Reverse"
"818","A2C",10,0,"Two","Reverse"
"819","A2G",10,0,"Two","Reverse"
"820","A2T",10,0,"Two","Reverse"
"821","C2A",10,0,"Two","Reverse"
"822","C2C",10,0,"Two","Reverse"
"823","C2G",10,0,"Two","Reverse"
"824","C2T",10,0,"Two","Reverse"
"825","G2A",10,0,"Two","Reverse"
"826","G2C",10,0,"Two","Reverse"
"827","G2G",10,0,"Two","Reverse"
"828","G2T",10,0,"Two","Reverse"
"829","T2A",10,0,"Two","Reverse"
"830","T2C",10,0,"Two","Reverse"
"831","T2G",10,0,"Two","Reverse"
"832","T2T",10,0,"Two","Reverse"
"833","A2A",11,0,"Two","Reverse"
"834","A2C",11,0,"Two","Reverse"
"835","A2G",11,0,"Two","Reverse"
"836","A2T",11,0,"Two","Reverse"
"837","C2A",11,0,"Two","Reverse"
"838","C2C",11,0,"Two","Reverse"
"839","C2G",11,0,"Two","Reverse"
"840","C2T",11,0,"Two","Reverse"
"841","G2A",11,0,"Two","Reverse"
"842","G2C",11,0,"Two","Reverse"
"843","G2G",11,0,"Two","Reverse"
"844","G2T",11,0,"Two","Reverse"
"845","T2A",11,0,"Two","Reverse"
"846","T2C",11,0,"Two","Reverse"
"847","T2G",11,0,"Two","Reverse"
"848","T2T",11,0,"Two","Reverse"
"849","A2A",12,3216,"Two","Reverse"
"850","A2C",12,407,"Two","Reverse"
"851","A2G",12,200,"Two","Reverse"
"852","A2T",12,39,"Two","Reverse"
"853","C2A",12,79,"Two","Reverse"
"854","C2C",12,3689,"Two","Reverse"
"855","C2G",12,83,"Two","Reverse"
"856","C2T",12,37,"Two","Reverse"
"857","G2A",12,24,"Two","Reverse"
"858","G2C",12,62,"Two","Reverse"
"859","G2G",12,3046,"Two","Reverse"
"860","G2T",12,90,"Two","Reverse"
"861","T2A",12,53,"Two","Reverse"
"862","T2C",12,248,"Two","Reverse"
"863","T2G",12,475,"Two","Reverse"
"864","T2T",12,677,"Two","Reverse"
"865","A2A",13,4187,"Two","Reverse"
"866","A2C",13,512,"Two","Reverse"
"867","A2G",13,428,"Two","Reverse"
"868","A2T",13,143,"Two","Reverse"
"869","C2A",13,699,"Two","Reverse"
"870","C2C",13,5481,"Two","Reverse"
"871","C2G",13,89,"Two","Reverse"
"872","C2T",13,625,"Two","Reverse"
"873","G2A",13,128,"Two","Reverse"
"874","G2C",13,145,"Two","Reverse"
"875","G2G",13,13649,"Two","Reverse"
"876","G2T",13,144,"Two","Reverse"
"877","T2A",13,152,"Two","Reverse"
"878","T2C",13,198,"Two","Reverse"
"879","T2G",13,1520,"Two","Reverse"
"880","T2T",13,5521,"Two","Reverse"
"881","A2A",14,14406,"Two","Reverse"
"882","A2C",14,867,"Two","Reverse"
"883","A2G",14,611,"Two","Reverse"
"884","A2T",14,462,"Two","Reverse"
"885","C2A",14,744,"Two","Reverse"
"886","C2C",14,6050,"Two","Reverse"
"887","C2G",14,153,"Two","Reverse"
"888","C2T",14,296,"Two","Reverse"
"889","G2A",14,610,"Two","Reverse"
"890","G2C",14,78,"Two","Reverse"
"891","G2G",14,12929,"Two","Reverse"
"892","G2T",14,511,"Two","Reverse"
"893","T2A",14,1172,"Two","Reverse"
"894","T2C",14,869,"Two","Reverse"
"895","T2G",14,1995,"Two","Reverse"
"896","T2T",14,9778,"Two","Reverse"
"897","A2A",15,29495,"Two","Reverse"
"898","A2C",15,1416,"Two","Reverse"
"899","A2G",15,814,"Two","Reverse"
"900","A2T",15,1177,"Two","Reverse"
"901","C2A",15,1133,"Two","Reverse"
"902","C2C",15,10200,"Two","Reverse"
"903","C2G",15,142,"Two","Reverse"
"904","C2T",15,933,"Two","Reverse"
"905","G2A",15,718,"Two","Reverse"
"906","G2C",15,195,"Two","Reverse"
"907","G2G",15,14278,"Two","Reverse"
"908","G2T",15,867,"Two","Reverse"
"909","T2A",15,2093,"Two","Reverse"
"910","T2C",15,864,"Two","Reverse"
"911","T2G",15,598,"Two","Reverse"
"912","T2T",15,27860,"Two","Reverse"
"913","A2A",16,14040,"Two","Reverse"
"914","A2C",16,885,"Two","Reverse"
"915","A2G",16,640,"Two","Reverse"
"916","A2T",16,241,"Two","Reverse"
"917","C2A",16,1318,"Two","Reverse"
"918","C2C",16,8399,"Two","Reverse"
"919","C2G",16,41,"Two","Reverse"
"920","C2T",16,317,"Two","Reverse"
"921","G2A",16,675,"Two","Reverse"
"922","G2C",16,82,"Two","Reverse"
"923","G2G",16,9514,"Two","Reverse"
"924","G2T",16,679,"Two","Reverse"
"925","T2A",16,1233,"Two","Reverse"
"926","T2C",16,483,"Two","Reverse"
"927","T2G",16,475,"Two","Reverse"
"928","T2T",16,13573,"Two","Reverse"
"929","A2A",17,10474,"Two","Reverse"
"930","A2C",17,343,"Two","Reverse"
"931","A2G",17,421,"Two","Reverse"
"932","A2T",17,217,"Two","Reverse"
"933","C2A",17,425,"Two","Reverse"
"934","C2C",17,2601,"Two","Reverse"
"935","C2G",17,19,"Two","Reverse"
"936","C2T",17,270,"Two","Reverse"
"937","G2A",17,417,"Two","Reverse"
"938","G2C",17,16,"Two","Reverse"
"939","G2G",17,4542,"Two","Reverse"
"940","G2T",17,239,"Two","Reverse"
"941","T2A",17,800,"Two","Reverse"
"942","T2C",17,199,"Two","Reverse"
"943","T2G",17,290,"Two","Reverse"
"944","T2T",17,8886,"Two","Reverse"
"945","A2A",18,4648,"Two","Reverse"
"946","A2C",18,339,"Two","Reverse"
"947","A2G",18,278,"Two","Reverse"
"948","A2T",18,255,"Two","Reverse"
"949","C2A",18,311,"Two","Reverse"
"950","C2C",18,2757,"Two","Reverse"
"951","C2G",18,28,"Two","Reverse"
"952","C2T",18,105,"Two","Reverse"
"953","G2A",18,121,"Two","Reverse"
"954","G2C",18,27,"Two","Reverse"
"955","G2G",18,2767,"Two","Reverse"
"956","G2T",18,78,"Two","Reverse"
"957","T2A",18,235,"Two","Reverse"
"958","T2C",18,200,"Two","Reverse"
"959","T2G",18,506,"Two","Reverse"
"960","T2T",18,4091,"Two","Reverse"
"961","A2A",19,4860,"Two","Reverse"
"962","A2C",19,129,"Two","Reverse"
"963","A2G",19,127,"Two","Reverse"
"964","A2T",19,222,"Two","Reverse"
"965","C2A",19,337,"Two","Reverse"
"966","C2C",19,739,"Two","Reverse"
"967","C2G",19,35,"Two","Reverse"
"968","C2T",19,374,"Two","Reverse"
"969","G2A",19,119,"Two","Reverse"
"970","G2C",19,43,"Two","Reverse"
"971","G2G",19,2723,"Two","Reverse"
"972","G2T",19,128,"Two","Reverse"
"973","T2A",19,119,"Two","Reverse"
"974","T2C",19,166,"Two","Reverse"
"975","T2G",19,287,"Two","Reverse"
"976","T2T",19,5416,"Two","Reverse"
"977","A2A",20,5449,"Two","Reverse"
"978","A2C",20,159,"Two","Reverse"
"979","A2G",20,109,"Two","Reverse"
"980","A2T",20,131,"Two","Reverse"
"981","C2A",20,276,"Two","Reverse"
"982","C2C",20,835,"Two","Reverse"
"983","C2G",20,10,"Two","Reverse"
"984","C2T",20,347,"Two","Reverse"
"985","G2A",20,126,"Two","Reverse"
"986","G2C",20,31,"Two","Reverse"
"987","G2G",20,3257,"Two","Reverse"
"988","G2T",20,131,"Two","Reverse"
"989","T2A",20,361,"Two","Reverse"
"990","T2C",20,65,"Two","Reverse"
"991","T2G",20,106,"Two","Reverse"
"992","T2T",20,4259,"Two","Reverse"
"993","A2A",21,1566,"Two","Reverse"
"994","A2C",21,81,"Two","Reverse"
"995","A2G",21,18,"Two","Reverse"
"996","A2T",21,62,"Two","Reverse"
"997","C2A",21,127,"Two","Reverse"
"998","C2C",21,770,"Two","Reverse"
"999","C2G",21,6,"Two","Reverse"
"1000","C2T",21,80,"Two","Reverse"
"1001","G2A",21,3,"Two","Reverse"
"1002","G2C",21,11,"Two","Reverse"
"1003","G2G",21,982,"Two","Reverse"
"1004","G2T",21,74,"Two","Reverse"
"1005","T2A",21,245,"Two","Reverse"
"1006","T2C",21,59,"Two","Reverse"
"1007","T2G",21,36,"Two","Reverse"
"1008","T2T",21,1252,"Two","Reverse"
"1009","A2A",22,1317,"Two","Reverse"
"1010","A2C",22,106,"Two","Reverse"
"1011","A2G",22,47,"Two","Reverse"
"1012","A2T",22,84,"Two","Reverse"
"1013","C2A",22,136,"Two","Reverse"
"1014","C2C",22,1094,"Two","Reverse"
"1015","C2G",22,10,"Two","Reverse"
"1016","C2T",22,158,"Two","Reverse"
"1017","G2A",22,22,"Two","Reverse"
"1018","G2C",22,14,"Two","Reverse"
"1019","G2G",22,2202,"Two","Reverse"
"1020","G2T",22,45,"Two","Reverse"
"1021","T2A",22,94,"Two","Reverse"
"1022","T2C",22,76,"Two","Reverse"
"1023","T2G",22,60,"Two","Reverse"
"1024","T2T",22,1721,"Two","Reverse"
"1025","A2A",23,1729,"Two","Reverse"
"1026","A2C",23,66,"Two","Reverse"
"1027","A2G",23,286,"Two","Reverse"
"1028","A2T",23,102,"Two","Reverse"
"1029","C2A",23,103,"Two","Reverse"
"1030","C2C",23,1728,"Two","Reverse"
"1031","C2G",23,13,"Two","Reverse"
"1032","C2T",23,7,"Two","Reverse"
"1033","G2A",23,16,"Two","Reverse"
"1034","G2C",23,10,"Two","Reverse"
"1035","G2G",23,2661,"Two","Reverse"
"1036","G2T",23,106,"Two","Reverse"
"1037","T2A",23,147,"Two","Reverse"
"1038","T2C",23,154,"Two","Reverse"
"1039","T2G",23,50,"Two","Reverse"
"1040","T2T",23,2299,"Two","Reverse"
"1041","A2A",24,13361,"Two","Reverse"
"1042","A2C",24,184,"Two","Reverse"
"1043","A2G",24,207,"Two","Reverse"
"1044","A2T",24,184,"Two","Reverse"
"1045","C2A",24,129,"Two","Reverse"
"1046","C2C",24,5001,"Two","Reverse"
"1047","C2G",24,17,"Two","Reverse"
"1048","C2T",24,117,"Two","Reverse"
"1049","G2A",24,160,"Two","Reverse"
"1050","G2C",24,36,"Two","Reverse"
"1051","G2G",24,12295,"Two","Reverse"
"1052","G2T",24,120,"Two","Reverse"
"1053","T2A",24,175,"Two","Reverse"
"1054","T2C",24,133,"Two","Reverse"
"1055","T2G",24,97,"Two","Reverse"
"1056","T2T",24,13674,"Two","Reverse"
"1057","A2A",25,9141,"Two","Reverse"
"1058","A2C",25,90,"Two","Reverse"
"1059","A2G",25,116,"Two","Reverse"
"1060","A2T",25,131,"Two","Reverse"
"1061","C2A",25,189,"Two","Reverse"
"1062","C2C",25,5617,"Two","Reverse"
"1063","C2G",25,31,"Two","Reverse"
"1064","C2T",25,100,"Two","Reverse"
"1065","G2A",25,122,"Two","Reverse"
"1066","G2C",25,21,"Two","Reverse"
"1067","G2G",25,10708,"Two","Reverse"
"1068","G2T",25,85,"Two","Reverse"
"1069","T2A",25,112,"Two","Reverse"
"1070","T2C",25,173,"Two","Reverse"
"1071","T2G",25,75,"Two","Reverse"
"1072","T2T",25,10977,"Two","Reverse"
"1073","A2A",26,20913,"Two","Reverse"
"1074","A2C",26,102,"Two","Reverse"
"1075","A2G",26,297,"Two","Reverse"
"1076","A2T",26,170,"Two","Reverse"
"1077","C2A",26,133,"Two","Reverse"
"1078","C2C",26,9332,"Two","Reverse"
"1079","C2G",26,29,"Two","Reverse"
"1080","C2T",26,304,"Two","Reverse"
"1081","G2A",26,243,"Two","Reverse"
"1082","G2C",26,40,"Two","Reverse"
"1083","G2G",26,17295,"Two","Reverse"
"1084","G2T",26,96,"Two","Reverse"
"1085","T2A",26,193,"Two","Reverse"
"1086","T2C",26,444,"Two","Reverse"
"1087","T2G",26,145,"Two","Reverse"
"1088","T2T",26,31798,"Two","Reverse"
"1089","A2A",27,19141,"Two","Reverse"
"1090","A2C",27,125,"Two","Reverse"
"1091","A2G",27,330,"Two","Reverse"
"1092","A2T",27,253,"Two","Reverse"
"1093","C2A",27,73,"Two","Reverse"
"1094","C2C",27,9778,"Two","Reverse"
"1095","C2G",27,32,"Two","Reverse"
"1096","C2T",27,252,"Two","Reverse"
"1097","G2A",27,241,"Two","Reverse"
"1098","G2C",27,31,"Two","Reverse"
"1099","G2G",27,17633,"Two","Reverse"
"1100","G2T",27,111,"Two","Reverse"
"1101","T2A",27,165,"Two","Reverse"
"1102","T2C",27,501,"Two","Reverse"
"1103","T2G",27,127,"Two","Reverse"
"1104","T2T",27,28553,"Two","Reverse"
"1105","A2A",28,22380,"Two","Reverse"
"1106","A2C",28,171,"Two","Reverse"
"1107","A2G",28,594,"Two","Reverse"
"1108","A2T",28,234,"Two","Reverse"
"1109","C2A",28,51,"Two","Reverse"
"1110","C2C",28,8178,"Two","Reverse"
"1111","C2G",28,27,"Two","Reverse"
"1112","C2T",28,250,"Two","Reverse"
"1113","G2A",28,151,"Two","Reverse"
"1114","G2C",28,43,"Two","Reverse"
"1115","G2G",28,14363,"Two","Reverse"
"1116","G2T",28,52,"Two","Reverse"
"1117","T2A",28,261,"Two","Reverse"
"1118","T2C",28,384,"Two","Reverse"
"1119","T2G",28,89,"Two","Reverse"
"1120","T2T",28,81644,"Two","Reverse"
"1121","A2A",29,20937,"Two","Reverse"
"1122","A2C",29,166,"Two","Reverse"
"1123","A2G",29,624,"Two","Reverse"
"1124","A2T",29,147,"Two","Reverse"
"1125","C2A",29,91,"Two","Reverse"
"1126","C2C",29,15469,"Two","Reverse"
"1127","C2G",29,17,"Two","Reverse"
"1128","C2T",29,117,"Two","Reverse"
"1129","G2A",29,604,"Two","Reverse"
"1130","G2C",29,44,"Two","Reverse"
"1131","G2G",29,16836,"Two","Reverse"
"1132","G2T",29,36,"Two","Reverse"
"1133","T2A",29,182,"Two","Reverse"
"1134","T2C",29,548,"Two","Reverse"
"1135","T2G",29,72,"Two","Reverse"
"1136","T2T",29,23539,"Two","Reverse"
"1137","A2A",30,38155,"Two","Reverse"
"1138","A2C",30,201,"Two","Reverse"
"1139","A2G",30,1048,"Two","Reverse"
"1140","A2T",30,316,"Two","Reverse"
"1141","C2A",30,92,"Two","Reverse"
"1142","C2C",30,24566,"Two","Reverse"
"1143","C2G",30,35,"Two","Reverse"
"1144","C2T",30,357,"Two","Reverse"
"1145","G2A",30,595,"Two","Reverse"
"1146","G2C",30,84,"Two","Reverse"
"1147","G2G",30,36240,"Two","Reverse"
"1148","G2T",30,91,"Two","Reverse"
"1149","T2A",30,308,"Two","Reverse"
"1150","T2C",30,1069,"Two","Reverse"
"1151","T2G",30,67,"Two","Reverse"
"1152","T2T",30,32369,"Two","Reverse"
"1153","A2A",31,119445,"Two","Reverse"
"1154","A2C",31,271,"Two","Reverse"
"1155","A2G",31,1432,"Two","Reverse"
"1156","A2T",31,256,"Two","Reverse"
"1157","C2A",31,83,"Two","Reverse"
"1158","C2C",31,27261,"Two","Reverse"
"1159","C2G",31,45,"Two","Reverse"
"1160","C2T",31,527,"Two","Reverse"
"1161","G2A",31,726,"Two","Reverse"
"1162","G2C",31,68,"Two","Reverse"
"1163","G2G",31,84532,"Two","Reverse"
"1164","G2T",31,104,"Two","Reverse"
"1165","T2A",31,330,"Two","Reverse"
"1166","T2C",31,918,"Two","Reverse"
"1167","T2G",31,82,"Two","Reverse"
"1168","T2T",31,42097,"Two","Reverse"
"1169","A2A",32,145101,"Two","Reverse"
"1170","A2C",32,119,"Two","Reverse"
"1171","A2G",32,1527,"Two","Reverse"
"1172","A2T",32,262,"Two","Reverse"
"1173","C2A",32,81,"Two","Reverse"
"1174","C2C",32,42344,"Two","Reverse"
"1175","C2G",32,65,"Two","Reverse"
"1176","C2T",32,544,"Two","Reverse"
"1177","G2A",32,1076,"Two","Reverse"
"1178","G2C",32,81,"Two","Reverse"
"1179","G2G",32,171167,"Two","Reverse"
"1180","G2T",32,85,"Two","Reverse"
"1181","T2A",32,297,"Two","Reverse"
"1182","T2C",32,1681,"Two","Reverse"
"1183","T2G",32,130,"Two","Reverse"
"1184","T2T",32,74856,"Two","Reverse"
"1185","A2A",33,255054,"Two","Reverse"
"1186","A2C",33,272,"Two","Reverse"
"1187","A2G",33,3199,"Two","Reverse"
"1188","A2T",33,594,"Two","Reverse"
"1189","C2A",33,127,"Two","Reverse"
"1190","C2C",33,71176,"Two","Reverse"
"1191","C2G",33,79,"Two","Reverse"
"1192","C2T",33,936,"Two","Reverse"
"1193","G2A",33,2040,"Two","Reverse"
"1194","G2C",33,90,"Two","Reverse"
"1195","G2G",33,549493,"Two","Reverse"
"1196","G2T",33,245,"Two","Reverse"
"1197","T2A",33,503,"Two","Reverse"
"1198","T2C",33,2823,"Two","Reverse"
"1199","T2G",33,193,"Two","Reverse"
"1200","T2T",33,241559,"Two","Reverse"
"1201","A2A",34,493418,"Two","Reverse"
"1202","A2C",34,266,"Two","Reverse"
"1203","A2G",34,5146,"Two","Reverse"
"1204","A2T",34,426,"Two","Reverse"
"1205","C2A",34,114,"Two","Reverse"
"1206","C2C",34,322462,"Two","Reverse"
"1207","C2G",34,91,"Two","Reverse"
"1208","C2T",34,845,"Two","Reverse"
"1209","G2A",34,2128,"Two","Reverse"
"1210","G2C",34,129,"Two","Reverse"
"1211","G2G",34,366559,"Two","Reverse"
"1212","G2T",34,178,"Two","Reverse"
"1213","T2A",34,496,"Two","Reverse"
"1214","T2C",34,3779,"Two","Reverse"
"1215","T2G",34,169,"Two","Reverse"
"1216","T2T",34,544407,"Two","Reverse"
"1217","A2A",35,700488,"Two","Reverse"
"1218","A2C",35,266,"Two","Reverse"
"1219","A2G",35,7686,"Two","Reverse"
"1220","A2T",35,320,"Two","Reverse"
"1221","C2A",35,121,"Two","Reverse"
"1222","C2C",35,606626,"Two","Reverse"
"1223","C2G",35,119,"Two","Reverse"
"1224","C2T",35,2322,"Two","Reverse"
"1225","G2A",35,2632,"Two","Reverse"
"1226","G2C",35,98,"Two","Reverse"
"1227","G2G",35,361186,"Two","Reverse"
"1228","G2T",35,146,"Two","Reverse"
"1229","T2A",35,407,"Two","Reverse"
"1230","T2C",35,3752,"Two","Reverse"
"1231","T2G",35,106,"Two","Reverse"
"1232","T2T",35,1550522,"Two","Reverse"
"1233","A2A",36,2125157,"Two","Reverse"
"1234","A2C",36,221,"Two","Reverse"
"1235","A2G",36,9935,"Two","Reverse"
"1236","A2T",36,305,"Two","Reverse"
"1237","C2A",36,196,"Two","Reverse"
"1238","C2C",36,1177722,"Two","Reverse"
"1239","C2G",36,229,"Two","Reverse"
"1240","C2T",36,1392,"Two","Reverse"
"1241","G2A",36,1536,"Two","Reverse"
"1242","G2C",36,95,"Two","Reverse"
"1243","G2G",36,1461005,"Two","Reverse"
"1244","G2T",36,218,"Two","Reverse"
"1245","T2A",36,420,"Two","Reverse"
"1246","T2C",36,7294,"Two","Reverse"
"1247","T2G",36,181,"Two","Reverse"
"1248","T2T",36,1757855,"Two","Reverse"
"1249","A2A",37,5785000,"Two","Reverse"
"1250","A2C",37,700,"Two","Reverse"
"1251","A2G",37,6798,"Two","Reverse"
"1252","A2T",37,1128,"Two","Reverse"
"1253","C2A",37,330,"Two","Reverse"
"1254","C2C",37,1825854,"Two","Reverse"
"1255","C2G",37,377,"Two","Reverse"
"1256","C2T",37,1715,"Two","Reverse"
"1257","G2A",37,2306,"Two","Reverse"
"1258","G2C",37,318,"Two","Reverse"
"1259","G2G",37,4598800,"Two","Reverse"
"1260","G2T",37,585,"Two","Reverse"
"1261","T2A",37,1206,"Two","Reverse"
"1262","T2C",37,5265,"Two","Reverse"
"1263","T2G",37,561,"Two","Reverse"
"1264","T2T",37,4491562,"Two","Reverse"
"1265","A2A",38,14895470,"Two","Reverse"
"1266","A2C",38,1020,"Two","Reverse"
"1267","A2G",38,7047,"Two","Reverse"
"1268","A2T",38,1369,"Two","Reverse"
"1269","C2A",38,657,"Two","Reverse"
"1270","C2C",38,7009087,"Two","Reverse"
"1271","C2G",38,747,"Two","Reverse"
"1272","C2T",38,2327,"Two","Reverse"
"1273","G2A",38,2799,"Two","Reverse"
"1274","G2C",38,516,"Two","Reverse"
"1275","G2G",38,7831059,"Two","Reverse"
"1276","G2T",38,836,"Two","Reverse"
"1277","T2A",38,1417,"Two","Reverse"
"1278","T2C",38,4575,"Two","Reverse"
"1279","T2G",38,916,"Two","Reverse"
"1280","T2T",38,10328222,"Two","Reverse"
"1281","A2A",39,16599352,"Two","Reverse"
"1282","A2C",39,1487,"Two","Reverse"
"1283","A2G",39,7424,"Two","Reverse"
"1284","A2T",39,2173,"Two","Reverse"
"1285","C2A",39,1108,"Two","Reverse"
"1286","C2C",39,5493375,"Two","Reverse"
"1287","C2G",39,514,"Two","Reverse"
"1288","C2T",39,2789,"Two","Reverse"
"1289","G2A",39,3944,"Two","Reverse"
"1290","G2C",39,645,"Two","Reverse"
"1291","G2G",39,8584159,"Two","Reverse"
"1292","G2T",39,1296,"Two","Reverse"
"1293","T2A",39,1959,"Two","Reverse"
"1294","T2C",39,5165,"Two","Reverse"
"1295","T2G",39,797,"Two","Reverse"
"1296","T2T",39,11715760,"Two","Reverse"
"1297","A2A",40,0,"Two","Reverse"
"1298","A2C",40,0,"Two","Reverse"
"1299","A2G",40,0,"Two","Reverse"
"1300","A2T",40,0,"Two","Reverse"
"1301","C2A",40,0,"Two","Reverse"
"1302","C2C",40,0,"Two","Reverse"
"1303","C2G",40,0,"Two","Reverse"
"1304","C2T",40,0,"Two","Reverse"
"1305","G2A",40,0,"Two","Reverse"
"1306","G2C",40,0,"Two","Reverse"
"1307","G2G",40,0,"Two","Reverse"
"1308","G2T",40,0,"Two","Reverse"
"1309","T2A",40,0,"Two","Reverse"
"1310","T2C",40,0,"Two","Reverse"
"1311","T2G",40,0,"Two","Reverse"
"1312","T2T",40,2,"Two","Reverse"
"1313","A2A",0,0,"Three","Reverse"
"1314","A2C",0,0,"Three","Reverse"
"1315","A2G",0,0,"Three","Reverse"
"1316","A2T",0,0,"Three","Reverse"
"1317","C2A",0,0,"Three","Reverse"
"1318","C2C",0,0,"Three","Reverse"
"1319","C2G",0,0,"Three","Reverse"
"1320","C2T",0,0,"Three","Reverse"
"1321","G2A",0,0,"Three","Reverse"
"1322","G2C",0,0,"Three","Reverse"
"1323","G2G",0,0,"Three","Reverse"
"1324","G2T",0,0,"Three","Reverse"
"1325","T2A",0,0,"Three","Reverse"
"1326","T2C",0,0,"Three","Reverse"
"1327","T2G",0,0,"Three","Reverse"
"1328","T2T",0,0,"Three","Reverse"
"1329","A2A",1,0,"Three","Reverse"
"1330","A2C",1,0,"Three","Reverse"
"1331","A2G",1,0,"Three","Reverse"
"1332","A2T",1,0,"Three","Reverse"
"1333","C2A",1,0,"Three","Reverse"
"1334","C2C",1,0,"Three","Reverse"
"1335","C2G",1,0,"Three","Reverse"
"1336","C2T",1,0,"Three","Reverse"
"1337","G2A",1,0,"Three","Reverse"
"1338","G2C",1,0,"Three","Reverse"
"1339","G2G",1,0,"Three","Reverse"
"1340","G2T",1,0,"Three","Reverse"
"1341","T2A",1,0,"Three","Reverse"
"1342","T2C",1,0,"Three","Reverse"
"1343","T2G",1,0,"Three","Reverse"
"1344","T2T",1,0,"Three","Reverse"
"1345","A2A",2,0,"Three","Reverse"
"1346","A2C",2,0,"Three","Reverse"
"1347","A2G",2,0,"Three","Reverse"
"1348","A2T",2,0,"Three","Reverse"
"1349","C2A",2,0,"Three","Reverse"
"1350","C2C",2,0,"Three","Reverse"
"1351","C2G",2,0,"Three","Reverse"
"1352","C2T",2,0,"Three","Reverse"
"1353","G2A",2,0,"Three","Reverse"
"1354","G2C",2,0,"Three","Reverse"
"1355","G2G",2,0,"Three","Reverse"
"1356","G2T",2,0,"Three","Reverse"
"1357","T2A",2,0,"Three","Reverse"
"1358","T2C",2,0,"Three","Reverse"
"1359","T2G",2,0,"Three","Reverse"
"1360","T2T",2,0,"Three","Reverse"
"1361","A2A",3,0,"Three","Reverse"
"1362","A2C",3,0,"Three","Reverse"
"1363","A2G",3,0,"Three","Reverse"
"1364","A2T",3,0,"Three","Reverse"
"1365","C2A",3,0,"Three","Reverse"
"1366","C2C",3,0,"Three","Reverse"
"1367","C2G",3,0,"Three","Reverse"
"1368","C2T",3,0,"Three","Reverse"
"1369","G2A",3,0,"Three","Reverse"
"1370","G2C",3,0,"Three","Reverse"
"1371","G2G",3,0,"Three","Reverse"
"1372","G2T",3,0,"Three","Reverse"
"1373","T2A",3,0,"Three","Reverse"
"1374","T2C",3,0,"Three","Reverse"
"1375","T2G",3,0,"Three","Reverse"
"1376","T2T",3,0,"Three","Reverse"
"1377","A2A",4,0,"Three","Reverse"
"1378","A2C",4,0,"Three","Reverse"
"1379","A2G",4,0,"Three","Reverse"
"1380","A2T",4,0,"Three","Reverse"
"1381","C2A",4,0,"Three","Reverse"
"1382","C2C",4,0,"Three","Reverse"
"1383","C2G",4,0,"Three","Reverse"
"1384","C2T",4,0,"Three","Reverse"
"1385","G2A",4,0,"Three","Reverse"
"1386","G2C",4,0,"Three","Reverse"
"1387","G2G",4,0,"Three","Reverse"
"1388","G2T",4,0,"Three","Reverse"
"1389","T2A",4,0,"Three","Reverse"
"1390","T2C",4,0,"Three","Reverse"
"1391","T2G",4,0,"Three","Reverse"
"1392","T2T",4,0,"Three","Reverse"
"1393","A2A",5,0,"Three","Reverse"
"1394","A2C",5,0,"Three","Reverse"
"1395","A2G",5,0,"Three","Reverse"
"1396","A2T",5,0,"Three","Reverse"
"1397","C2A",5,0,"Three","Reverse"
"1398","C2C",5,0,"Three","Reverse"
"1399","C2G",5,0,"Three","Reverse"
"1400","C2T",5,0,"Three","Reverse"
"1401","G2A",5,0,"Three","Reverse"
"1402","G2C",5,0,"Three","Reverse"
"1403","G2G",5,0,"Three","Reverse"
"1404","G2T",5,0,"Three","Reverse"
"1405","T2A",5,0,"Three","Reverse"
"1406","T2C",5,0,"Three","Reverse"
"1407","T2G",5,0,"Three","Reverse"
"1408","T2T",5,0,"Three","Reverse"
"1409","A2A",6,0,"Three","Reverse"
"1410","A2C",6,0,"Three","Reverse"
"1411","A2G",6,0,"Three","Reverse"
"1412","A2T",6,0,"Three","Reverse"
"1413","C2A",6,0,"Three","Reverse"
"1414","C2C",6,0,"Three","Reverse"
"1415","C2G",6,0,"Three","Reverse"
"1416","C2T",6,0,"Three","Reverse"
"1417","G2A",6,0,"Three","Reverse"
"1418","G2C",6,0,"Three","Reverse"
"1419","G2G",6,0,"Three","Reverse"
"1420","G2T",6,0,"Three","Reverse"
"1421","T2A",6,0,"Three","Reverse"
"1422","T2C",6,0,"Three","Reverse"
"1423","T2G",6,0,"Three","Reverse"
"1424","T2T",6,0,"Three","Reverse"
"1425","A2A",7,0,"Three","Reverse"
"1426","A2C",7,0,"Three","Reverse"
"1427","A2G",7,0,"Three","Reverse"
"1428","A2T",7,0,"Three","Reverse"
"1429","C2A",7,0,"Three","Reverse"
"1430","C2C",7,0,"Three","Reverse"
"1431","C2G",7,0,"Three","Reverse"
"1432","C2T",7,0,"Three","Reverse"
"1433","G2A",7,0,"Three","Reverse"
"1434","G2C",7,0,"Three","Reverse"
"1435","G2G",7,0,"Three","Reverse"
"1436","G2T",7,0,"Three","Reverse"
"1437","T2A",7,0,"Three","Reverse"
"1438","T2C",7,0,"Three","Reverse"
"1439","T2G",7,0,"Three","Reverse"
"1440","T2T",7,0,"Three","Reverse"
"1441","A2A",8,0,"Three","Reverse"
"1442","A2C",8,0,"Three","Reverse"
"1443","A2G",8,0,"Three","Reverse"
"1444","A2T",8,0,"Three","Reverse"
"1445","C2A",8,0,"Three","Reverse"
"1446","C2C",8,0,"Three","Reverse"
"1447","C2G",8,0,"Three","Reverse"
"1448","C2T",8,0,"Three","Reverse"
"1449","G2A",8,0,"Three","Reverse"
"1450","G2C",8,0,"Three","Reverse"
"1451","G2G",8,0,"Three","Reverse"
"1452","G2T",8,0,"Three","Reverse"
"1453","T2A",8,0,"Three","Reverse"
"1454","T2C",8,0,"Three","Reverse"
"1455","T2G",8,0,"Three","Reverse"
"1456","T2T",8,0,"Three","Reverse"
"1457","A2A",9,0,"Three","Reverse"
"1458","A2C",9,0,"Three","Reverse"
"1459","A2G",9,0,"Three","Reverse"
"1460","A2T",9,0,"Three","Reverse"
"1461","C2A",9,0,"Three","Reverse"
"1462","C2C",9,0,"Three","Reverse"
"1463","C2G",9,0,"Three","Reverse"
"1464","C2T",9,0,"Three","Reverse"
"1465","G2A",9,0,"Three","Reverse"
"1466","G2C",9,0,"Three","Reverse"
"1467","G2G",9,0,"Three","Reverse"
"1468","G2T",9,0,"Three","Reverse"
"1469","T2A",9,0,"Three","Reverse"
"1470","T2C",9,0,"Three","Reverse"
"1471","T2G",9,0,"Three","Reverse"
"1472","T2T",9,0,"Three","Reverse"
"1473","A2A",10,0,"Three","Reverse"
"1474","A2C",10,0,"Three","Reverse"
"1475","A2G",10,0,"Three","Reverse"
"1476","A2T",10,0,"Three","Reverse"
"1477","C2A",10,0,"Three","Reverse"
"1478","C2C",10,0,"Three","Reverse"
"1479","C2G",10,0,"Three","Reverse"
"1480","C2T",10,0,"Three","Reverse"
"1481","G2A",10,0,"Three","Reverse"
"1482","G2C",10,0,"Three","Reverse"
"1483","G2G",10,0,"Three","Reverse"
"1484","G2T",10,0,"Three","Reverse"
"1485","T2A",10,0,"Three","Reverse"
"1486","T2C",10,0,"Three","Reverse"
"1487","T2G",10,0,"Three","Reverse"
"1488","T2T",10,0,"Three","Reverse"
"1489","A2A",11,0,"Three","Reverse"
"1490","A2C",11,0,"Three","Reverse"
"1491","A2G",11,0,"Three","Reverse"
"1492","A2T",11,0,"Three","Reverse"
"1493","C2A",11,0,"Three","Reverse"
"1494","C2C",11,0,"Three","Reverse"
"1495","C2G",11,0,"Three","Reverse"
"1496","C2T",11,0,"Three","Reverse"
"1497","G2A",11,0,"Three","Reverse"
"1498","G2C",11,0,"Three","Reverse"
"1499","G2G",11,0,"Three","Reverse"
"1500","G2T",11,0,"Three","Reverse"
"1501","T2A",11,0,"Three","Reverse"
"1502","T2C",11,0,"Three","Reverse"
"1503","T2G",11,0,"Three","Reverse"
"1504","T2T",11,0,"Three","Reverse"
"1505","A2A",12,4005,"Three","Reverse"
"1506","A2C",12,390,"Three","Reverse"
"1507","A2G",12,1767,"Three","Reverse"
"1508","A2T",12,20,"Three","Reverse"
"1509","C2A",12,24,"Three","Reverse"
"1510","C2C",12,4118,"Three","Reverse"
"1511","C2G",12,161,"Three","Reverse"
"1512","C2T",12,50,"Three","Reverse"
"1513","G2A",12,14,"Three","Reverse"
"1514","G2C",12,30,"Three","Reverse"
"1515","G2G",12,7052,"Three","Reverse"
"1516","G2T",12,38,"Three","Reverse"
"1517","T2A",12,53,"Three","Reverse"
"1518","T2C",12,430,"Three","Reverse"
"1519","T2G",12,6024,"Three","Reverse"
"1520","T2T",12,2702,"Three","Reverse"
"1521","A2A",13,12009,"Three","Reverse"
"1522","A2C",13,434,"Three","Reverse"
"1523","A2G",13,2394,"Three","Reverse"
"1524","A2T",13,92,"Three","Reverse"
"1525","C2A",13,477,"Three","Reverse"
"1526","C2C",13,7816,"Three","Reverse"
"1527","C2G",13,105,"Three","Reverse"
"1528","C2T",13,171,"Three","Reverse"
"1529","G2A",13,340,"Three","Reverse"
"1530","G2C",13,197,"Three","Reverse"
"1531","G2G",13,19878,"Three","Reverse"
"1532","G2T",13,117,"Three","Reverse"
"1533","T2A",13,596,"Three","Reverse"
"1534","T2C",13,1840,"Three","Reverse"
"1535","T2G",13,2771,"Three","Reverse"
"1536","T2T",13,25156,"Three","Reverse"
"1537","A2A",14,30497,"Three","Reverse"
"1538","A2C",14,1528,"Three","Reverse"
"1539","A2G",14,2130,"Three","Reverse"
"1540","A2T",14,321,"Three","Reverse"
"1541","C2A",14,777,"Three","Reverse"
"1542","C2C",14,14125,"Three","Reverse"
"1543","C2G",14,397,"Three","Reverse"
"1544","C2T",14,332,"Three","Reverse"
"1545","G2A",14,362,"Three","Reverse"
"1546","G2C",14,252,"Three","Reverse"
"1547","G2G",14,20901,"Three","Reverse"
"1548","G2T",14,638,"Three","Reverse"
"1549","T2A",14,840,"Three","Reverse"
"1550","T2C",14,1439,"Three","Reverse"
"1551","T2G",14,2016,"Three","Reverse"
"1552","T2T",14,31230,"Three","Reverse"
"1553","A2A",15,30076,"Three","Reverse"
"1554","A2C",15,1724,"Three","Reverse"
"1555","A2G",15,2350,"Three","Reverse"
"1556","A2T",15,793,"Three","Reverse"
"1557","C2A",15,997,"Three","Reverse"
"1558","C2C",15,9023,"Three","Reverse"
"1559","C2G",15,74,"Three","Reverse"
"1560","C2T",15,798,"Three","Reverse"
"1561","G2A",15,480,"Three","Reverse"
"1562","G2C",15,150,"Three","Reverse"
"1563","G2G",15,12202,"Three","Reverse"
"1564","G2T",15,876,"Three","Reverse"
"1565","T2A",15,1138,"Three","Reverse"
"1566","T2C",15,1335,"Three","Reverse"
"1567","T2G",15,1266,"Three","Reverse"
"1568","T2T",15,24752,"Three","Reverse"
"1569","A2A",16,16693,"Three","Reverse"
"1570","A2C",16,1414,"Three","Reverse"
"1571","A2G",16,988,"Three","Reverse"
"1572","A2T",16,302,"Three","Reverse"
"1573","C2A",16,658,"Three","Reverse"
"1574","C2C",16,7257,"Three","Reverse"
"1575","C2G",16,70,"Three","Reverse"
"1576","C2T",16,414,"Three","Reverse"
"1577","G2A",16,441,"Three","Reverse"
"1578","G2C",16,73,"Three","Reverse"
"1579","G2G",16,11130,"Three","Reverse"
"1580","G2T",16,516,"Three","Reverse"
"1581","T2A",16,763,"Three","Reverse"
"1582","T2C",16,700,"Three","Reverse"
"1583","T2G",16,566,"Three","Reverse"
"1584","T2T",16,15717,"Three","Reverse"
"1585","A2A",17,11306,"Three","Reverse"
"1586","A2C",17,342,"Three","Reverse"
"1587","A2G",17,1006,"Three","Reverse"
"1588","A2T",17,319,"Three","Reverse"
"1589","C2A",17,347,"Three","Reverse"
"1590","C2C",17,2042,"Three","Reverse"
"1591","C2G",17,11,"Three","Reverse"
"1592","C2T",17,190,"Three","Reverse"
"1593","G2A",17,193,"Three","Reverse"
"1594","G2C",17,40,"Three","Reverse"
"1595","G2G",17,5793,"Three","Reverse"
"1596","G2T",17,226,"Three","Reverse"
"1597","T2A",17,932,"Three","Reverse"
"1598","T2C",17,450,"Three","Reverse"
"1599","T2G",17,304,"Three","Reverse"
"1600","T2T",17,14121,"Three","Reverse"
"1601","A2A",18,10079,"Three","Reverse"
"1602","A2C",18,340,"Three","Reverse"
"1603","A2G",18,1330,"Three","Reverse"
"1604","A2T",18,156,"Three","Reverse"
"1605","C2A",18,258,"Three","Reverse"
"1606","C2C",18,1938,"Three","Reverse"
"1607","C2G",18,18,"Three","Reverse"
"1608","C2T",18,103,"Three","Reverse"
"1609","G2A",18,98,"Three","Reverse"
"1610","G2C",18,13,"Three","Reverse"
"1611","G2G",18,6407,"Three","Reverse"
"1612","G2T",18,386,"Three","Reverse"
"1613","T2A",18,365,"Three","Reverse"
"1614","T2C",18,297,"Three","Reverse"
"1615","T2G",18,413,"Three","Reverse"
"1616","T2T",18,9438,"Three","Reverse"
"1617","A2A",19,12707,"Three","Reverse"
"1618","A2C",19,306,"Three","Reverse"
"1619","A2G",19,914,"Three","Reverse"
"1620","A2T",19,109,"Three","Reverse"
"1621","C2A",19,128,"Three","Reverse"
"1622","C2C",19,1467,"Three","Reverse"
"1623","C2G",19,11,"Three","Reverse"
"1624","C2T",19,46,"Three","Reverse"
"1625","G2A",19,38,"Three","Reverse"
"1626","G2C",19,41,"Three","Reverse"
"1627","G2G",19,4375,"Three","Reverse"
"1628","G2T",19,85,"Three","Reverse"
"1629","T2A",19,307,"Three","Reverse"
"1630","T2C",19,122,"Three","Reverse"
"1631","T2G",19,161,"Three","Reverse"
"1632","T2T",19,13033,"Three","Reverse"
"1633","A2A",20,14681,"Three","Reverse"
"1634","A2C",20,283,"Three","Reverse"
"1635","A2G",20,949,"Three","Reverse"
"1636","A2T",20,170,"Three","Reverse"
"1637","C2A",20,206,"Three","Reverse"
"1638","C2C",20,1479,"Three","Reverse"
"1639","C2G",20,8,"Three","Reverse"
"1640","C2T",20,136,"Three","Reverse"
"1641","G2A",20,247,"Three","Reverse"
"1642","G2C",20,27,"Three","Reverse"
"1643","G2G",20,10079,"Three","Reverse"
"1644","G2T",20,188,"Three","Reverse"
"1645","T2A",20,293,"Three","Reverse"
"1646","T2C",20,110,"Three","Reverse"
"1647","T2G",20,98,"Three","Reverse"
"1648","T2T",20,16530,"Three","Reverse"
"1649","A2A",21,9393,"Three","Reverse"
"1650","A2C",21,153,"Three","Reverse"
"1651","A2G",21,627,"Three","Reverse"
"1652","A2T",21,81,"Three","Reverse"
"1653","C2A",21,78,"Three","Reverse"
"1654","C2C",21,946,"Three","Reverse"
"1655","C2G",21,0,"Three","Reverse"
"1656","C2T",21,18,"Three","Reverse"
"1657","G2A",21,27,"Three","Reverse"
"1658","G2C",21,2,"Three","Reverse"
"1659","G2G",21,8426,"Three","Reverse"
"1660","G2T",21,92,"Three","Reverse"
"1661","T2A",21,71,"Three","Reverse"
"1662","T2C",21,217,"Three","Reverse"
"1663","T2G",21,67,"Three","Reverse"
"1664","T2T",21,17880,"Three","Reverse"
"1665","A2A",22,9478,"Three","Reverse"
"1666","A2C",22,126,"Three","Reverse"
"1667","A2G",22,383,"Three","Reverse"
"1668","A2T",22,87,"Three","Reverse"
"1669","C2A",22,48,"Three","Reverse"
"1670","C2C",22,1669,"Three","Reverse"
"1671","C2G",22,2,"Three","Reverse"
"1672","C2T",22,78,"Three","Reverse"
"1673","G2A",22,6,"Three","Reverse"
"1674","G2C",22,9,"Three","Reverse"
"1675","G2G",22,6844,"Three","Reverse"
"1676","G2T",22,86,"Three","Reverse"
"1677","T2A",22,149,"Three","Reverse"
"1678","T2C",22,106,"Three","Reverse"
"1679","T2G",22,75,"Three","Reverse"
"1680","T2T",22,15486,"Three","Reverse"
"1681","A2A",23,12384,"Three","Reverse"
"1682","A2C",23,89,"Three","Reverse"
"1683","A2G",23,457,"Three","Reverse"
"1684","A2T",23,88,"Three","Reverse"
"1685","C2A",23,122,"Three","Reverse"
"1686","C2C",23,2145,"Three","Reverse"
"1687","C2G",23,8,"Three","Reverse"
"1688","C2T",23,56,"Three","Reverse"
"1689","G2A",23,10,"Three","Reverse"
"1690","G2C",23,21,"Three","Reverse"
"1691","G2G",23,7008,"Three","Reverse"
"1692","G2T",23,94,"Three","Reverse"
"1693","T2A",23,108,"Three","Reverse"
"1694","T2C",23,261,"Three","Reverse"
"1695","T2G",23,59,"Three","Reverse"
"1696","T2T",23,20507,"Three","Reverse"
"1697","A2A",24,29122,"Three","Reverse"
"1698","A2C",24,216,"Three","Reverse"
"1699","A2G",24,1004,"Three","Reverse"
"1700","A2T",24,146,"Three","Reverse"
"1701","C2A",24,117,"Three","Reverse"
"1702","C2C",24,14394,"Three","Reverse"
"1703","C2G",24,44,"Three","Reverse"
"1704","C2T",24,216,"Three","Reverse"
"1705","G2A",24,105,"Three","Reverse"
"1706","G2C",24,106,"Three","Reverse"
"1707","G2G",24,25720,"Three","Reverse"
"1708","G2T",24,71,"Three","Reverse"
"1709","T2A",24,166,"Three","Reverse"
"1710","T2C",24,261,"Three","Reverse"
"1711","T2G",24,295,"Three","Reverse"
"1712","T2T",24,46920,"Three","Reverse"
"1713","A2A",25,20555,"Three","Reverse"
"1714","A2C",25,119,"Three","Reverse"
"1715","A2G",25,538,"Three","Reverse"
"1716","A2T",25,116,"Three","Reverse"
"1717","C2A",25,64,"Three","Reverse"
"1718","C2C",25,10765,"Three","Reverse"
"1719","C2G",25,18,"Three","Reverse"
"1720","C2T",25,333,"Three","Reverse"
"1721","G2A",25,35,"Three","Reverse"
"1722","G2C",25,80,"Three","Reverse"
"1723","G2G",25,19394,"Three","Reverse"
"1724","G2T",25,55,"Three","Reverse"
"1725","T2A",25,106,"Three","Reverse"
"1726","T2C",25,258,"Three","Reverse"
"1727","T2G",25,98,"Three","Reverse"
"1728","T2T",25,35009,"Three","Reverse"
"1729","A2A",26,45678,"Three","Reverse"
"1730","A2C",26,240,"Three","Reverse"
"1731","A2G",26,1038,"Three","Reverse"
"1732","A2T",26,196,"Three","Reverse"
"1733","C2A",26,124,"Three","Reverse"
"1734","C2C",26,21871,"Three","Reverse"
"1735","C2G",26,35,"Three","Reverse"
"1736","C2T",26,398,"Three","Reverse"
"1737","G2A",26,167,"Three","Reverse"
"1738","G2C",26,121,"Three","Reverse"
"1739","G2G",26,40197,"Three","Reverse"
"1740","G2T",26,45,"Three","Reverse"
"1741","T2A",26,248,"Three","Reverse"
"1742","T2C",26,481,"Three","Reverse"
"1743","T2G",26,253,"Three","Reverse"
"1744","T2T",26,64965,"Three","Reverse"
"1745","A2A",27,27672,"Three","Reverse"
"1746","A2C",27,468,"Three","Reverse"
"1747","A2G",27,501,"Three","Reverse"
"1748","A2T",27,134,"Three","Reverse"
"1749","C2A",27,117,"Three","Reverse"
"1750","C2C",27,17297,"Three","Reverse"
"1751","C2G",27,23,"Three","Reverse"
"1752","C2T",27,242,"Three","Reverse"
"1753","G2A",27,141,"Three","Reverse"
"1754","G2C",27,78,"Three","Reverse"
"1755","G2G",27,27350,"Three","Reverse"
"1756","G2T",27,77,"Three","Reverse"
"1757","T2A",27,158,"Three","Reverse"
"1758","T2C",27,290,"Three","Reverse"
"1759","T2G",27,63,"Three","Reverse"
"1760","T2T",27,48563,"Three","Reverse"
"1761","A2A",28,31016,"Three","Reverse"
"1762","A2C",28,517,"Three","Reverse"
"1763","A2G",28,601,"Three","Reverse"
"1764","A2T",28,117,"Three","Reverse"
"1765","C2A",28,52,"Three","Reverse"
"1766","C2C",28,23719,"Three","Reverse"
"1767","C2G",28,13,"Three","Reverse"
"1768","C2T",28,650,"Three","Reverse"
"1769","G2A",28,136,"Three","Reverse"
"1770","G2C",28,29,"Three","Reverse"
"1771","G2G",28,32220,"Three","Reverse"
"1772","G2T",28,56,"Three","Reverse"
"1773","T2A",28,177,"Three","Reverse"
"1774","T2C",28,367,"Three","Reverse"
"1775","T2G",28,80,"Three","Reverse"
"1776","T2T",28,39840,"Three","Reverse"
"1777","A2A",29,40421,"Three","Reverse"
"1778","A2C",29,218,"Three","Reverse"
"1779","A2G",29,953,"Three","Reverse"
"1780","A2T",29,121,"Three","Reverse"
"1781","C2A",29,141,"Three","Reverse"
"1782","C2C",29,39527,"Three","Reverse"
"1783","C2G",29,11,"Three","Reverse"
"1784","C2T",29,712,"Three","Reverse"
"1785","G2A",29,255,"Three","Reverse"
"1786","G2C",29,384,"Three","Reverse"
"1787","G2G",29,42082,"Three","Reverse"
"1788","G2T",29,27,"Three","Reverse"
"1789","T2A",29,153,"Three","Reverse"
"1790","T2C",29,861,"Three","Reverse"
"1791","T2G",29,53,"Three","Reverse"
"1792","T2T",29,50476,"Three","Reverse"
"1793","A2A",30,51018,"Three","Reverse"
"1794","A2C",30,106,"Three","Reverse"
"1795","A2G",30,1192,"Three","Reverse"
"1796","A2T",30,189,"Three","Reverse"
"1797","C2A",30,118,"Three","Reverse"
"1798","C2C",30,46897,"Three","Reverse"
"1799","C2G",30,38,"Three","Reverse"
"1800","C2T",30,316,"Three","Reverse"
"1801","G2A",30,351,"Three","Reverse"
"1802","G2C",30,628,"Three","Reverse"
"1803","G2G",30,63912,"Three","Reverse"
"1804","G2T",30,49,"Three","Reverse"
"1805","T2A",30,579,"Three","Reverse"
"1806","T2C",30,1395,"Three","Reverse"
"1807","T2G",30,75,"Three","Reverse"
"1808","T2T",30,81856,"Three","Reverse"
"1809","A2A",31,57494,"Three","Reverse"
"1810","A2C",31,127,"Three","Reverse"
"1811","A2G",31,709,"Three","Reverse"
"1812","A2T",31,237,"Three","Reverse"
"1813","C2A",31,115,"Three","Reverse"
"1814","C2C",31,41466,"Three","Reverse"
"1815","C2G",31,49,"Three","Reverse"
"1816","C2T",31,176,"Three","Reverse"
"1817","G2A",31,397,"Three","Reverse"
"1818","G2C",31,70,"Three","Reverse"
"1819","G2G",31,77269,"Three","Reverse"
"1820","G2T",31,34,"Three","Reverse"
"1821","T2A",31,627,"Three","Reverse"
"1822","T2C",31,1005,"Three","Reverse"
"1823","T2G",31,145,"Three","Reverse"
"1824","T2T",31,89639,"Three","Reverse"
"1825","A2A",32,142941,"Three","Reverse"
"1826","A2C",32,141,"Three","Reverse"
"1827","A2G",32,1783,"Three","Reverse"
"1828","A2T",32,227,"Three","Reverse"
"1829","C2A",32,237,"Three","Reverse"
"1830","C2C",32,58672,"Three","Reverse"
"1831","C2G",32,91,"Three","Reverse"
"1832","C2T",32,773,"Three","Reverse"
"1833","G2A",32,408,"Three","Reverse"
"1834","G2C",32,85,"Three","Reverse"
"1835","G2G",32,117891,"Three","Reverse"
"1836","G2T",32,57,"Three","Reverse"
"1837","T2A",32,419,"Three","Reverse"
"1838","T2C",32,1507,"Three","Reverse"
"1839","T2G",32,165,"Three","Reverse"
"1840","T2T",32,112525,"Three","Reverse"
"1841","A2A",33,306279,"Three","Reverse"
"1842","A2C",33,374,"Three","Reverse"
"1843","A2G",33,3318,"Three","Reverse"
"1844","A2T",33,576,"Three","Reverse"
"1845","C2A",33,192,"Three","Reverse"
"1846","C2C",33,98780,"Three","Reverse"
"1847","C2G",33,122,"Three","Reverse"
"1848","C2T",33,1211,"Three","Reverse"
"1849","G2A",33,1114,"Three","Reverse"
"1850","G2C",33,270,"Three","Reverse"
"1851","G2G",33,167709,"Three","Reverse"
"1852","G2T",33,182,"Three","Reverse"
"1853","T2A",33,569,"Three","Reverse"
"1854","T2C",33,2498,"Three","Reverse"
"1855","T2G",33,184,"Three","Reverse"
"1856","T2T",33,192728,"Three","Reverse"
"1857","A2A",34,573192,"Three","Reverse"
"1858","A2C",34,257,"Three","Reverse"
"1859","A2G",34,4806,"Three","Reverse"
"1860","A2T",34,385,"Three","Reverse"
"1861","C2A",34,215,"Three","Reverse"
"1862","C2C",34,134258,"Three","Reverse"
"1863","C2G",34,140,"Three","Reverse"
"1864","C2T",34,1279,"Three","Reverse"
"1865","G2A",34,1457,"Three","Reverse"
"1866","G2C",34,115,"Three","Reverse"
"1867","G2G",34,298645,"Three","Reverse"
"1868","G2T",34,155,"Three","Reverse"
"1869","T2A",34,425,"Three","Reverse"
"1870","T2C",34,4000,"Three","Reverse"
"1871","T2G",34,533,"Three","Reverse"
"1872","T2T",34,399784,"Three","Reverse"
"1873","A2A",35,1610801,"Three","Reverse"
"1874","A2C",35,214,"Three","Reverse"
"1875","A2G",35,7931,"Three","Reverse"
"1876","A2T",35,621,"Three","Reverse"
"1877","C2A",35,1240,"Three","Reverse"
"1878","C2C",35,362850,"Three","Reverse"
"1879","C2G",35,147,"Three","Reverse"
"1880","C2T",35,3279,"Three","Reverse"
"1881","G2A",35,2508,"Three","Reverse"
"1882","G2C",35,99,"Three","Reverse"
"1883","G2G",35,857646,"Three","Reverse"
"1884","G2T",35,167,"Three","Reverse"
"1885","T2A",35,612,"Three","Reverse"
"1886","T2C",35,4389,"Three","Reverse"
"1887","T2G",35,740,"Three","Reverse"
"1888","T2T",35,960162,"Three","Reverse"
"1889","A2A",36,3084952,"Three","Reverse"
"1890","A2C",36,277,"Three","Reverse"
"1891","A2G",36,11247,"Three","Reverse"
"1892","A2T",36,2273,"Three","Reverse"
"1893","C2A",36,307,"Three","Reverse"
"1894","C2C",36,917304,"Three","Reverse"
"1895","C2G",36,1846,"Three","Reverse"
"1896","C2T",36,1977,"Three","Reverse"
"1897","G2A",36,2880,"Three","Reverse"
"1898","G2C",36,1054,"Three","Reverse"
"1899","G2G",36,1361686,"Three","Reverse"
"1900","G2T",36,757,"Three","Reverse"
"1901","T2A",36,984,"Three","Reverse"
"1902","T2C",36,4820,"Three","Reverse"
"1903","T2G",36,212,"Three","Reverse"
"1904","T2T",36,2784781,"Three","Reverse"
"1905","A2A",37,3987535,"Three","Reverse"
"1906","A2C",37,2312,"Three","Reverse"
"1907","A2G",37,13010,"Three","Reverse"
"1908","A2T",37,2761,"Three","Reverse"
"1909","C2A",37,1096,"Three","Reverse"
"1910","C2C",37,3611422,"Three","Reverse"
"1911","C2G",37,628,"Three","Reverse"
"1912","C2T",37,5059,"Three","Reverse"
"1913","G2A",37,4740,"Three","Reverse"
"1914","G2C",37,2446,"Three","Reverse"
"1915","G2G",37,2931319,"Three","Reverse"
"1916","G2T",37,960,"Three","Reverse"
"1917","T2A",37,2409,"Three","Reverse"
"1918","T2C",37,6858,"Three","Reverse"
"1919","T2G",37,1670,"Three","Reverse"
"1920","T2T",37,5106686,"Three","Reverse"
"1921","A2A",38,12829013,"Three","Reverse"
"1922","A2C",38,3850,"Three","Reverse"
"1923","A2G",38,9856,"Three","Reverse"
"1924","A2T",38,2988,"Three","Reverse"
"1925","C2A",38,2849,"Three","Reverse"
"1926","C2C",38,7521044,"Three","Reverse"
"1927","C2G",38,1949,"Three","Reverse"
"1928","C2T",38,3349,"Three","Reverse"
"1929","G2A",38,3859,"Three","Reverse"
"1930","G2C",38,1134,"Three","Reverse"
"1931","G2G",38,4874869,"Three","Reverse"
"1932","G2T",38,1720,"Three","Reverse"
"1933","T2A",38,6022,"Three","Reverse"
"1934","T2C",38,4786,"Three","Reverse"
"1935","T2G",38,825,"Three","Reverse"
"1936","T2T",38,9732794,"Three","Reverse"
"1937","A2A",39,22618808,"Three","Reverse"
"1938","A2C",39,2399,"Three","Reverse"
"1939","A2G",39,7725,"Three","Reverse"
"1940","A2T",39,2932,"Three","Reverse"
"1941","C2A",39,2159,"Three","Reverse"
"1942","C2C",39,7873978,"Three","Reverse"
"1943","C2G",39,1026,"Three","Reverse"
"1944","C2T",39,4535,"Three","Reverse"
"1945","G2A",39,3995,"Three","Reverse"
"1946","G2C",39,909,"Three","Reverse"
"1947","G2G",39,6549840,"Three","Reverse"
"1948","G2T",39,1723,"Three","Reverse"
"1949","T2A",39,3985,"Three","Reverse"
"1950","T2C",39,4332,"Three","Reverse"
"1951","T2G",39,778,"Three","Reverse"
"1952","T2T",39,9360220,"Three","Reverse"
"1953","A2A",40,0,"Three","Reverse"
"1954","A2C",40,0,"Three","Reverse"
"1955","A2G",40,0,"Three","Reverse"
"1956","A2T",40,0,"Three","Reverse"
"1957","C2A",40,0,"Three","Reverse"
"1958","C2C",40,0,"Three","Reverse"
"1959","C2G",40,0,"Three","Reverse"
"1960","C2T",40,0,"Three","Reverse"
"1961","G2A",40,0,"Three","Reverse"
"1962","G2C",40,0,"Three","Reverse"
"1963","G2G",40,0,"Three","Reverse"
"1964","G2T",40,0,"Three","Reverse"
"1965","T2A",40,0,"Three","Reverse"
"1966","T2C",40,0,"Three","Reverse"
"1967","T2G",40,0,"Three","Reverse"
"1968","T2T",40,0,"Three","Reverse"
"1969","A2A",0,0,"Four","Reverse"
"1970","A2C",0,0,"Four","Reverse"
"1971","A2G",0,0,"Four","Reverse"
"1972","A2T",0,0,"Four","Reverse"
"1973","C2A",0,0,"Four","Reverse"
"1974","C2C",0,0,"Four","Reverse"
"1975","C2G",0,0,"Four","Reverse"
"1976","C2T",0,0,"Four","Reverse"
"1977","G2A",0,0,"Four","Reverse"
"1978","G2C",0,0,"Four","Reverse"
"1979","G2G",0,0,"Four","Reverse"
"1980","G2T",0,0,"Four","Reverse"
"1981","T2A",0,0,"Four","Reverse"
"1982","T2C",0,0,"Four","Reverse"
"1983","T2G",0,0,"Four","Reverse"
"1984","T2T",0,0,"Four","Reverse"
"1985","A2A",1,0,"Four","Reverse"
"1986","A2C",1,0,"Four","Reverse"
"1987","A2G",1,0,"Four","Reverse"
"1988","A2T",1,0,"Four","Reverse"
"1989","C2A",1,0,"Four","Reverse"
"1990","C2C",1,0,"Four","Reverse"
"1991","C2G",1,0,"Four","Reverse"
"1992","C2T",1,0,"Four","Reverse"
"1993","G2A",1,0,"Four","Reverse"
"1994","G2C",1,0,"Four","Reverse"
"1995","G2G",1,0,"Four","Reverse"
"1996","G2T",1,0,"Four","Reverse"
"1997","T2A",1,0,"Four","Reverse"
"1998","T2C",1,0,"Four","Reverse"
"1999","T2G",1,0,"Four","Reverse"
"2000","T2T",1,0,"Four","Reverse"
"2001","A2A",2,0,"Four","Reverse"
"2002","A2C",2,0,"Four","Reverse"
"2003","A2G",2,0,"Four","Reverse"
"2004","A2T",2,0,"Four","Reverse"
"2005","C2A",2,0,"Four","Reverse"
"2006","C2C",2,0,"Four","Reverse"
"2007","C2G",2,0,"Four","Reverse"
"2008","C2T",2,0,"Four","Reverse"
"2009","G2A",2,0,"Four","Reverse"
"2010","G2C",2,0,"Four","Reverse"
"2011","G2G",2,0,"Four","Reverse"
"2012","G2T",2,0,"Four","Reverse"
"2013","T2A",2,0,"Four","Reverse"
"2014","T2C",2,0,"Four","Reverse"
"2015","T2G",2,0,"Four","Reverse"
"2016","T2T",2,0,"Four","Reverse"
"2017","A2A",3,0,"Four","Reverse"
"2018","A2C",3,0,"Four","Reverse"
"2019","A2G",3,0,"Four","Reverse"
"2020","A2T",3,0,"Four","Reverse"
"2021","C2A",3,0,"Four","Reverse"
"2022","C2C",3,0,"Four","Reverse"
"2023","C2G",3,0,"Four","Reverse"
"2024","C2T",3,0,"Four","Reverse"
"2025","G2A",3,0,"Four","Reverse"
"2026","G2C",3,0,"Four","Reverse"
"2027","G2G",3,0,"Four","Reverse"
"2028","G2T",3,0,"Four","Reverse"
"2029","T2A",3,0,"Four","Reverse"
"2030","T2C",3,0,"Four","Reverse"
"2031","T2G",3,0,"Four","Reverse"
"2032","T2T",3,0,"Four","Reverse"
"2033","A2A",4,0,"Four","Reverse"
"2034","A2C",4,0,"Four","Reverse"
"2035","A2G",4,0,"Four","Reverse"
"2036","A2T",4,0,"Four","Reverse"
"2037","C2A",4,0,"Four","Reverse"
"2038","C2C",4,0,"Four","Reverse"
"2039","C2G",4,0,"Four","Reverse"
"2040","C2T",4,0,"Four","Reverse"
"2041","G2A",4,0,"Four","Reverse"
"2042","G2C",4,0,"Four","Reverse"
"2043","G2G",4,0,"Four","Reverse"
"2044","G2T",4,0,"Four","Reverse"
"2045","T2A",4,0,"Four","Reverse"
"2046","T2C",4,0,"Four","Reverse"
"2047","T2G",4,0,"Four","Reverse"
"2048","T2T",4,0,"Four","Reverse"
"2049","A2A",5,0,"Four","Reverse"
"2050","A2C",5,0,"Four","Reverse"
"2051","A2G",5,0,"Four","Reverse"
"2052","A2T",5,0,"Four","Reverse"
"2053","C2A",5,0,"Four","Reverse"
"2054","C2C",5,0,"Four","Reverse"
"2055","C2G",5,0,"Four","Reverse"
"2056","C2T",5,0,"Four","Reverse"
"2057","G2A",5,0,"Four","Reverse"
"2058","G2C",5,0,"Four","Reverse"
"2059","G2G",5,0,"Four","Reverse"
"2060","G2T",5,0,"Four","Reverse"
"2061","T2A",5,0,"Four","Reverse"
"2062","T2C",5,0,"Four","Reverse"
"2063","T2G",5,0,"Four","Reverse"
"2064","T2T",5,0,"Four","Reverse"
"2065","A2A",6,0,"Four","Reverse"
"2066","A2C",6,0,"Four","Reverse"
"2067","A2G",6,0,"Four","Reverse"
"2068","A2T",6,0,"Four","Reverse"
"2069","C2A",6,0,"Four","Reverse"
"2070","C2C",6,0,"Four","Reverse"
"2071","C2G",6,0,"Four","Reverse"
"2072","C2T",6,0,"Four","Reverse"
"2073","G2A",6,0,"Four","Reverse"
"2074","G2C",6,0,"Four","Reverse"
"2075","G2G",6,0,"Four","Reverse"
"2076","G2T",6,0,"Four","Reverse"
"2077","T2A",6,0,"Four","Reverse"
"2078","T2C",6,0,"Four","Reverse"
"2079","T2G",6,0,"Four","Reverse"
"2080","T2T",6,0,"Four","Reverse"
"2081","A2A",7,0,"Four","Reverse"
"2082","A2C",7,0,"Four","Reverse"
"2083","A2G",7,0,"Four","Reverse"
"2084","A2T",7,0,"Four","Reverse"
"2085","C2A",7,0,"Four","Reverse"
"2086","C2C",7,0,"Four","Reverse"
"2087","C2G",7,0,"Four","Reverse"
"2088","C2T",7,0,"Four","Reverse"
"2089","G2A",7,0,"Four","Reverse"
"2090","G2C",7,0,"Four","Reverse"
"2091","G2G",7,0,"Four","Reverse"
"2092","G2T",7,0,"Four","Reverse"
"2093","T2A",7,0,"Four","Reverse"
"2094","T2C",7,0,"Four","Reverse"
"2095","T2G",7,0,"Four","Reverse"
"2096","T2T",7,0,"Four","Reverse"
"2097","A2A",8,0,"Four","Reverse"
"2098","A2C",8,0,"Four","Reverse"
"2099","A2G",8,0,"Four","Reverse"
"2100","A2T",8,0,"Four","Reverse"
"2101","C2A",8,0,"Four","Reverse"
"2102","C2C",8,0,"Four","Reverse"
"2103","C2G",8,0,"Four","Reverse"
"2104","C2T",8,0,"Four","Reverse"
"2105","G2A",8,0,"Four","Reverse"
"2106","G2C",8,0,"Four","Reverse"
"2107","G2G",8,0,"Four","Reverse"
"2108","G2T",8,0,"Four","Reverse"
"2109","T2A",8,0,"Four","Reverse"
"2110","T2C",8,0,"Four","Reverse"
"2111","T2G",8,0,"Four","Reverse"
"2112","T2T",8,0,"Four","Reverse"
"2113","A2A",9,0,"Four","Reverse"
"2114","A2C",9,0,"Four","Reverse"
"2115","A2G",9,0,"Four","Reverse"
"2116","A2T",9,0,"Four","Reverse"
"2117","C2A",9,0,"Four","Reverse"
"2118","C2C",9,0,"Four","Reverse"
"2119","C2G",9,0,"Four","Reverse"
"2120","C2T",9,0,"Four","Reverse"
"2121","G2A",9,0,"Four","Reverse"
"2122","G2C",9,0,"Four","Reverse"
"2123","G2G",9,0,"Four","Reverse"
"2124","G2T",9,0,"Four","Reverse"
"2125","T2A",9,0,"Four","Reverse"
"2126","T2C",9,0,"Four","Reverse"
"2127","T2G",9,0,"Four","Reverse"
"2128","T2T",9,0,"Four","Reverse"
"2129","A2A",10,0,"Four","Reverse"
"2130","A2C",10,0,"Four","Reverse"
"2131","A2G",10,0,"Four","Reverse"
"2132","A2T",10,0,"Four","Reverse"
"2133","C2A",10,0,"Four","Reverse"
"2134","C2C",10,0,"Four","Reverse"
"2135","C2G",10,0,"Four","Reverse"
"2136","C2T",10,0,"Four","Reverse"
"2137","G2A",10,0,"Four","Reverse"
"2138","G2C",10,0,"Four","Reverse"
"2139","G2G",10,0,"Four","Reverse"
"2140","G2T",10,0,"Four","Reverse"
"2141","T2A",10,0,"Four","Reverse"
"2142","T2C",10,0,"Four","Reverse"
"2143","T2G",10,0,"Four","Reverse"
"2144","T2T",10,0,"Four","Reverse"
"2145","A2A",11,0,"Four","Reverse"
"2146","A2C",11,0,"Four","Reverse"
"2147","A2G",11,0,"Four","Reverse"
"2148","A2T",11,0,"Four","Reverse"
"2149","C2A",11,0,"Four","Reverse"
"2150","C2C",11,0,"Four","Reverse"
"2151","C2G",11,0,"Four","Reverse"
"2152","C2T",11,0,"Four","Reverse"
"2153","G2A",11,0,"Four","Reverse"
"2154","G2C",11,0,"Four","Reverse"
"2155","G2G",11,0,"Four","Reverse"
"2156","G2T",11,0,"Four","Reverse"
"2157","T2A",11,0,"Four","Reverse"
"2158","T2C",11,0,"Four","Reverse"
"2159","T2G",11,0,"Four","Reverse"
"2160","T2T",11,0,"Four","Reverse"
"2161","A2A",12,785,"Four","Reverse"
"2162","A2C",12,61,"Four","Reverse"
"2163","A2G",12,197,"Four","Reverse"
"2164","A2T",12,11,"Four","Reverse"
"2165","C2A",12,1,"Four","Reverse"
"2166","C2C",12,151,"Four","Reverse"
"2167","C2G",12,11,"Four","Reverse"
"2168","C2T",12,6,"Four","Reverse"
"2169","G2A",12,1,"Four","Reverse"
"2170","G2C",12,4,"Four","Reverse"
"2171","G2G",12,320,"Four","Reverse"
"2172","G2T",12,1,"Four","Reverse"
"2173","T2A",12,10,"Four","Reverse"
"2174","T2C",12,19,"Four","Reverse"
"2175","T2G",12,97,"Four","Reverse"
"2176","T2T",12,74,"Four","Reverse"
"2177","A2A",13,44063,"Four","Reverse"
"2178","A2C",13,1424,"Four","Reverse"
"2179","A2G",13,1447,"Four","Reverse"
"2180","A2T",13,117,"Four","Reverse"
"2181","C2A",13,130,"Four","Reverse"
"2182","C2C",13,5112,"Four","Reverse"
"2183","C2G",13,126,"Four","Reverse"
"2184","C2T",13,14,"Four","Reverse"
"2185","G2A",13,80,"Four","Reverse"
"2186","G2C",13,33,"Four","Reverse"
"2187","G2G",13,4018,"Four","Reverse"
"2188","G2T",13,4,"Four","Reverse"
"2189","T2A",13,908,"Four","Reverse"
"2190","T2C",13,568,"Four","Reverse"
"2191","T2G",13,5649,"Four","Reverse"
"2192","T2T",13,7966,"Four","Reverse"
"2193","A2A",14,34014,"Four","Reverse"
"2194","A2C",14,1394,"Four","Reverse"
"2195","A2G",14,1688,"Four","Reverse"
"2196","A2T",14,1304,"Four","Reverse"
"2197","C2A",14,399,"Four","Reverse"
"2198","C2C",14,19097,"Four","Reverse"
"2199","C2G",14,346,"Four","Reverse"
"2200","C2T",14,33,"Four","Reverse"
"2201","G2A",14,759,"Four","Reverse"
"2202","G2C",14,60,"Four","Reverse"
"2203","G2G",14,3128,"Four","Reverse"
"2204","G2T",14,81,"Four","Reverse"
"2205","T2A",14,442,"Four","Reverse"
"2206","T2C",14,435,"Four","Reverse"
"2207","T2G",14,2174,"Four","Reverse"
"2208","T2T",14,6924,"Four","Reverse"
"2209","A2A",15,237767,"Four","Reverse"
"2210","A2C",15,29341,"Four","Reverse"
"2211","A2G",15,9072,"Four","Reverse"
"2212","A2T",15,27018,"Four","Reverse"
"2213","C2A",15,937,"Four","Reverse"
"2214","C2C",15,32328,"Four","Reverse"
"2215","C2G",15,383,"Four","Reverse"
"2216","C2T",15,1401,"Four","Reverse"
"2217","G2A",15,3814,"Four","Reverse"
"2218","G2C",15,219,"Four","Reverse"
"2219","G2G",15,21988,"Four","Reverse"
"2220","G2T",15,849,"Four","Reverse"
"2221","T2A",15,3464,"Four","Reverse"
"2222","T2C",15,1578,"Four","Reverse"
"2223","T2G",15,8466,"Four","Reverse"
"2224","T2T",15,65191,"Four","Reverse"
"2225","A2A",16,34155,"Four","Reverse"
"2226","A2C",16,8542,"Four","Reverse"
"2227","A2G",16,2394,"Four","Reverse"
"2228","A2T",16,5667,"Four","Reverse"
"2229","C2A",16,580,"Four","Reverse"
"2230","C2C",16,8817,"Four","Reverse"
"2231","C2G",16,142,"Four","Reverse"
"2232","C2T",16,343,"Four","Reverse"
"2233","G2A",16,3854,"Four","Reverse"
"2234","G2C",16,26,"Four","Reverse"
"2235","G2G",16,2104,"Four","Reverse"
"2236","G2T",16,203,"Four","Reverse"
"2237","T2A",16,1778,"Four","Reverse"
"2238","T2C",16,272,"Four","Reverse"
"2239","T2G",16,1355,"Four","Reverse"
"2240","T2T",16,6901,"Four","Reverse"
"2241","A2A",17,19175,"Four","Reverse"
"2242","A2C",17,720,"Four","Reverse"
"2243","A2G",17,2626,"Four","Reverse"
"2244","A2T",17,578,"Four","Reverse"
"2245","C2A",17,245,"Four","Reverse"
"2246","C2C",17,725,"Four","Reverse"
"2247","C2G",17,153,"Four","Reverse"
"2248","C2T",17,186,"Four","Reverse"
"2249","G2A",17,374,"Four","Reverse"
"2250","G2C",17,15,"Four","Reverse"
"2251","G2G",17,953,"Four","Reverse"
"2252","G2T",17,147,"Four","Reverse"
"2253","T2A",17,153,"Four","Reverse"
"2254","T2C",17,212,"Four","Reverse"
"2255","T2G",17,343,"Four","Reverse"
"2256","T2T",17,5431,"Four","Reverse"
"2257","A2A",18,15217,"Four","Reverse"
"2258","A2C",18,602,"Four","Reverse"
"2259","A2G",18,2253,"Four","Reverse"
"2260","A2T",18,387,"Four","Reverse"
"2261","C2A",18,175,"Four","Reverse"
"2262","C2C",18,1949,"Four","Reverse"
"2263","C2G",18,26,"Four","Reverse"
"2264","C2T",18,32,"Four","Reverse"
"2265","G2A",18,116,"Four","Reverse"
"2266","G2C",18,8,"Four","Reverse"
"2267","G2G",18,1008,"Four","Reverse"
"2268","G2T",18,86,"Four","Reverse"
"2269","T2A",18,169,"Four","Reverse"
"2270","T2C",18,68,"Four","Reverse"
"2271","T2G",18,289,"Four","Reverse"
"2272","T2T",18,2378,"Four","Reverse"
"2273","A2A",19,24844,"Four","Reverse"
"2274","A2C",19,288,"Four","Reverse"
"2275","A2G",19,2940,"Four","Reverse"
"2276","A2T",19,264,"Four","Reverse"
"2277","C2A",19,186,"Four","Reverse"
"2278","C2C",19,933,"Four","Reverse"
"2279","C2G",19,52,"Four","Reverse"
"2280","C2T",19,42,"Four","Reverse"
"2281","G2A",19,89,"Four","Reverse"
"2282","G2C",19,21,"Four","Reverse"
"2283","G2G",19,1247,"Four","Reverse"
"2284","G2T",19,9,"Four","Reverse"
"2285","T2A",19,75,"Four","Reverse"
"2286","T2C",19,380,"Four","Reverse"
"2287","T2G",19,98,"Four","Reverse"
"2288","T2T",19,3761,"Four","Reverse"
"2289","A2A",20,58501,"Four","Reverse"
"2290","A2C",20,300,"Four","Reverse"
"2291","A2G",20,1861,"Four","Reverse"
"2292","A2T",20,257,"Four","Reverse"
"2293","C2A",20,160,"Four","Reverse"
"2294","C2C",20,1849,"Four","Reverse"
"2295","C2G",20,12,"Four","Reverse"
"2296","C2T",20,136,"Four","Reverse"
"2297","G2A",20,97,"Four","Reverse"
"2298","G2C",20,9,"Four","Reverse"
"2299","G2G",20,6034,"Four","Reverse"
"2300","G2T",20,50,"Four","Reverse"
"2301","T2A",20,157,"Four","Reverse"
"2302","T2C",20,482,"Four","Reverse"
"2303","T2G",20,198,"Four","Reverse"
"2304","T2T",20,6220,"Four","Reverse"
"2305","A2A",21,127294,"Four","Reverse"
"2306","A2C",21,174,"Four","Reverse"
"2307","A2G",21,819,"Four","Reverse"
"2308","A2T",21,188,"Four","Reverse"
"2309","C2A",21,121,"Four","Reverse"
"2310","C2C",21,1675,"Four","Reverse"
"2311","C2G",21,21,"Four","Reverse"
"2312","C2T",21,62,"Four","Reverse"
"2313","G2A",21,74,"Four","Reverse"
"2314","G2C",21,0,"Four","Reverse"
"2315","G2G",21,3603,"Four","Reverse"
"2316","G2T",21,12,"Four","Reverse"
"2317","T2A",21,56,"Four","Reverse"
"2318","T2C",21,186,"Four","Reverse"
"2319","T2G",21,89,"Four","Reverse"
"2320","T2T",21,11253,"Four","Reverse"
"2321","A2A",22,402755,"Four","Reverse"
"2322","A2C",22,202,"Four","Reverse"
"2323","A2G",22,615,"Four","Reverse"
"2324","A2T",22,60,"Four","Reverse"
"2325","C2A",22,69,"Four","Reverse"
"2326","C2C",22,1787,"Four","Reverse"
"2327","C2G",22,6,"Four","Reverse"
"2328","C2T",22,154,"Four","Reverse"
"2329","G2A",22,21,"Four","Reverse"
"2330","G2C",22,24,"Four","Reverse"
"2331","G2G",22,2467,"Four","Reverse"
"2332","G2T",22,9,"Four","Reverse"
"2333","T2A",22,50,"Four","Reverse"
"2334","T2C",22,214,"Four","Reverse"
"2335","T2G",22,55,"Four","Reverse"
"2336","T2T",22,10944,"Four","Reverse"
"2337","A2A",23,401221,"Four","Reverse"
"2338","A2C",23,101,"Four","Reverse"
"2339","A2G",23,1210,"Four","Reverse"
"2340","A2T",23,141,"Four","Reverse"
"2341","C2A",23,78,"Four","Reverse"
"2342","C2C",23,2119,"Four","Reverse"
"2343","C2G",23,14,"Four","Reverse"
"2344","C2T",23,330,"Four","Reverse"
"2345","G2A",23,81,"Four","Reverse"
"2346","G2C",23,35,"Four","Reverse"
"2347","G2G",23,1567,"Four","Reverse"
"2348","G2T",23,10,"Four","Reverse"
"2349","T2A",23,22,"Four","Reverse"
"2350","T2C",23,137,"Four","Reverse"
"2351","T2G",23,31,"Four","Reverse"
"2352","T2T",23,15796,"Four","Reverse"
"2353","A2A",24,281630,"Four","Reverse"
"2354","A2C",24,425,"Four","Reverse"
"2355","A2G",24,1852,"Four","Reverse"
"2356","A2T",24,304,"Four","Reverse"
"2357","C2A",24,84,"Four","Reverse"
"2358","C2C",24,8032,"Four","Reverse"
"2359","C2G",24,27,"Four","Reverse"
"2360","C2T",24,351,"Four","Reverse"
"2361","G2A",24,327,"Four","Reverse"
"2362","G2C",24,71,"Four","Reverse"
"2363","G2G",24,14881,"Four","Reverse"
"2364","G2T",24,26,"Four","Reverse"
"2365","T2A",24,186,"Four","Reverse"
"2366","T2C",24,525,"Four","Reverse"
"2367","T2G",24,181,"Four","Reverse"
"2368","T2T",24,48238,"Four","Reverse"
"2369","A2A",25,625049,"Four","Reverse"
"2370","A2C",25,113,"Four","Reverse"
"2371","A2G",25,1337,"Four","Reverse"
"2372","A2T",25,189,"Four","Reverse"
"2373","C2A",25,57,"Four","Reverse"
"2374","C2C",25,18809,"Four","Reverse"
"2375","C2G",25,24,"Four","Reverse"
"2376","C2T",25,292,"Four","Reverse"
"2377","G2A",25,212,"Four","Reverse"
"2378","G2C",25,36,"Four","Reverse"
"2379","G2G",25,18419,"Four","Reverse"
"2380","G2T",25,16,"Four","Reverse"
"2381","T2A",25,176,"Four","Reverse"
"2382","T2C",25,455,"Four","Reverse"
"2383","T2G",25,54,"Four","Reverse"
"2384","T2T",25,51241,"Four","Reverse"
"2385","A2A",26,694534,"Four","Reverse"
"2386","A2C",26,351,"Four","Reverse"
"2387","A2G",26,2854,"Four","Reverse"
"2388","A2T",26,508,"Four","Reverse"
"2389","C2A",26,51,"Four","Reverse"
"2390","C2C",26,24079,"Four","Reverse"
"2391","C2G",26,30,"Four","Reverse"
"2392","C2T",26,428,"Four","Reverse"
"2393","G2A",26,366,"Four","Reverse"
"2394","G2C",26,77,"Four","Reverse"
"2395","G2G",26,65946,"Four","Reverse"
"2396","G2T",26,25,"Four","Reverse"
"2397","T2A",26,339,"Four","Reverse"
"2398","T2C",26,759,"Four","Reverse"
"2399","T2G",26,112,"Four","Reverse"
"2400","T2T",26,166245,"Four","Reverse"
"2401","A2A",27,655803,"Four","Reverse"
"2402","A2C",27,175,"Four","Reverse"
"2403","A2G",27,1426,"Four","Reverse"
"2404","A2T",27,422,"Four","Reverse"
"2405","C2A",27,122,"Four","Reverse"
"2406","C2C",27,32035,"Four","Reverse"
"2407","C2G",27,36,"Four","Reverse"
"2408","C2T",27,268,"Four","Reverse"
"2409","G2A",27,218,"Four","Reverse"
"2410","G2C",27,24,"Four","Reverse"
"2411","G2G",27,41860,"Four","Reverse"
"2412","G2T",27,69,"Four","Reverse"
"2413","T2A",27,288,"Four","Reverse"
"2414","T2C",27,1291,"Four","Reverse"
"2415","T2G",27,65,"Four","Reverse"
"2416","T2T",27,131617,"Four","Reverse"
"2417","A2A",28,1765568,"Four","Reverse"
"2418","A2C",28,103,"Four","Reverse"
"2419","A2G",28,1812,"Four","Reverse"
"2420","A2T",28,328,"Four","Reverse"
"2421","C2A",28,149,"Four","Reverse"
"2422","C2C",28,16436,"Four","Reverse"
"2423","C2G",28,21,"Four","Reverse"
"2424","C2T",28,438,"Four","Reverse"
"2425","G2A",28,210,"Four","Reverse"
"2426","G2C",28,33,"Four","Reverse"
"2427","G2G",28,47163,"Four","Reverse"
"2428","G2T",28,30,"Four","Reverse"
"2429","T2A",28,237,"Four","Reverse"
"2430","T2C",28,1042,"Four","Reverse"
"2431","T2G",28,45,"Four","Reverse"
"2432","T2T",28,297427,"Four","Reverse"
"2433","A2A",29,944401,"Four","Reverse"
"2434","A2C",29,74,"Four","Reverse"
"2435","A2G",29,1225,"Four","Reverse"
"2436","A2T",29,459,"Four","Reverse"
"2437","C2A",29,99,"Four","Reverse"
"2438","C2C",29,24907,"Four","Reverse"
"2439","C2G",29,17,"Four","Reverse"
"2440","C2T",29,254,"Four","Reverse"
"2441","G2A",29,100,"Four","Reverse"
"2442","G2C",29,11,"Four","Reverse"
"2443","G2G",29,127349,"Four","Reverse"
"2444","G2T",29,7,"Four","Reverse"
"2445","T2A",29,282,"Four","Reverse"
"2446","T2C",29,833,"Four","Reverse"
"2447","T2G",29,39,"Four","Reverse"
"2448","T2T",29,967295,"Four","Reverse"
"2449","A2A",30,1379268,"Four","Reverse"
"2450","A2C",30,166,"Four","Reverse"
"2451","A2G",30,2375,"Four","Reverse"
"2452","A2T",30,385,"Four","Reverse"
"2453","C2A",30,131,"Four","Reverse"
"2454","C2C",30,49301,"Four","Reverse"
"2455","C2G",30,30,"Four","Reverse"
"2456","C2T",30,592,"Four","Reverse"
"2457","G2A",30,296,"Four","Reverse"
"2458","G2C",30,26,"Four","Reverse"
"2459","G2G",30,284366,"Four","Reverse"
"2460","G2T",30,35,"Four","Reverse"
"2461","T2A",30,222,"Four","Reverse"
"2462","T2C",30,1300,"Four","Reverse"
"2463","T2G",30,49,"Four","Reverse"
"2464","T2T",30,513912,"Four","Reverse"
"2465","A2A",31,1099693,"Four","Reverse"
"2466","A2C",31,220,"Four","Reverse"
"2467","A2G",31,2289,"Four","Reverse"
"2468","A2T",31,317,"Four","Reverse"
"2469","C2A",31,100,"Four","Reverse"
"2470","C2C",31,99544,"Four","Reverse"
"2471","C2G",31,12,"Four","Reverse"
"2472","C2T",31,234,"Four","Reverse"
"2473","G2A",31,478,"Four","Reverse"
"2474","G2C",31,32,"Four","Reverse"
"2475","G2G",31,124442,"Four","Reverse"
"2476","G2T",31,24,"Four","Reverse"
"2477","T2A",31,258,"Four","Reverse"
"2478","T2C",31,789,"Four","Reverse"
"2479","T2G",31,20,"Four","Reverse"
"2480","T2T",31,761375,"Four","Reverse"
"2481","A2A",32,847533,"Four","Reverse"
"2482","A2C",32,143,"Four","Reverse"
"2483","A2G",32,2672,"Four","Reverse"
"2484","A2T",32,334,"Four","Reverse"
"2485","C2A",32,87,"Four","Reverse"
"2486","C2C",32,210817,"Four","Reverse"
"2487","C2G",32,27,"Four","Reverse"
"2488","C2T",32,911,"Four","Reverse"
"2489","G2A",32,646,"Four","Reverse"
"2490","G2C",32,39,"Four","Reverse"
"2491","G2G",32,467535,"Four","Reverse"
"2492","G2T",32,56,"Four","Reverse"
"2493","T2A",32,201,"Four","Reverse"
"2494","T2C",32,1009,"Four","Reverse"
"2495","T2G",32,61,"Four","Reverse"
"2496","T2T",32,941100,"Four","Reverse"
"2497","A2A",33,886852,"Four","Reverse"
"2498","A2C",33,368,"Four","Reverse"
"2499","A2G",33,5800,"Four","Reverse"
"2500","A2T",33,599,"Four","Reverse"
"2501","C2A",33,154,"Four","Reverse"
"2502","C2C",33,705337,"Four","Reverse"
"2503","C2G",33,16,"Four","Reverse"
"2504","C2T",33,673,"Four","Reverse"
"2505","G2A",33,1056,"Four","Reverse"
"2506","G2C",33,43,"Four","Reverse"
"2507","G2G",33,865343,"Four","Reverse"
"2508","G2T",33,48,"Four","Reverse"
"2509","T2A",33,323,"Four","Reverse"
"2510","T2C",33,1964,"Four","Reverse"
"2511","T2G",33,47,"Four","Reverse"
"2512","T2T",33,702493,"Four","Reverse"
"2513","A2A",34,692761,"Four","Reverse"
"2514","A2C",34,255,"Four","Reverse"
"2515","A2G",34,8886,"Four","Reverse"
"2516","A2T",34,606,"Four","Reverse"
"2517","C2A",34,87,"Four","Reverse"
"2518","C2C",34,514159,"Four","Reverse"
"2519","C2G",34,203,"Four","Reverse"
"2520","C2T",34,1667,"Four","Reverse"
"2521","G2A",34,772,"Four","Reverse"
"2522","G2C",34,32,"Four","Reverse"
"2523","G2G",34,483078,"Four","Reverse"
"2524","G2T",34,55,"Four","Reverse"
"2525","T2A",34,193,"Four","Reverse"
"2526","T2C",34,2492,"Four","Reverse"
"2527","T2G",34,72,"Four","Reverse"
"2528","T2T",34,219279,"Four","Reverse"
"2529","A2A",35,1225561,"Four","Reverse"
"2530","A2C",35,208,"Four","Reverse"
"2531","A2G",35,7014,"Four","Reverse"
"2532","A2T",35,444,"Four","Reverse"
"2533","C2A",35,175,"Four","Reverse"
"2534","C2C",35,1013618,"Four","Reverse"
"2535","C2G",35,15,"Four","Reverse"
"2536","C2T",35,1485,"Four","Reverse"
"2537","G2A",35,596,"Four","Reverse"
"2538","G2C",35,4,"Four","Reverse"
"2539","G2G",35,1167972,"Four","Reverse"
"2540","G2T",35,84,"Four","Reverse"
"2541","T2A",35,148,"Four","Reverse"
"2542","T2C",35,2652,"Four","Reverse"
"2543","T2G",35,55,"Four","Reverse"
"2544","T2T",35,438946,"Four","Reverse"
"2545","A2A",36,2398061,"Four","Reverse"
"2546","A2C",36,210,"Four","Reverse"
"2547","A2G",36,4301,"Four","Reverse"
"2548","A2T",36,222,"Four","Reverse"
"2549","C2A",36,158,"Four","Reverse"
"2550","C2C",36,909280,"Four","Reverse"
"2551","C2G",36,95,"Four","Reverse"
"2552","C2T",36,794,"Four","Reverse"
"2553","G2A",36,512,"Four","Reverse"
"2554","G2C",36,16,"Four","Reverse"
"2555","G2G",36,585968,"Four","Reverse"
"2556","G2T",36,41,"Four","Reverse"
"2557","T2A",36,172,"Four","Reverse"
"2558","T2C",36,1870,"Four","Reverse"
"2559","T2G",36,42,"Four","Reverse"
"2560","T2T",36,263529,"Four","Reverse"
"2561","A2A",37,4646994,"Four","Reverse"
"2562","A2C",37,345,"Four","Reverse"
"2563","A2G",37,4084,"Four","Reverse"
"2564","A2T",37,897,"Four","Reverse"
"2565","C2A",37,265,"Four","Reverse"
"2566","C2C",37,2956296,"Four","Reverse"
"2567","C2G",37,78,"Four","Reverse"
"2568","C2T",37,867,"Four","Reverse"
"2569","G2A",37,712,"Four","Reverse"
"2570","G2C",37,87,"Four","Reverse"
"2571","G2G",37,1381698,"Four","Reverse"
"2572","G2T",37,111,"Four","Reverse"
"2573","T2A",37,548,"Four","Reverse"
"2574","T2C",37,1757,"Four","Reverse"
"2575","T2G",37,137,"Four","Reverse"
"2576","T2T",37,2367721,"Four","Reverse"
"2577","A2A",38,13845935,"Four","Reverse"
"2578","A2C",38,416,"Four","Reverse"
"2579","A2G",38,5571,"Four","Reverse"
"2580","A2T",38,621,"Four","Reverse"
"2581","C2A",38,338,"Four","Reverse"
"2582","C2C",38,5056859,"Four","Reverse"
"2583","C2G",38,154,"Four","Reverse"
"2584","C2T",38,901,"Four","Reverse"
"2585","G2A",38,585,"Four","Reverse"
"2586","G2C",38,62,"Four","Reverse"
"2587","G2G",38,1595300,"Four","Reverse"
"2588","G2T",38,161,"Four","Reverse"
"2589","T2A",38,376,"Four","Reverse"
"2590","T2C",38,2041,"Four","Reverse"
"2591","T2G",38,175,"Four","Reverse"
"2592","T2T",38,8644297,"Four","Reverse"
"2593","A2A",39,16497657,"Four","Reverse"
"2594","A2C",39,479,"Four","Reverse"
"2595","A2G",39,4423,"Four","Reverse"
"2596","A2T",39,982,"Four","Reverse"
"2597","C2A",39,462,"Four","Reverse"
"2598","C2C",39,5913038,"Four","Reverse"
"2599","C2G",39,70,"Four","Reverse"
"2600","C2T",39,1642,"Four","Reverse"
"2601","G2A",39,983,"Four","Reverse"
"2602","G2C",39,123,"Four","Reverse"
"2603","G2G",39,6996293,"Four","Reverse"
"2604","G2T",39,216,"Four","Reverse"
"2605","T2A",39,512,"Four","Reverse"
"2606","T2C",39,2144,"Four","Reverse"
"2607","T2G",39,118,"Four","Reverse"
"2608","T2T",39,8137295,"Four","Reverse"
"2609","A2A",40,0,"Four","Reverse"
"2610","A2C",40,0,"Four","Reverse"
"2611","A2G",40,0,"Four","Reverse"
"2612","A2T",40,0,"Four","Reverse"
"2613","C2A",40,0,"Four","Reverse"
"2614","C2C",40,0,"Four","Reverse"
"2615","C2G",40,0,"Four","Reverse"
"2616","C2T",40,0,"Four","Reverse"
"2617","G2A",40,0,"Four","Reverse"
"2618","G2C",40,0,"Four","Reverse"
"2619","G2G",40,0,"Four","Reverse"
"2620","G2T",40,0,"Four","Reverse"
"2621","T2A",40,0,"Four","Reverse"
"2622","T2C",40,0,"Four","Reverse"
"2623","T2G",40,0,"Four","Reverse"
"2624","T2T",40,0,"Four","Reverse"
