"","ASV","Domain","Phylum","Class","Order","Family","Genus","Species","ID_level"
"1","ASV_1156","Eukaryota","Arthropoda","","","","","","Phylum"
"2","ASV_936","Eukaryota","Arthropoda","Arachnida","Scorpiones","Buthidae","Buthus","Buthus mariefranceae","Family"
"3","ASV_270","Eukaryota","Arthropoda","Arachnida","Araneae","Pholcidae","Carapoia","Carapoia sp. DNA100446402","Family"
"4","ASV_1438","Eukaryota","Arthropoda","Insecta","Hymenoptera","Formicidae","Cardiocondyla","Cardiocondyla minutior","Family"
"5","ASV_926","Eukaryota","Arthropoda","Arachnida","Scorpiones","Buthidae","Centruroides","Centruroides sculpturatus","Family"
"6","ASV_1228","Eukaryota","Arthropoda","Insecta","Diptera","Ceratopogonidae","","Ceratopogonidae sp. sc_02724","Family"
"7","ASV_1357","Eukaryota","Arthropoda","Insecta","Diptera","Ceratopogonidae","","Ceratopogonidae sp. sc_07781","Family"
"8","ASV_1023","Eukaryota","Arthropoda","Insecta","Coleoptera","Elateridae","Conoderus","Conoderus pallipes","Family"
"9","ASV_39","Eukaryota","Arthropoda","Insecta","Coleoptera","Elateridae","Conoderus","Conoderus pallipes","Family"
"10","ASV_442","Eukaryota","Arthropoda","Insecta","Coleoptera","Elateridae","Conoderus","Conoderus pallipes","Family"
"11","ASV_458","Eukaryota","Arthropoda","Insecta","Coleoptera","Elateridae","Conoderus","Conoderus pallipes","Family"
"12","ASV_1578","Eukaryota","Arthropoda","Insecta","Diptera","Culicidae","Culex","Culex univittatus","Family"
"13","ASV_558","Eukaryota","Arthropoda","Insecta","Diptera","Culicidae","Culex","Culex univittatus","Family"
"14","ASV_753","Eukaryota","Arthropoda","Insecta","Diptera","Ceratopogonidae","Culicoides","Culicoides sp. OM-2014","Family"
"15","ASV_1164","Eukaryota","Arthropoda","Arachnida","Araneae","Salticidae","Cytaea","Cytaea cf. sinuata JXZ-2013","Family"
"16","ASV_303","Eukaryota","Arthropoda","Insecta","Coleoptera","Hydrophilidae","Dactylosternum","Dactylosternum abdominale","Family"
"17","ASV_1636","Eukaryota","Arthropoda","Arachnida","Sarcoptiformes","Pyroglyphidae","Dermatophagoides","Dermatophagoides farinae","Family"
"18","ASV_997","Eukaryota","Arthropoda","Arachnida","Sarcoptiformes","Pyroglyphidae","Dermatophagoides","Dermatophagoides farinae","Family"
"19","ASV_1423","Eukaryota","Arthropoda","Arachnida","Sarcoptiformes","Pyroglyphidae","Dermatophagoides","Dermatophagoides pteronyssinus","Family"
"20","ASV_1563","Eukaryota","Arthropoda","Insecta","Diptera","Cecidomyiidae","Diadiplosis","Diadiplosis donaldi","Family"
"21","ASV_181","Eukaryota","Arthropoda","Insecta","Blattodea","Blaberidae","Diploptera","Diploptera punctata","Family"
"22","ASV_441","Eukaryota","Arthropoda","Insecta","Diptera","Lonchaeidae","Lamprolonchaea","Diptera sp. sc_00793","Family"
"23","ASV_663","Eukaryota","Arthropoda","Insecta","Psocoptera","Lepidopsocidae","Echmepteryx","Echmepteryx madagascariensis","Family"
"24","ASV_66","Eukaryota","Arthropoda","Insecta","Psocoptera","Ectopsocidae","","Ectopsocidae sp. S150708","Family"
"25","ASV_701","Eukaryota","Arthropoda","Insecta","Psocoptera","Ectopsocidae","Ectopsocus","Ectopsocus fullawayi","Family"
"26","ASV_469","Eukaryota","Arthropoda","Insecta","Psocoptera","Ectopsocidae","Ectopsocus","Ectopsocus sp. KY212","Family"
"27","ASV_1072","Eukaryota","Nematoda","Chromadorea","Rhabditida","Oxyuridae","Enterobius","Enterobius vermicularis","Family"
"28","ASV_1240","Eukaryota","Arthropoda","Insecta","Hymenoptera","Evaniidae","Evaniella","Evaniella semaeoda","Family"
"29","ASV_279","Eukaryota","Arthropoda","Insecta","Hymenoptera","Evaniidae","Evaniella","Evaniella semaeoda","Family"
"30","ASV_946","Eukaryota","Arthropoda","Insecta","Hymenoptera","Evaniidae","Evaniella","Evaniella semaeoda","Family"
"31","ASV_1338","Eukaryota","Arthropoda","Arachnida","Araneae","Salticidae","Hasarius","Hasarius adansoni","Family"
"32","ASV_94","Eukaryota","Arthropoda","Arachnida","Araneae","Salticidae","Hasarius","Hasarius adansoni","Family"
"33","ASV_990","Eukaryota","Arthropoda","Insecta","Diptera","Dolichopodidae","Hercostomus","Hercostomus unicolor","Family"
"34","ASV_166","Eukaryota","Chordata","Mammalia","Primates","Hominidae","Homo","Homo sapiens","Family"
"35","ASV_336","Eukaryota","Chordata","Mammalia","Primates","Hominidae","Homo","Homo sapiens","Family"
"36","ASV_356","Eukaryota","Chordata","Mammalia","Primates","Hominidae","Homo","Homo sapiens","Family"
"37","ASV_506","Eukaryota","Chordata","Mammalia","Primates","Hominidae","Homo","Homo sapiens","Family"
"38","ASV_514","Eukaryota","Chordata","Mammalia","Primates","Hominidae","Homo","Homo sapiens","Family"
"39","ASV_517","Eukaryota","Chordata","Mammalia","Primates","Hominidae","Homo","Homo sapiens","Family"
"40","ASV_533","Eukaryota","Chordata","Mammalia","Primates","Hominidae","Homo","Homo sapiens","Family"
"41","ASV_611","Eukaryota","Chordata","Mammalia","Primates","Hominidae","Homo","Homo sapiens","Family"
"42","ASV_728","Eukaryota","Chordata","Mammalia","Primates","Hominidae","Homo","Homo sapiens","Family"
"43","ASV_755","Eukaryota","Chordata","Mammalia","Primates","Hominidae","Homo","Homo sapiens","Family"
"44","ASV_885","Eukaryota","Chordata","Mammalia","Primates","Hominidae","Homo","Homo sapiens","Family"
"45","ASV_996","Eukaryota","Chordata","Mammalia","Primates","Hominidae","Homo","Homo sapiens","Family"
"46","ASV_566","Eukaryota","Arthropoda","Insecta","Coleoptera","Curculionidae","Hypothenemus","Hypothenemus sp. H206","Family"
"47","ASV_100","Eukaryota","Arthropoda","Collembola","Entomobryomorpha","Isotomidae","","Isotomidae sp. DPCOL102537","Family"
"48","ASV_1497","Eukaryota","Arthropoda","Collembola","Entomobryomorpha","Isotomidae","","Isotomidae sp. DPCOL102537","Family"
"49","ASV_23","Eukaryota","Arthropoda","Arachnida","Araneae","Theridiidae","Keijia <spiders>","Keijia mneon","Family"
"50","ASV_392","Eukaryota","Arthropoda","Arachnida","Araneae","Theridiidae","Keijia <spiders>","Keijia mneon","Family"
"51","ASV_501","Eukaryota","Arthropoda","Arachnida","Araneae","Theridiidae","Keijia <spiders>","Keijia mneon","Family"
"52","ASV_1683","Eukaryota","Arthropoda","Insecta","Lepidoptera","","","Lepidoptera sp. BOLD:AAC1583","Order"
"53","ASV_1124","Eukaryota","Arthropoda","Insecta","Lepidoptera","Tineidae","","Lepidoptera sp. sc_03005","Family"
"54","ASV_370","Eukaryota","Arthropoda","Insecta","Lepidoptera","Tineidae","","Lepidoptera sp. sc_03005","Family"
"55","ASV_543","Eukaryota","Arthropoda","Insecta","Lepidoptera","Tineidae","","Lepidoptera sp. sc_03005","Family"
"56","ASV_448","Eukaryota","Arthropoda","Insecta","Lepidoptera","Agonoxenidae","Agonoxena","Lepidoptera sp. sc_07152","Family"
"57","ASV_83","Eukaryota","Arthropoda","Insecta","Lepidoptera","Agonoxenidae","Agonoxena","Lepidoptera sp. sc_07152","Family"
"58","ASV_1056","Eukaryota","Arthropoda","Insecta","Hymenoptera","Formicidae","Linepithema","Linepithema humile","Family"
"59","ASV_781","Eukaryota","Arthropoda","Insecta","Hymenoptera","Formicidae","Linepithema","Linepithema humile","Family"
"60","ASV_882","Eukaryota","Arthropoda","Insecta","Psocoptera","Liposcelididae","Liposcelis","Liposcelis bostrychophila","Family"
"61","ASV_1387","Eukaryota","Arthropoda","Insecta","Psocoptera","Liposcelididae","Liposcelis","Liposcelis decolor","Family"
"62","ASV_1117","Eukaryota","Arthropoda","Malacostraca","Isopoda","Philosciidae","Littorophiloscia","Littorophiloscia bifasciata","Family"
"63","ASV_101","Eukaryota","Arthropoda","Chilopoda","Geophilomorpha","Mecistocephalidae","Mecistocephalus","Mecistocephalus guildingii","Family"
"64","ASV_112","Eukaryota","Arthropoda","Chilopoda","Geophilomorpha","Mecistocephalidae","Mecistocephalus","Mecistocephalus guildingii","Family"
"65","ASV_128","Eukaryota","Arthropoda","Chilopoda","Geophilomorpha","Mecistocephalidae","Mecistocephalus","Mecistocephalus guildingii","Family"
"66","ASV_146","Eukaryota","Arthropoda","Chilopoda","Geophilomorpha","Mecistocephalidae","Mecistocephalus","Mecistocephalus guildingii","Family"
"67","ASV_152","Eukaryota","Arthropoda","Chilopoda","Geophilomorpha","Mecistocephalidae","Mecistocephalus","Mecistocephalus guildingii","Family"
"68","ASV_158","Eukaryota","Arthropoda","Chilopoda","Geophilomorpha","Mecistocephalidae","Mecistocephalus","Mecistocephalus guildingii","Family"
"69","ASV_159","Eukaryota","Arthropoda","Chilopoda","Geophilomorpha","Mecistocephalidae","Mecistocephalus","Mecistocephalus guildingii","Family"
"70","ASV_169","Eukaryota","Arthropoda","Chilopoda","Geophilomorpha","Mecistocephalidae","Mecistocephalus","Mecistocephalus guildingii","Family"
"71","ASV_17","Eukaryota","Arthropoda","Chilopoda","Geophilomorpha","Mecistocephalidae","Mecistocephalus","Mecistocephalus guildingii","Family"
"72","ASV_172","Eukaryota","Arthropoda","Chilopoda","Geophilomorpha","Mecistocephalidae","Mecistocephalus","Mecistocephalus guildingii","Family"
"73","ASV_1737","Eukaryota","Arthropoda","Chilopoda","Geophilomorpha","Mecistocephalidae","Mecistocephalus","Mecistocephalus guildingii","Family"
"74","ASV_177","Eukaryota","Arthropoda","Chilopoda","Geophilomorpha","Mecistocephalidae","Mecistocephalus","Mecistocephalus guildingii","Family"
"75","ASV_184","Eukaryota","Arthropoda","Chilopoda","Geophilomorpha","Mecistocephalidae","Mecistocephalus","Mecistocephalus guildingii","Family"
"76","ASV_187","Eukaryota","Arthropoda","Chilopoda","Geophilomorpha","Mecistocephalidae","Mecistocephalus","Mecistocephalus guildingii","Family"
"77","ASV_194","Eukaryota","Arthropoda","Chilopoda","Geophilomorpha","Mecistocephalidae","Mecistocephalus","Mecistocephalus guildingii","Family"
"78","ASV_203","Eukaryota","Arthropoda","Chilopoda","Geophilomorpha","Mecistocephalidae","Mecistocephalus","Mecistocephalus guildingii","Family"
"79","ASV_209","Eukaryota","Arthropoda","Chilopoda","Geophilomorpha","Mecistocephalidae","Mecistocephalus","Mecistocephalus guildingii","Family"
"80","ASV_221","Eukaryota","Arthropoda","Chilopoda","Geophilomorpha","Mecistocephalidae","Mecistocephalus","Mecistocephalus guildingii","Family"
"81","ASV_222","Eukaryota","Arthropoda","Chilopoda","Geophilomorpha","Mecistocephalidae","Mecistocephalus","Mecistocephalus guildingii","Family"
"82","ASV_226","Eukaryota","Arthropoda","Chilopoda","Geophilomorpha","Mecistocephalidae","Mecistocephalus","Mecistocephalus guildingii","Family"
"83","ASV_248","Eukaryota","Arthropoda","Chilopoda","Geophilomorpha","Mecistocephalidae","Mecistocephalus","Mecistocephalus guildingii","Family"
"84","ASV_254","Eukaryota","Arthropoda","Chilopoda","Geophilomorpha","Mecistocephalidae","Mecistocephalus","Mecistocephalus guildingii","Family"
"85","ASV_261","Eukaryota","Arthropoda","Chilopoda","Geophilomorpha","Mecistocephalidae","Mecistocephalus","Mecistocephalus guildingii","Family"
"86","ASV_262","Eukaryota","Arthropoda","Chilopoda","Geophilomorpha","Mecistocephalidae","Mecistocephalus","Mecistocephalus guildingii","Family"
"87","ASV_301","Eukaryota","Arthropoda","Chilopoda","Geophilomorpha","Mecistocephalidae","Mecistocephalus","Mecistocephalus guildingii","Family"
"88","ASV_312","Eukaryota","Arthropoda","Chilopoda","Geophilomorpha","Mecistocephalidae","Mecistocephalus","Mecistocephalus guildingii","Family"
"89","ASV_314","Eukaryota","Arthropoda","Chilopoda","Geophilomorpha","Mecistocephalidae","Mecistocephalus","Mecistocephalus guildingii","Family"
"90","ASV_342","Eukaryota","Arthropoda","Chilopoda","Geophilomorpha","Mecistocephalidae","Mecistocephalus","Mecistocephalus guildingii","Family"
"91","ASV_378","Eukaryota","Arthropoda","Chilopoda","Geophilomorpha","Mecistocephalidae","Mecistocephalus","Mecistocephalus guildingii","Family"
"92","ASV_388","Eukaryota","Arthropoda","Chilopoda","Geophilomorpha","Mecistocephalidae","Mecistocephalus","Mecistocephalus guildingii","Family"
"93","ASV_422","Eukaryota","Arthropoda","Chilopoda","Geophilomorpha","Mecistocephalidae","Mecistocephalus","Mecistocephalus guildingii","Family"
"94","ASV_471","Eukaryota","Arthropoda","Chilopoda","Geophilomorpha","Mecistocephalidae","Mecistocephalus","Mecistocephalus guildingii","Family"
"95","ASV_489","Eukaryota","Arthropoda","Chilopoda","Geophilomorpha","Mecistocephalidae","Mecistocephalus","Mecistocephalus guildingii","Family"
"96","ASV_499","Eukaryota","Arthropoda","Chilopoda","Geophilomorpha","Mecistocephalidae","Mecistocephalus","Mecistocephalus guildingii","Family"
"97","ASV_502","Eukaryota","Arthropoda","Chilopoda","Geophilomorpha","Mecistocephalidae","Mecistocephalus","Mecistocephalus guildingii","Family"
"98","ASV_510","Eukaryota","Arthropoda","Chilopoda","Geophilomorpha","Mecistocephalidae","Mecistocephalus","Mecistocephalus guildingii","Family"
"99","ASV_519","Eukaryota","Arthropoda","Chilopoda","Geophilomorpha","Mecistocephalidae","Mecistocephalus","Mecistocephalus guildingii","Family"
"100","ASV_532","Eukaryota","Arthropoda","Chilopoda","Geophilomorpha","Mecistocephalidae","Mecistocephalus","Mecistocephalus guildingii","Family"
"101","ASV_651","Eukaryota","Arthropoda","Chilopoda","Geophilomorpha","Mecistocephalidae","Mecistocephalus","Mecistocephalus guildingii","Family"
"102","ASV_70","Eukaryota","Arthropoda","Chilopoda","Geophilomorpha","Mecistocephalidae","Mecistocephalus","Mecistocephalus guildingii","Family"
"103","ASV_73","Eukaryota","Arthropoda","Chilopoda","Geophilomorpha","Mecistocephalidae","Mecistocephalus","Mecistocephalus guildingii","Family"
"104","ASV_735","Eukaryota","Arthropoda","Chilopoda","Geophilomorpha","Mecistocephalidae","Mecistocephalus","Mecistocephalus guildingii","Family"
"105","ASV_773","Eukaryota","Arthropoda","Chilopoda","Geophilomorpha","Mecistocephalidae","Mecistocephalus","Mecistocephalus guildingii","Family"
"106","ASV_79","Eukaryota","Arthropoda","Chilopoda","Geophilomorpha","Mecistocephalidae","Mecistocephalus","Mecistocephalus guildingii","Family"
"107","ASV_790","Eukaryota","Arthropoda","Chilopoda","Geophilomorpha","Mecistocephalidae","Mecistocephalus","Mecistocephalus guildingii","Family"
"108","ASV_82","Eukaryota","Arthropoda","Chilopoda","Geophilomorpha","Mecistocephalidae","Mecistocephalus","Mecistocephalus guildingii","Family"
"109","ASV_853","Eukaryota","Arthropoda","Chilopoda","Geophilomorpha","Mecistocephalidae","Mecistocephalus","Mecistocephalus guildingii","Family"
"110","ASV_867","Eukaryota","Arthropoda","Chilopoda","Geophilomorpha","Mecistocephalidae","Mecistocephalus","Mecistocephalus guildingii","Family"
"111","ASV_880","Eukaryota","Arthropoda","Chilopoda","Geophilomorpha","Mecistocephalidae","Mecistocephalus","Mecistocephalus guildingii","Family"
"112","ASV_89","Eukaryota","Arthropoda","Chilopoda","Geophilomorpha","Mecistocephalidae","Mecistocephalus","Mecistocephalus guildingii","Family"
"113","ASV_948","Eukaryota","Arthropoda","Chilopoda","Geophilomorpha","Mecistocephalidae","Mecistocephalus","Mecistocephalus guildingii","Family"
"114","ASV_352","Eukaryota","Chordata","Mammalia","Rodentia","Muridae","Mus","Mus musculus","Family"
"115","ASV_537","Eukaryota","Chordata","Mammalia","Rodentia","Muridae","Mus","Mus musculus","Family"
"116","ASV_572","Eukaryota","Chordata","Mammalia","Rodentia","Muridae","Mus","Mus musculus","Family"
"117","ASV_1084","Eukaryota","Arthropoda","Insecta","Psocoptera","Myopsocidae","Ectopsocus","Myopsocidae sp. sc_07272","Family"
"118","ASV_102","Eukaryota","Arthropoda","Arachnida","Araneae","Araneidae","Neoscona","Neoscona theisi","Family"
"119","ASV_1554","Eukaryota","Arthropoda","Arachnida","Araneae","Araneidae","Neoscona","Neoscona theisi","Family"
"120","ASV_1558","Eukaryota","Arthropoda","Arachnida","Araneae","Araneidae","Neoscona","Neoscona theisi","Family"
"121","ASV_1560","Eukaryota","Arthropoda","Arachnida","Araneae","Araneidae","Neoscona","Neoscona theisi","Family"
"122","ASV_1665","Eukaryota","Arthropoda","Arachnida","Araneae","Araneidae","Neoscona","Neoscona theisi","Family"
"123","ASV_206","Eukaryota","Arthropoda","Arachnida","Araneae","Araneidae","Neoscona","Neoscona theisi","Family"
"124","ASV_21","Eukaryota","Arthropoda","Arachnida","Araneae","Araneidae","Neoscona","Neoscona theisi","Family"
"125","ASV_258","Eukaryota","Arthropoda","Arachnida","Araneae","Araneidae","Neoscona","Neoscona theisi","Family"
"126","ASV_29","Eukaryota","Arthropoda","Arachnida","Araneae","Araneidae","Neoscona","Neoscona theisi","Family"
"127","ASV_3","Eukaryota","Arthropoda","Arachnida","Araneae","Araneidae","Neoscona","Neoscona theisi","Family"
"128","ASV_322","Eukaryota","Arthropoda","Arachnida","Araneae","Araneidae","Neoscona","Neoscona theisi","Family"
"129","ASV_436","Eukaryota","Arthropoda","Arachnida","Araneae","Araneidae","Neoscona","Neoscona theisi","Family"
"130","ASV_485","Eukaryota","Arthropoda","Arachnida","Araneae","Araneidae","Neoscona","Neoscona theisi","Family"
"131","ASV_692","Eukaryota","Arthropoda","Arachnida","Araneae","Araneidae","Neoscona","Neoscona theisi","Family"
"132","ASV_710","Eukaryota","Arthropoda","Arachnida","Araneae","Araneidae","Neoscona","Neoscona theisi","Family"
"133","ASV_78","Eukaryota","Arthropoda","Arachnida","Araneae","Araneidae","Neoscona","Neoscona theisi","Family"
"134","ASV_9","Eukaryota","Arthropoda","Arachnida","Araneae","Araneidae","Neoscona","Neoscona theisi","Family"
"135","ASV_888","Eukaryota","Arthropoda","Insecta","Coleoptera","Coccinellidae","Nephus","Nephus sp. PSRU-COC007","Family"
"136","ASV_294","Eukaryota","Arthropoda","Insecta","Hymenoptera","Formicidae","Nylanderia","Nylanderia sp. CHR01","Family"
"137","ASV_677","Eukaryota","Arthropoda","Insecta","Hymenoptera","Formicidae","Nylanderia","Nylanderia sp. CHR01","Family"
"138","ASV_1390","Eukaryota","Arthropoda","Arachnida","Araneae","Sparassidae","Olios","Olios sp. 1GAB_PAK","Family"
"139","ASV_1307","Eukaryota","Chordata","Actinopteri","Salmoniformes","Salmonidae","Oncorhynchus","Oncorhynchus nerka","Family"
"140","ASV_1132","Eukaryota","Arthropoda","Arachnida","Araneae","Oonopidae","Opopaea","Opopaea sp. CASENT9024170","Family"
"141","ASV_291","Eukaryota","Arthropoda","Arachnida","Araneae","Oonopidae","Opopaea","Opopaea sp. CASENT9024170","Family"
"142","ASV_1032","Eukaryota","Arthropoda","Insecta","Orthoptera","Mogoplistidae","Ornebius","Ornebius novarae","Family"
"143","ASV_333","Eukaryota","Arthropoda","Insecta","Orthoptera","Mogoplistidae","Ornebius","Ornebius novarae","Family"
"144","ASV_87","Eukaryota","Arthropoda","Insecta","Orthoptera","Mogoplistidae","Ornebius","Ornebius novarae","Family"
"145","ASV_1247","Eukaryota","Arthropoda","Chilopoda","Geophilomorpha","Oryidae","Orphnaeus","Orphnaeus brevilabiatus","Family"
"146","ASV_1135","Eukaryota","Arthropoda","Arachnida","Araneae","Oxyopidae","Oxyopes","Oxyopes sertatus","Family"
"147","ASV_1178","Eukaryota","Arthropoda","Insecta","Odonata","Libellulidae","Pantala","Pantala flavescens","Family"
"148","ASV_1185","Eukaryota","Arthropoda","Insecta","Odonata","Libellulidae","Pantala","Pantala flavescens","Family"
"149","ASV_1290","Eukaryota","Arthropoda","Insecta","Odonata","Libellulidae","Pantala","Pantala flavescens","Family"
"150","ASV_1358","Eukaryota","Arthropoda","Insecta","Odonata","Libellulidae","Pantala","Pantala flavescens","Family"
"151","ASV_1562","Eukaryota","Arthropoda","Insecta","Odonata","Libellulidae","Pantala","Pantala flavescens","Family"
"152","ASV_1735","Eukaryota","Arthropoda","Insecta","Odonata","Libellulidae","Pantala","Pantala flavescens","Family"
"153","ASV_1736","Eukaryota","Arthropoda","Insecta","Odonata","Libellulidae","Pantala","Pantala flavescens","Family"
"154","ASV_19","Eukaryota","Arthropoda","Insecta","Odonata","Libellulidae","Pantala","Pantala flavescens","Family"
"155","ASV_24","Eukaryota","Arthropoda","Insecta","Odonata","Libellulidae","Pantala","Pantala flavescens","Family"
"156","ASV_495","Eukaryota","Arthropoda","Insecta","Odonata","Libellulidae","Pantala","Pantala flavescens","Family"
"157","ASV_5","Eukaryota","Arthropoda","Insecta","Odonata","Libellulidae","Pantala","Pantala flavescens","Family"
"158","ASV_795","Eukaryota","Arthropoda","Insecta","Odonata","Libellulidae","Pantala","Pantala flavescens","Family"
"159","ASV_803","Eukaryota","Arthropoda","Insecta","Odonata","Libellulidae","Pantala","Pantala flavescens","Family"
"160","ASV_1018","Eukaryota","Arthropoda","Branchiopoda","Anostraca","Branchipodidae","Parartemia","Parartemia serventyi","Family"
"161","ASV_782","Eukaryota","Arthropoda","Branchiopoda","Anostraca","Branchipodidae","Parartemia","Parartemia serventyi","Family"
"162","ASV_973","Eukaryota","Arthropoda","Branchiopoda","Anostraca","Branchipodidae","Parartemia","Parartemia serventyi","Family"
"163","ASV_455","Eukaryota","Arthropoda","Insecta","Coleoptera","Staphylinidae","Philonthus","Philonthus explorator","Family"
"164","ASV_1664","Eukaryota","Arthropoda","Insecta","Lepidoptera","Crambidae","Piletocera","Piletocera signiferalis","Family"
"165","ASV_504","Eukaryota","Arthropoda","Insecta","Lepidoptera","Crambidae","Piletocera","Piletocera signiferalis","Family"
"166","ASV_1187","Eukaryota","Arthropoda","Insecta","Hymenoptera","Formicidae","Pseudomyrmex","Pseudomyrmex gracilis","Family"
"167","ASV_1232","Eukaryota","Arthropoda","Insecta","Hymenoptera","Formicidae","Pseudomyrmex","Pseudomyrmex gracilis","Family"
"168","ASV_1373","Eukaryota","Arthropoda","Insecta","Hymenoptera","Formicidae","Pseudomyrmex","Pseudomyrmex gracilis","Family"
"169","ASV_1684","Eukaryota","Arthropoda","Insecta","Hymenoptera","Formicidae","Pseudomyrmex","Pseudomyrmex gracilis","Family"
"170","ASV_1706","Eukaryota","Arthropoda","Insecta","Hymenoptera","Formicidae","Pseudomyrmex","Pseudomyrmex gracilis","Family"
"171","ASV_447","Eukaryota","Arthropoda","Insecta","Hemiptera","Coccidae","Saissetia","Saissetia oleae","Family"
"172","ASV_1046","Eukaryota","Chordata","Actinopteri","Salmoniformes","Salmonidae","Salmo","Salmo salar","Family"
"173","ASV_180","Eukaryota","Arthropoda","Insecta","Diptera","Platystomatidae","Scholastes","Scholastes lonchifer","Family"
"174","ASV_243","Eukaryota","Arthropoda","Insecta","Diptera","Platystomatidae","Scholastes","Scholastes lonchifer","Family"
"175","ASV_26","Eukaryota","Arthropoda","Insecta","Diptera","Platystomatidae","Scholastes","Scholastes lonchifer","Family"
"176","ASV_486","Eukaryota","Arthropoda","Insecta","Diptera","Platystomatidae","Scholastes","Scholastes lonchifer","Family"
"177","ASV_562","Eukaryota","Arthropoda","Insecta","Diptera","Platystomatidae","Scholastes","Scholastes lonchifer","Family"
"178","ASV_569","Eukaryota","Arthropoda","Insecta","Diptera","Platystomatidae","Scholastes","Scholastes lonchifer","Family"
"179","ASV_855","Eukaryota","Arthropoda","Insecta","Diptera","Platystomatidae","Scholastes","Scholastes lonchifer","Family"
"180","ASV_1184","Eukaryota","Arthropoda","Insecta","Diptera","Sciaridae","","Sciaridae sp. BIOUG15345-H01","Family"
"181","ASV_1442","Eukaryota","Arthropoda","Insecta","Diptera","Sciaridae","","Sciaridae sp. sc_02707","Family"
"182","ASV_1096","Eukaryota","Arthropoda","Insecta","Diptera","Sciaridae","","Sciaridae sp. sc_07876","Family"
"183","ASV_326","Eukaryota","Arthropoda","Insecta","Thysanoptera","Thripidae","Selenothrips","Selenothrips rubrocinctus","Family"
"184","ASV_115","Eukaryota","Arthropoda","Arachnida","Araneae","Pholcidae","Smeringopus","Smeringopus pallidus","Family"
"185","ASV_13","Eukaryota","Arthropoda","Arachnida","Araneae","Pholcidae","Smeringopus","Smeringopus pallidus","Family"
"186","ASV_1630","Eukaryota","Arthropoda","Arachnida","Araneae","Pholcidae","Smeringopus","Smeringopus pallidus","Family"
"187","ASV_1685","Eukaryota","Arthropoda","Arachnida","Araneae","Pholcidae","Smeringopus","Smeringopus pallidus","Family"
"188","ASV_251","Eukaryota","Arthropoda","Arachnida","Araneae","Pholcidae","Smeringopus","Smeringopus pallidus","Family"
"189","ASV_309","Eukaryota","Arthropoda","Arachnida","Araneae","Pholcidae","Smeringopus","Smeringopus pallidus","Family"
"190","ASV_313","Eukaryota","Arthropoda","Arachnida","Araneae","Pholcidae","Smeringopus","Smeringopus pallidus","Family"
"191","ASV_330","Eukaryota","Arthropoda","Arachnida","Araneae","Pholcidae","Smeringopus","Smeringopus pallidus","Family"
"192","ASV_331","Eukaryota","Arthropoda","Arachnida","Araneae","Pholcidae","Smeringopus","Smeringopus pallidus","Family"
"193","ASV_381","Eukaryota","Arthropoda","Arachnida","Araneae","Pholcidae","Smeringopus","Smeringopus pallidus","Family"
"194","ASV_615","Eukaryota","Arthropoda","Arachnida","Araneae","Pholcidae","Smeringopus","Smeringopus pallidus","Family"
"195","ASV_726","Eukaryota","Arthropoda","Arachnida","Araneae","Pholcidae","Smeringopus","Smeringopus pallidus","Family"
"196","ASV_8","Eukaryota","Arthropoda","Arachnida","Araneae","Pholcidae","Smeringopus","Smeringopus pallidus","Family"
"197","ASV_95","Eukaryota","Arthropoda","Arachnida","Araneae","Pholcidae","Smeringopus","Smeringopus pallidus","Family"
"198","ASV_1598","Eukaryota","Arthropoda","Collembola","Symphypleona","Sminthuridae","","Sminthuridae sp. DPCOL44194","Family"
"199","ASV_133","Eukaryota","Arthropoda","Chilopoda","Geophilomorpha","Himantariidae","Stigmatogaster","Stigmatogaster souletina","Family"
"200","ASV_538","Eukaryota","Arthropoda","Chilopoda","Geophilomorpha","Himantariidae","Stigmatogaster","Stigmatogaster souletina","Family"
"201","ASV_681","Eukaryota","Arthropoda","Insecta","Diptera","Limoniidae","Styringomyia","Styringomyia didyma","Family"
"202","ASV_839","Eukaryota","Chordata","Aves","Pelecaniformes","Sulidae","Sula","Sula sula","Family"
"203","ASV_1076","Eukaryota","Arthropoda","Chilopoda","Geophilomorpha","Mecistocephalidae","Tygarrup","Tygarrup javanicus","Family"
"204","ASV_1161","Eukaryota","Arthropoda","Chilopoda","Geophilomorpha","Mecistocephalidae","Tygarrup","Tygarrup javanicus","Family"
"205","ASV_15","Eukaryota","Arthropoda","Chilopoda","Geophilomorpha","Mecistocephalidae","Tygarrup","Tygarrup javanicus","Family"
"206","ASV_28","Eukaryota","Arthropoda","Chilopoda","Geophilomorpha","Mecistocephalidae","Tygarrup","Tygarrup javanicus","Family"
"207","ASV_38","Eukaryota","Arthropoda","Chilopoda","Geophilomorpha","Mecistocephalidae","Tygarrup","Tygarrup javanicus","Family"
"208","ASV_544","Eukaryota","Arthropoda","Chilopoda","Geophilomorpha","Mecistocephalidae","Tygarrup","Tygarrup javanicus","Family"
"209","ASV_667","Eukaryota","Arthropoda","Chilopoda","Geophilomorpha","Mecistocephalidae","Tygarrup","Tygarrup javanicus","Family"
"210","ASV_49","Eukaryota","Arthropoda","Insecta","Dermaptera","Anisolabididae","Anisolabis","Anisolabis maritima","Family"
"211","ASV_425","Eukaryota","Arthropoda","Insecta","Diptera","Stratiomyidae","Cephalochrysa","Cephalochrysa maxima","Family"
"212","ASV_1609","Eukaryota","Arthropoda","Collembola","Entomobryomorpha","Entomobryidae","Homidia","","Family"
"213","ASV_96","Eukaryota","Arthropoda","Collembola","Entomobryomorpha","Entomobryidae","Homidia","","Family"
"214","ASV_1078","Eukaryota","Arthropoda","Insecta","Hymenoptera","Formicidae","Hypoponera","","Family"
"215","ASV_271","Eukaryota","Chordata","Reptilia","Squamata","Gekkonidae","Lepidodactylus","Lepidodactylus lugubris","Family"
"216","ASV_716","Eukaryota","Arthropoda","Arachnida","Araneae","Araneidae","Neoscona","Neoscona theisi","Family"
"217","ASV_1419","Eukaryota","Arthropoda","Insecta","Blattodea","Blattidae","Periplaneta","","Family"
"218","ASV_654","Eukaryota","Arthropoda","Insecta","Blattodea","Blattidae","Periplaneta","Periplaneta australasiae","Family"
"219","ASV_91","Eukaryota","Arthropoda","Insecta","Blattodea","Blattidae","Periplaneta","Periplaneta australasiae","Family"
"220","ASV_924","Eukaryota","Arthropoda","Insecta","Blattodea","Blattidae","Periplaneta","Periplaneta australasiae","Family"
"221","ASV_1490","Eukaryota","Arthropoda","Insecta","Hymenoptera","Formicidae","Pheidole","","Family"
"222","ASV_1491","Eukaryota","Arthropoda","Insecta","Hymenoptera","Formicidae","Pheidole","Pheidole megacephala","Family"
"223","ASV_515","Eukaryota","Arthropoda","Insecta","Hymenoptera","Formicidae","Pheidole","Pheidole megacephala","Family"
"224","ASV_628","Eukaryota","Arthropoda","Insecta","Hymenoptera","Formicidae","Pheidole","Pheidole megacephala","Family"
"225","ASV_778","Eukaryota","Arthropoda","Insecta","Hymenoptera","Formicidae","Pheidole","Pheidole megacephala","Family"
"226","ASV_850","Eukaryota","Arthropoda","Insecta","Hymenoptera","Formicidae","Pheidole","Pheidole megacephala","Family"
"227","ASV_932","Eukaryota","Arthropoda","Insecta","Hymenoptera","Formicidae","Pheidole","Pheidole megacephala","Family"
"228","ASV_784","Eukaryota","Arthropoda","Insecta","Hymenoptera","Formicidae","Ponera <ants>","Ponera swezeyi","Family"
"229","ASV_1516","Eukaryota","Arthropoda","Arachnida","Sarcoptiformes","Suidasiidae","Suidasia","","Family"
"230","ASV_682","Eukaryota","Arthropoda","Arachnida","Sarcoptiformes","Suidasiidae","Suidasia","","Family"
"231","ASV_14","Eukaryota","Arthropoda","Arachnida","Araneae","Theridiidae","Theridion","Theridion melanostictum","Family"
"232","ASV_618","Eukaryota","Arthropoda","Arachnida","Araneae","Theridiidae","Theridion","Theridion melanostictum","Family"
"233","ASV_793","Eukaryota","Arthropoda","Arachnida","Sarcoptiformes","Acaridae","Tyrophagus","Tyrophagus putrescentiae","Family"
"234","ASV_124","Eukaryota","Arthropoda","Insecta","Orthoptera","Acrididae","Oxya","","Family"
"235","ASV_1413","Eukaryota","Arthropoda","Insecta","Orthoptera","Acrididae","Oxya","","Family"
"236","ASV_1517","Eukaryota","Arthropoda","Insecta","Orthoptera","Acrididae","Oxya","","Family"
"237","ASV_1637","Eukaryota","Arthropoda","Insecta","Orthoptera","Acrididae","Oxya","","Family"
"238","ASV_201","Eukaryota","Arthropoda","Insecta","Orthoptera","Acrididae","Oxya","","Family"
"239","ASV_286","Eukaryota","Arthropoda","Insecta","Orthoptera","Acrididae","Oxya","","Family"
"240","ASV_36","Eukaryota","Arthropoda","Insecta","Orthoptera","Acrididae","Oxya","","Family"
"241","ASV_612","Eukaryota","Arthropoda","Insecta","Orthoptera","Acrididae","","","Family"
"242","ASV_64","Eukaryota","Arthropoda","Insecta","Orthoptera","Acrididae","Oxya","","Family"
"243","ASV_488","Eukaryota","Arthropoda","Insecta","Diptera","Agromyzidae","Liriomyza","Liriomyza sativae","Family"
"244","ASV_1678","Eukaryota","Arthropoda","Insecta","Hemiptera","Aleyrodidae","Aleurodicus","Aleurodicus dispersus","Family"
"245","ASV_958","Eukaryota","Arthropoda","Insecta","Hemiptera","Aleyrodidae","Aleurodicus","Aleurodicus dispersus","Family"
"246","ASV_1141","Eukaryota","Arthropoda","Collembola","Symphypleona","Bourletiellidae","","","Family"
"247","ASV_1204","Eukaryota","Arthropoda","Insecta","Diptera","Cecidomyiidae","","","Family"
"248","ASV_298","Eukaryota","Arthropoda","Insecta","Diptera","Chloropidae","","","Family"
"249","ASV_902","Eukaryota","Arthropoda","Insecta","Diptera","Chloropidae","","","Family"
"250","ASV_148","Eukaryota","Arthropoda","Insecta","Blattodea","Ectobiidae","","","Family"
"251","ASV_191","Eukaryota","Arthropoda","Insecta","Blattodea","Ectobiidae","","","Family"
"252","ASV_319","Eukaryota","Arthropoda","Insecta","Lepidoptera","Erebidae","","","Family"
"253","ASV_1440","Eukaryota","Arthropoda","Insecta","Hymenoptera","Formicidae","","","Family"
"254","ASV_52","Eukaryota","Arthropoda","Insecta","Hymenoptera","Formicidae","Nylanderia bourbonica","Nylanderia bourbonica","Family"
"255","ASV_607","Eukaryota","Arthropoda","Insecta","Hymenoptera","Formicidae","Nylanderia bourbonica","Nylanderia bourbonica","Family"
"256","ASV_1165","Eukaryota","Chordata","Mammalia","Primates","Hominidae","","","Family"
"257","ASV_1257","Eukaryota","Chordata","Mammalia","Primates","Hominidae","","","Family"
"258","ASV_1679","Eukaryota","Chordata","Mammalia","Primates","Hominidae","","","Family"
"259","ASV_164","Eukaryota","Arthropoda","Insecta","Psocoptera","Lepidopsocidae","Lepidopsocus","Lepidopsocus marmoratus","Family"
"260","ASV_552","Eukaryota","Arthropoda","Insecta","Psocoptera","Lepidopsocidae","","","Family"
"261","ASV_400","Eukaryota","Arthropoda","Insecta","Diptera","Limoniidae","","","Family"
"262","ASV_1671","Eukaryota","Arthropoda","Insecta","Hemiptera","Pseudococcidae","","","Family"
"263","ASV_1022","Eukaryota","Arthropoda","Insecta","Diptera","Sciaridae","","","Family"
"264","ASV_1346","Eukaryota","Arthropoda","Insecta","Diptera","Sciaridae","","","Family"
"265","ASV_151","Eukaryota","Arthropoda","Insecta","Diptera","Sciaridae","","","Family"
"266","ASV_245","Eukaryota","Arthropoda","Insecta","Diptera","Sciaridae","Bradysia","Bradysia ocellaris","Family"
"267","ASV_1","Eukaryota","Arthropoda","Arachnida","Araneae","Sparassidae","Heteropoda","Heteropoda venatoria","Family"
"268","ASV_1017","Eukaryota","Arthropoda","Arachnida","Araneae","Sparassidae","","","Family"
"269","ASV_1035","Eukaryota","Arthropoda","Arachnida","Araneae","Sparassidae","Heteropoda","Heteropoda venatoria","Family"
"270","ASV_1083","Eukaryota","Arthropoda","Arachnida","Araneae","Sparassidae","Heteropoda","Heteropoda venatoria","Family"
"271","ASV_1086","Eukaryota","Arthropoda","Arachnida","Araneae","Sparassidae","Heteropoda","Heteropoda venatoria","Family"
"272","ASV_113","Eukaryota","Arthropoda","Arachnida","Araneae","Sparassidae","","","Family"
"273","ASV_117","Eukaryota","Arthropoda","Arachnida","Araneae","Sparassidae","","","Family"
"274","ASV_118","Eukaryota","Arthropoda","Arachnida","Araneae","Sparassidae","","","Family"
"275","ASV_1194","Eukaryota","Arthropoda","Arachnida","Araneae","Sparassidae","Heteropoda","Heteropoda venatoria","Family"
"276","ASV_1202","Eukaryota","Arthropoda","Arachnida","Araneae","Sparassidae","Heteropoda","Heteropoda venatoria","Family"
"277","ASV_1237","Eukaryota","Arthropoda","Arachnida","Araneae","Sparassidae","Heteropoda","Heteropoda venatoria","Family"
"278","ASV_1297","Eukaryota","Arthropoda","Arachnida","Araneae","Sparassidae","Heteropoda","Heteropoda venatoria","Family"
"279","ASV_132","Eukaryota","Arthropoda","Arachnida","Araneae","Sparassidae","Heteropoda","Heteropoda venatoria","Family"
"280","ASV_1326","Eukaryota","Arthropoda","Arachnida","Araneae","Sparassidae","Heteropoda","Heteropoda venatoria","Family"
"281","ASV_1331","Eukaryota","Arthropoda","Arachnida","Araneae","Sparassidae","Heteropoda","Heteropoda venatoria","Family"
"282","ASV_1418","Eukaryota","Arthropoda","Arachnida","Araneae","Sparassidae","Heteropoda","Heteropoda venatoria","Family"
"283","ASV_149","Eukaryota","Arthropoda","Arachnida","Araneae","Sparassidae","Heteropoda","Heteropoda venatoria","Family"
"284","ASV_1511","Eukaryota","Arthropoda","Arachnida","Araneae","Sparassidae","","","Family"
"285","ASV_1524","Eukaryota","Arthropoda","Arachnida","Araneae","Sparassidae","Heteropoda","Heteropoda venatoria","Family"
"286","ASV_1526","Eukaryota","Arthropoda","Arachnida","Araneae","Sparassidae","Heteropoda","Heteropoda venatoria","Family"
"287","ASV_1529","Eukaryota","Arthropoda","Arachnida","Araneae","Sparassidae","Heteropoda","Heteropoda venatoria","Family"
"288","ASV_154","Eukaryota","Arthropoda","Arachnida","Araneae","Sparassidae","","","Family"
"289","ASV_155","Eukaryota","Arthropoda","Arachnida","Araneae","Sparassidae","Heteropoda","Heteropoda venatoria","Family"
"290","ASV_156","Eukaryota","Arthropoda","Arachnida","Araneae","Sparassidae","Heteropoda","Heteropoda venatoria","Family"
"291","ASV_1581","Eukaryota","Arthropoda","Arachnida","Araneae","Sparassidae","Heteropoda","Heteropoda venatoria","Family"
"292","ASV_1633","Eukaryota","Arthropoda","Arachnida","Araneae","Sparassidae","Heteropoda","Heteropoda venatoria","Family"
"293","ASV_1638","Eukaryota","Arthropoda","Arachnida","Araneae","Sparassidae","Heteropoda","Heteropoda venatoria","Family"
"294","ASV_1642","Eukaryota","Arthropoda","Arachnida","Araneae","Sparassidae","Heteropoda","Heteropoda venatoria","Family"
"295","ASV_1648","Eukaryota","Arthropoda","Arachnida","Araneae","Sparassidae","Heteropoda","Heteropoda venatoria","Family"
"296","ASV_190","Eukaryota","Arthropoda","Arachnida","Araneae","Sparassidae","Heteropoda","Heteropoda venatoria","Family"
"297","ASV_202","Eukaryota","Arthropoda","Arachnida","Araneae","Sparassidae","Heteropoda","Heteropoda venatoria","Family"
"298","ASV_217","Eukaryota","Arthropoda","Arachnida","Araneae","Sparassidae","Heteropoda","Heteropoda venatoria","Family"
"299","ASV_240","Eukaryota","Arthropoda","Arachnida","Araneae","Sparassidae","Heteropoda","Heteropoda venatoria","Family"
"300","ASV_25","Eukaryota","Arthropoda","Arachnida","Araneae","Sparassidae","Heteropoda","Heteropoda venatoria","Family"
"301","ASV_259","Eukaryota","Arthropoda","Arachnida","Araneae","Sparassidae","Heteropoda","Heteropoda venatoria","Family"
"302","ASV_284","Eukaryota","Arthropoda","Arachnida","Araneae","Sparassidae","Heteropoda","Heteropoda venatoria","Family"
"303","ASV_297","Eukaryota","Arthropoda","Arachnida","Araneae","Sparassidae","Heteropoda","Heteropoda venatoria","Family"
"304","ASV_334","Eukaryota","Arthropoda","Arachnida","Araneae","Sparassidae","Heteropoda","Heteropoda venatoria","Family"
"305","ASV_359","Eukaryota","Arthropoda","Arachnida","Araneae","Sparassidae","Heteropoda","Heteropoda venatoria","Family"
"306","ASV_403","Eukaryota","Arthropoda","Arachnida","Araneae","Sparassidae","Heteropoda","Heteropoda venatoria","Family"
"307","ASV_41","Eukaryota","Arthropoda","Arachnida","Araneae","Sparassidae","Heteropoda","Heteropoda venatoria","Family"
"308","ASV_411","Eukaryota","Arthropoda","Arachnida","Araneae","Sparassidae","Heteropoda","Heteropoda venatoria","Family"
"309","ASV_43","Eukaryota","Arthropoda","Arachnida","Araneae","Sparassidae","Heteropoda","Heteropoda venatoria","Family"
"310","ASV_452","Eukaryota","Arthropoda","Arachnida","Araneae","Sparassidae","Heteropoda","Heteropoda venatoria","Family"
"311","ASV_463","Eukaryota","Arthropoda","Arachnida","Araneae","Sparassidae","Heteropoda","Heteropoda venatoria","Family"
"312","ASV_47","Eukaryota","Arthropoda","Arachnida","Araneae","Sparassidae","","","Family"
"313","ASV_475","Eukaryota","Arthropoda","Arachnida","Araneae","Sparassidae","Heteropoda","Heteropoda venatoria","Family"
"314","ASV_480","Eukaryota","Arthropoda","Arachnida","Araneae","Sparassidae","Heteropoda","Heteropoda venatoria","Family"
"315","ASV_481","Eukaryota","Arthropoda","Arachnida","Araneae","Sparassidae","Heteropoda","Heteropoda venatoria","Family"
"316","ASV_512","Eukaryota","Arthropoda","Arachnida","Araneae","Sparassidae","Heteropoda","Heteropoda venatoria","Family"
"317","ASV_523","Eukaryota","Arthropoda","Arachnida","Araneae","Sparassidae","Heteropoda","Heteropoda venatoria","Family"
"318","ASV_541","Eukaryota","Arthropoda","Arachnida","Araneae","Sparassidae","Heteropoda","Heteropoda venatoria","Family"
"319","ASV_56","Eukaryota","Arthropoda","Arachnida","Araneae","Sparassidae","","","Family"
"320","ASV_573","Eukaryota","Arthropoda","Arachnida","Araneae","Sparassidae","Heteropoda","Heteropoda venatoria","Family"
"321","ASV_579","Eukaryota","Arthropoda","Arachnida","Araneae","Sparassidae","Heteropoda","Heteropoda venatoria","Family"
"322","ASV_587","Eukaryota","Arthropoda","Arachnida","Araneae","Sparassidae","Heteropoda","Heteropoda venatoria","Family"
"323","ASV_60","Eukaryota","Arthropoda","Arachnida","Araneae","Sparassidae","Heteropoda","Heteropoda venatoria","Family"
"324","ASV_65","Eukaryota","Arthropoda","Arachnida","Araneae","Sparassidae","","","Family"
"325","ASV_71","Eukaryota","Arthropoda","Arachnida","Araneae","Sparassidae","Heteropoda","Heteropoda venatoria","Family"
"326","ASV_72","Eukaryota","Arthropoda","Arachnida","Araneae","Sparassidae","Heteropoda","Heteropoda venatoria","Family"
"327","ASV_724","Eukaryota","Arthropoda","Arachnida","Araneae","Sparassidae","Heteropoda","Heteropoda venatoria","Family"
"328","ASV_736","Eukaryota","Arthropoda","Arachnida","Araneae","Sparassidae","Heteropoda","Heteropoda venatoria","Family"
"329","ASV_75","Eukaryota","Arthropoda","Arachnida","Araneae","Sparassidae","Heteropoda","Heteropoda venatoria","Family"
"330","ASV_767","Eukaryota","Arthropoda","Arachnida","Araneae","Sparassidae","Heteropoda","Heteropoda venatoria","Family"
"331","ASV_777","Eukaryota","Arthropoda","Arachnida","Araneae","Sparassidae","Heteropoda","Heteropoda venatoria","Family"
"332","ASV_788","Eukaryota","Arthropoda","Arachnida","Araneae","Sparassidae","Heteropoda","Heteropoda venatoria","Family"
"333","ASV_809","Eukaryota","Arthropoda","Arachnida","Araneae","Sparassidae","Heteropoda","Heteropoda venatoria","Family"
"334","ASV_822","Eukaryota","Arthropoda","Arachnida","Araneae","Sparassidae","Heteropoda","Heteropoda venatoria","Family"
"335","ASV_844","Eukaryota","Arthropoda","Arachnida","Araneae","Sparassidae","Heteropoda","Heteropoda venatoria","Family"
"336","ASV_85","Eukaryota","Arthropoda","Arachnida","Araneae","Sparassidae","Heteropoda","Heteropoda venatoria","Family"
"337","ASV_1519","Eukaryota","Arthropoda","Insecta","Orthoptera","Tettigoniidae","Conocephalus","Conocephalus saltator","Family"
"338","ASV_1010","Eukaryota","Arthropoda","Arachnida","Araneae","","","","Order"
"339","ASV_1011","Eukaryota","Arthropoda","Arachnida","Araneae","","","","Order"
"340","ASV_103","Eukaryota","Arthropoda","Arachnida","Araneae","","","","Order"
"341","ASV_104","Eukaryota","Arthropoda","Arachnida","Araneae","","","","Order"
"342","ASV_105","Eukaryota","Arthropoda","Arachnida","Araneae","","","","Order"
"343","ASV_107","Eukaryota","Arthropoda","Arachnida","Araneae","","","","Order"
"344","ASV_1106","Eukaryota","Arthropoda","Arachnida","Araneae","","","","Order"
"345","ASV_111","Eukaryota","Arthropoda","Arachnida","Araneae","","","","Order"
"346","ASV_119","Eukaryota","Arthropoda","Arachnida","Araneae","","","","Order"
"347","ASV_120","Eukaryota","Arthropoda","Arachnida","Araneae","","","","Order"
"348","ASV_122","Eukaryota","Arthropoda","Arachnida","Araneae","","","","Order"
"349","ASV_1243","Eukaryota","Arthropoda","Arachnida","Araneae","","","","Order"
"350","ASV_1244","Eukaryota","Arthropoda","Arachnida","Araneae","","","","Order"
"351","ASV_129","Eukaryota","Arthropoda","Arachnida","Araneae","","","","Order"
"352","ASV_1314","Eukaryota","Arthropoda","Arachnida","Araneae","","","","Order"
"353","ASV_1388","Eukaryota","Arthropoda","Arachnida","Araneae","","","","Order"
"354","ASV_1391","Eukaryota","Arthropoda","Arachnida","Araneae","","","","Order"
"355","ASV_1417","Eukaryota","Arthropoda","Arachnida","Araneae","","","","Order"
"356","ASV_1443","Eukaryota","Arthropoda","Arachnida","Araneae","","","","Order"
"357","ASV_150","Eukaryota","Arthropoda","Arachnida","Araneae","","","","Order"
"358","ASV_160","Eukaryota","Arthropoda","Arachnida","Araneae","","","","Order"
"359","ASV_178","Eukaryota","Arthropoda","Arachnida","Araneae","","","","Order"
"360","ASV_192","Eukaryota","Arthropoda","Arachnida","Araneae","","","","Order"
"361","ASV_225","Eukaryota","Arthropoda","Arachnida","Araneae","","","","Order"
"362","ASV_229","Eukaryota","Arthropoda","Arachnida","Araneae","","","","Order"
"363","ASV_234","Eukaryota","Arthropoda","Arachnida","Araneae","","","","Order"
"364","ASV_253","Eukaryota","Arthropoda","Arachnida","Araneae","Scytodidae","Scytodes","Scytodes longipes","Family"
"365","ASV_263","Eukaryota","Arthropoda","Arachnida","Araneae","","","","Order"
"366","ASV_264","Eukaryota","Arthropoda","Arachnida","Araneae","","","","Order"
"367","ASV_267","Eukaryota","Arthropoda","Arachnida","Araneae","","","","Order"
"368","ASV_295","Eukaryota","Arthropoda","Arachnida","Araneae","","","","Order"
"369","ASV_316","Eukaryota","Arthropoda","Arachnida","Araneae","","","","Order"
"370","ASV_323","Eukaryota","Arthropoda","Arachnida","Araneae","","","","Order"
"371","ASV_341","Eukaryota","Arthropoda","Arachnida","Araneae","","","","Order"
"372","ASV_358","Eukaryota","Arthropoda","Arachnida","Araneae","","","","Order"
"373","ASV_362","Eukaryota","Arthropoda","Arachnida","Araneae","","","","Order"
"374","ASV_366","Eukaryota","Arthropoda","Arachnida","Araneae","","","","Order"
"375","ASV_367","Eukaryota","Arthropoda","Arachnida","Araneae","","","","Order"
"376","ASV_373","Eukaryota","Arthropoda","Arachnida","Araneae","","","","Order"
"377","ASV_387","Eukaryota","Arthropoda","Arachnida","Araneae","","","","Order"
"378","ASV_389","Eukaryota","Arthropoda","Arachnida","Araneae","","","","Order"
"379","ASV_40","Eukaryota","Arthropoda","Arachnida","Araneae","","","","Order"
"380","ASV_419","Eukaryota","Arthropoda","Arachnida","Araneae","","","","Order"
"381","ASV_423","Eukaryota","Arthropoda","Arachnida","Araneae","","","","Order"
"382","ASV_429","Eukaryota","Arthropoda","Arachnida","Araneae","","","","Order"
"383","ASV_439","Eukaryota","Arthropoda","Arachnida","Araneae","","","","Order"
"384","ASV_509","Eukaryota","Arthropoda","Arachnida","Araneae","","","","Order"
"385","ASV_525","Eukaryota","Arthropoda","Arachnida","Araneae","","","","Order"
"386","ASV_534","Eukaryota","Arthropoda","Arachnida","Araneae","","","","Order"
"387","ASV_548","Eukaryota","Arthropoda","Arachnida","Araneae","","","","Order"
"388","ASV_557","Eukaryota","Arthropoda","Arachnida","Araneae","","","","Order"
"389","ASV_594","Eukaryota","Arthropoda","Arachnida","Araneae","","","","Order"
"390","ASV_597","Eukaryota","Arthropoda","Arachnida","Araneae","","","","Order"
"391","ASV_598","Eukaryota","Arthropoda","Arachnida","Araneae","","","","Order"
"392","ASV_6","Eukaryota","Arthropoda","Arachnida","Araneae","","","","Order"
"393","ASV_619","Eukaryota","Arthropoda","Arachnida","Araneae","","","","Order"
"394","ASV_637","Eukaryota","Arthropoda","Arachnida","Araneae","","","","Order"
"395","ASV_638","Eukaryota","Arthropoda","Arachnida","Araneae","","","","Order"
"396","ASV_649","Eukaryota","Arthropoda","Arachnida","Araneae","","","","Order"
"397","ASV_656","Eukaryota","Arthropoda","Arachnida","Araneae","","","","Order"
"398","ASV_664","Eukaryota","Arthropoda","Arachnida","Araneae","","","","Order"
"399","ASV_674","Eukaryota","Arthropoda","Arachnida","Araneae","","","","Order"
"400","ASV_675","Eukaryota","Arthropoda","Arachnida","Araneae","","","","Order"
"401","ASV_706","Eukaryota","Arthropoda","Arachnida","Araneae","Araneidae","Neoscona","Neoscona theisi","Family"
"402","ASV_709","Eukaryota","Arthropoda","Arachnida","Araneae","","","","Order"
"403","ASV_714","Eukaryota","Arthropoda","Arachnida","Araneae","","","","Order"
"404","ASV_723","Eukaryota","Arthropoda","Arachnida","Araneae","","","","Order"
"405","ASV_732","Eukaryota","Arthropoda","Arachnida","Araneae","","","","Order"
"406","ASV_743","Eukaryota","Arthropoda","Arachnida","Araneae","","","","Order"
"407","ASV_752","Eukaryota","Arthropoda","Arachnida","Araneae","","","","Order"
"408","ASV_759","Eukaryota","Arthropoda","Arachnida","Araneae","","","","Order"
"409","ASV_760","Eukaryota","Arthropoda","Arachnida","Araneae","","","","Order"
"410","ASV_770","Eukaryota","Arthropoda","Arachnida","Araneae","","","","Order"
"411","ASV_819","Eukaryota","Arthropoda","Arachnida","Araneae","","","","Order"
"412","ASV_847","Eukaryota","Arthropoda","Arachnida","Araneae","","","","Order"
"413","ASV_86","Eukaryota","Arthropoda","Arachnida","Araneae","","","","Order"
"414","ASV_863","Eukaryota","Arthropoda","Arachnida","Araneae","","","","Order"
"415","ASV_871","Eukaryota","Arthropoda","Arachnida","Araneae","","","","Order"
"416","ASV_879","Eukaryota","Arthropoda","Arachnida","Araneae","","","","Order"
"417","ASV_90","Eukaryota","Arthropoda","Arachnida","Araneae","","","","Order"
"418","ASV_913","Eukaryota","Arthropoda","Arachnida","Araneae","","","","Order"
"419","ASV_914","Eukaryota","Arthropoda","Arachnida","Araneae","","","","Order"
"420","ASV_925","Eukaryota","Arthropoda","Arachnida","Araneae","","","","Order"
"421","ASV_93","Eukaryota","Arthropoda","Arachnida","Araneae","","","","Order"
"422","ASV_942","Eukaryota","Arthropoda","Arachnida","Araneae","","","","Order"
"423","ASV_969","Eukaryota","Arthropoda","Arachnida","Araneae","","","","Order"
"424","ASV_971","Eukaryota","Arthropoda","Arachnida","Araneae","","","","Order"
"425","ASV_978","Eukaryota","Arthropoda","Arachnida","Araneae","","","","Order"
"426","ASV_1207","Eukaryota","Arthropoda","Insecta","Blattodea","Ectobiidae","","","Family"
"427","ASV_125","Eukaryota","Arthropoda","Insecta","Blattodea","Blaberidae","Pycnoscelus indicus","","Family"
"428","ASV_1647","Eukaryota","Arthropoda","Insecta","Blattodea","Blaberidae","","","Family"
"429","ASV_183","Eukaryota","Arthropoda","Insecta","Blattodea","Blaberidae","Pycnoscelus indicus","Pycnoscelus surinamensis","Family"
"430","ASV_340","Eukaryota","Arthropoda","Insecta","Blattodea","Blaberidae","","","Family"
"431","ASV_396","Eukaryota","Arthropoda","Insecta","Blattodea","Blaberidae","","","Family"
"432","ASV_420","Eukaryota","Arthropoda","Insecta","Blattodea","Blaberidae","","","Family"
"433","ASV_498","Eukaryota","Arthropoda","Insecta","Blattodea","Blaberidae","Pycnoscelus indicus","Pycnoscelus indicus","Family"
"434","ASV_59","Eukaryota","Arthropoda","Insecta","Blattodea","","","","Order"
"435","ASV_746","Eukaryota","Arthropoda","Insecta","Blattodea","Blaberidae","Pycnoscelus indicus","Pycnoscelus surinamensis","Family"
"436","ASV_80","Eukaryota","Arthropoda","Insecta","Blattodea","Blaberidae","Pycnoscelus indicus","Pycnoscelus surinamensis","Family"
"437","ASV_808","Eukaryota","Arthropoda","Insecta","Blattodea","Blaberidae","Pycnoscelus indicus","Pycnoscelus surinamensis","Family"
"438","ASV_860","Eukaryota","Arthropoda","Insecta","Blattodea","Ectobiidae","","","Family"
"439","ASV_1047","Eukaryota","Arthropoda","Insecta","Coleoptera","Curculionidae","","","Family"
"440","ASV_1095","Eukaryota","Arthropoda","Insecta","Coleoptera","","","","Order"
"441","ASV_1439","Eukaryota","Arthropoda","Insecta","Coleoptera","","","","Order"
"442","ASV_1670","Eukaryota","Arthropoda","Insecta","Coleoptera","","","","Order"
"443","ASV_306","Eukaryota","Arthropoda","Insecta","Coleoptera","","","","Order"
"444","ASV_1001","Eukaryota","Arthropoda","Insecta","Dermaptera","Anisolabididae","","","Family"
"445","ASV_108","Eukaryota","Arthropoda","Insecta","Dermaptera","","","","Order"
"446","ASV_116","Eukaryota","Arthropoda","Insecta","Dermaptera","Anisolabididae","","","Family"
"447","ASV_126","Eukaryota","Arthropoda","Insecta","Dermaptera","Anisolabididae","","","Family"
"448","ASV_138","Eukaryota","Arthropoda","Insecta","Dermaptera","Anisolabididae","","","Family"
"449","ASV_140","Eukaryota","Arthropoda","Insecta","Dermaptera","Anisolabididae","","","Family"
"450","ASV_1410","Eukaryota","Arthropoda","Insecta","Dermaptera","Anisolabididae","","","Family"
"451","ASV_1527","Eukaryota","Arthropoda","Insecta","Dermaptera","","","","Order"
"452","ASV_162","Eukaryota","Arthropoda","Insecta","Dermaptera","","","","Order"
"453","ASV_1622","Eukaryota","Arthropoda","Insecta","Dermaptera","","","","Order"
"454","ASV_165","Eukaryota","Arthropoda","Insecta","Dermaptera","","","","Order"
"455","ASV_170","Eukaryota","Arthropoda","Insecta","Dermaptera","Anisolabididae","","","Family"
"456","ASV_175","Eukaryota","Arthropoda","Insecta","Dermaptera","","","","Order"
"457","ASV_18","Eukaryota","Arthropoda","Insecta","Dermaptera","","","","Order"
"458","ASV_188","Eukaryota","Arthropoda","Insecta","Dermaptera","","","","Order"
"459","ASV_195","Eukaryota","Arthropoda","Insecta","Dermaptera","Anisolabididae","","","Family"
"460","ASV_197","Eukaryota","Arthropoda","Insecta","Dermaptera","Anisolabididae","","","Family"
"461","ASV_204","Eukaryota","Arthropoda","Insecta","Dermaptera","","","","Order"
"462","ASV_205","Eukaryota","Arthropoda","Insecta","Dermaptera","Anisolabididae","","","Family"
"463","ASV_208","Eukaryota","Arthropoda","Insecta","Dermaptera","","","","Order"
"464","ASV_235","Eukaryota","Arthropoda","Insecta","Dermaptera","","","","Order"
"465","ASV_238","Eukaryota","Arthropoda","Insecta","Dermaptera","","","","Order"
"466","ASV_246","Eukaryota","Arthropoda","Insecta","Dermaptera","Anisolabididae","","","Family"
"467","ASV_252","Eukaryota","Arthropoda","Insecta","Dermaptera","Anisolabididae","","","Family"
"468","ASV_260","Eukaryota","Arthropoda","Insecta","Dermaptera","Anisolabididae","","","Family"
"469","ASV_276","Eukaryota","Arthropoda","Insecta","Dermaptera","","","","Order"
"470","ASV_277","Eukaryota","Arthropoda","Insecta","Dermaptera","","","","Order"
"471","ASV_282","Eukaryota","Arthropoda","Insecta","Dermaptera","","","","Order"
"472","ASV_288","Eukaryota","Arthropoda","Insecta","Dermaptera","","","","Order"
"473","ASV_289","Eukaryota","Arthropoda","Insecta","Dermaptera","","","","Order"
"474","ASV_290","Eukaryota","Arthropoda","Insecta","Dermaptera","","","","Order"
"475","ASV_305","Eukaryota","Arthropoda","Insecta","Dermaptera","Anisolabididae","","","Family"
"476","ASV_315","Eukaryota","Arthropoda","Insecta","Dermaptera","","","","Order"
"477","ASV_317","Eukaryota","Arthropoda","Insecta","Dermaptera","","","","Order"
"478","ASV_32","Eukaryota","Arthropoda","Insecta","Dermaptera","","","","Order"
"479","ASV_320","Eukaryota","Arthropoda","Insecta","Dermaptera","Anisolabididae","","","Family"
"480","ASV_338","Eukaryota","Arthropoda","Insecta","Dermaptera","","","","Order"
"481","ASV_343","Eukaryota","Arthropoda","Insecta","Dermaptera","Anisolabididae","","","Family"
"482","ASV_355","Eukaryota","Arthropoda","Insecta","Dermaptera","","","","Order"
"483","ASV_368","Eukaryota","Arthropoda","Insecta","Dermaptera","","","","Order"
"484","ASV_369","Eukaryota","Arthropoda","Insecta","Dermaptera","Anisolabididae","","","Family"
"485","ASV_380","Eukaryota","Arthropoda","Insecta","Dermaptera","","","","Order"
"486","ASV_384","Eukaryota","Arthropoda","Insecta","Dermaptera","","","","Order"
"487","ASV_390","Eukaryota","Arthropoda","Insecta","Dermaptera","","","","Order"
"488","ASV_391","Eukaryota","Arthropoda","Insecta","Dermaptera","Anisolabididae","","","Family"
"489","ASV_4","Eukaryota","Arthropoda","Insecta","Dermaptera","","","","Order"
"490","ASV_406","Eukaryota","Arthropoda","Insecta","Dermaptera","","","","Order"
"491","ASV_433","Eukaryota","Arthropoda","Insecta","Dermaptera","","","","Order"
"492","ASV_453","Eukaryota","Arthropoda","Insecta","Dermaptera","","","","Order"
"493","ASV_466","Eukaryota","Arthropoda","Insecta","Dermaptera","","","","Order"
"494","ASV_474","Eukaryota","Arthropoda","Insecta","Dermaptera","","","","Order"
"495","ASV_50","Eukaryota","Arthropoda","Insecta","Dermaptera","","","","Order"
"496","ASV_51","Eukaryota","Arthropoda","Insecta","Dermaptera","Anisolabididae","","","Family"
"497","ASV_513","Eukaryota","Arthropoda","Insecta","Dermaptera","Anisolabididae","","","Family"
"498","ASV_527","Eukaryota","Arthropoda","Insecta","Dermaptera","Anisolabididae","","","Family"
"499","ASV_550","Eukaryota","Arthropoda","Insecta","Dermaptera","","","","Order"
"500","ASV_57","Eukaryota","Arthropoda","Insecta","Dermaptera","Anisolabididae","","","Family"
"501","ASV_581","Eukaryota","Arthropoda","Insecta","Dermaptera","Anisolabididae","","","Family"
"502","ASV_583","Eukaryota","Arthropoda","Insecta","Dermaptera","","","","Order"
"503","ASV_588","Eukaryota","Arthropoda","Insecta","Dermaptera","","","","Order"
"504","ASV_599","Eukaryota","Arthropoda","Insecta","Dermaptera","","","","Order"
"505","ASV_606","Eukaryota","Arthropoda","Insecta","Dermaptera","","","","Order"
"506","ASV_608","Eukaryota","Arthropoda","Insecta","Dermaptera","Anisolabididae","","","Family"
"507","ASV_627","Eukaryota","Arthropoda","Insecta","Dermaptera","Anisolabididae","","","Family"
"508","ASV_634","Eukaryota","Arthropoda","Insecta","Dermaptera","","","","Order"
"509","ASV_67","Eukaryota","Arthropoda","Insecta","Dermaptera","","","","Order"
"510","ASV_68","Eukaryota","Arthropoda","Insecta","Dermaptera","","","","Order"
"511","ASV_693","Eukaryota","Arthropoda","Insecta","Dermaptera","","","","Order"
"512","ASV_704","Eukaryota","Arthropoda","Insecta","Dermaptera","Anisolabididae","","","Family"
"513","ASV_768","Eukaryota","Arthropoda","Insecta","Dermaptera","Anisolabididae","","","Family"
"514","ASV_950","Eukaryota","Arthropoda","Insecta","Dermaptera","","","","Order"
"515","ASV_97","Eukaryota","Arthropoda","Insecta","Dermaptera","Anisolabididae","","","Family"
"516","ASV_972","Eukaryota","Arthropoda","Insecta","Dermaptera","Anisolabididae","","","Family"
"517","ASV_1007","Eukaryota","Arthropoda","Insecta","Diptera","Chloropidae","Gaurax","Gaurax bicoloripes","Family"
"518","ASV_109","Eukaryota","Arthropoda","Insecta","Diptera","","","","Order"
"519","ASV_1345","Eukaryota","Arthropoda","Insecta","Diptera","Calliphoridae","","","Family"
"520","ASV_1356","Eukaryota","Arthropoda","Insecta","Diptera","Phoridae","Chonocephalus","","Family"
"521","ASV_1360","Eukaryota","Arthropoda","Insecta","Diptera","","","","Order"
"522","ASV_1672","Eukaryota","Arthropoda","Insecta","Diptera","","","","Order"
"523","ASV_173","Eukaryota","Arthropoda","Insecta","Diptera","Chloropidae","Siphunculina","Siphunculina striolata","Family"
"524","ASV_179","Eukaryota","Arthropoda","Insecta","Diptera","","","","Order"
"525","ASV_213","Eukaryota","Arthropoda","Insecta","Diptera","","","","Order"
"526","ASV_218","Eukaryota","Arthropoda","Insecta","Diptera","","","","Order"
"527","ASV_257","Eukaryota","Arthropoda","Insecta","Diptera","","","","Order"
"528","ASV_383","Eukaryota","Arthropoda","Insecta","Diptera","","","","Order"
"529","ASV_450","Eukaryota","Arthropoda","Insecta","Diptera","","","","Order"
"530","ASV_516","Eukaryota","Arthropoda","Insecta","Diptera","Dolichopodidae","","","Family"
"531","ASV_520","Eukaryota","Arthropoda","Insecta","Diptera","Culicidae","","","Family"
"532","ASV_658","Eukaryota","Arthropoda","Insecta","Diptera","","","","Order"
"533","ASV_687","Eukaryota","Arthropoda","Insecta","Diptera","","","","Order"
"534","ASV_696","Eukaryota","Arthropoda","Insecta","Diptera","Ceratopogonidae","Dasyhelea","Dasyhelea ludingensis","Family"
"535","ASV_739","Eukaryota","Arthropoda","Insecta","Diptera","","","","Order"
"536","ASV_748","Eukaryota","Arthropoda","Insecta","Diptera","Dolichopodidae","Chrysotus","Chrysotus cockerellae","Family"
"537","ASV_869","Eukaryota","Arthropoda","Insecta","Diptera","Chironomidae","","","Family"
"538","ASV_889","Eukaryota","Arthropoda","Insecta","Diptera","Psychodidae","","","Family"
"539","ASV_935","Eukaryota","Arthropoda","Insecta","Diptera","","","","Order"
"540","ASV_1689","Eukaryota","Arthropoda","Collembola","Entomobryomorpha","","","","Order"
"541","ASV_676","Eukaryota","Arthropoda","Entognatha","Entomobryomorpha","","","","Order"
"542","ASV_35","Eukaryota","Arthropoda","Chilopoda","Geophilomorpha","","","","Order"
"543","ASV_219","Eukaryota","Arthropoda","Insecta","Hemiptera","","","","Order"
"544","ASV_528","Eukaryota","Arthropoda","Insecta","Hemiptera","","","","Order"
"545","ASV_646","Eukaryota","Arthropoda","Insecta","Hemiptera","","","","Order"
"546","ASV_785","Eukaryota","Arthropoda","Insecta","Hemiptera","","","","Order"
"547","ASV_857","Eukaryota","Arthropoda","Insecta","Hemiptera","","","","Order"
"548","ASV_945","Eukaryota","Arthropoda","Insecta","Hemiptera","","","","Order"
"549","ASV_1294","Eukaryota","Arthropoda","Insecta","Hymenoptera","Eulophidae","","","Family"
"550","ASV_1555","Eukaryota","Arthropoda","Insecta","Hymenoptera","Formicidae","Nylanderia","Nylanderia bourbonica","Family"
"551","ASV_1582","Eukaryota","Arthropoda","Insecta","Hymenoptera","Encyrtidae","Metaphycus","flavus","Family"
"552","ASV_1629","Eukaryota","Arthropoda","Insecta","Hymenoptera","Eulophidae","","","Family"
"553","ASV_786","Eukaryota","Arthropoda","Insecta","Hymenoptera","","","","Order"
"554","ASV_903","Eukaryota","Arthropoda","Insecta","Hymenoptera","Formicidae","","","Family"
"555","ASV_507","Eukaryota","Arthropoda","Malacostraca","Isopoda","","","","Order"
"556","ASV_1137","Eukaryota","Arthropoda","Insecta","Lepidoptera","Crambidae","","","Family"
"557","ASV_211","Eukaryota","Arthropoda","Insecta","Lepidoptera","Agonoxenidae","Agonoxena","Agonoxena argaula","Family"
"558","ASV_371","Eukaryota","Arthropoda","Insecta","Lepidoptera","Tineidae","Erechthias","Erechthias simulans","Family"
"559","ASV_911","Eukaryota","Arthropoda","Insecta","Lepidoptera","","","","Order"
"560","ASV_1003","Eukaryota","Arthropoda","Insecta","Orthoptera","Tettigoniidae","","","Family"
"561","ASV_1233","Eukaryota","Arthropoda","Insecta","Orthoptera","Tettigoniidae","","","Family"
"562","ASV_1298","Eukaryota","Arthropoda","Insecta","Orthoptera","Tettigoniidae","","","Family"
"563","ASV_1299","Eukaryota","Arthropoda","Insecta","Orthoptera","Tettigoniidae","","","Family"
"564","ASV_1300","Eukaryota","Arthropoda","Insecta","Orthoptera","Tettigoniidae","","","Family"
"565","ASV_1309","Eukaryota","Arthropoda","Insecta","Orthoptera","Tettigoniidae","","","Family"
"566","ASV_1317","Eukaryota","Arthropoda","Insecta","Orthoptera","Tettigoniidae","","","Family"
"567","ASV_1351","Eukaryota","Arthropoda","Insecta","Orthoptera","Tettigoniidae","","","Family"
"568","ASV_137","Eukaryota","Arthropoda","Insecta","Orthoptera","Tettigoniidae","","","Family"
"569","ASV_1372","Eukaryota","Arthropoda","Insecta","Orthoptera","Tettigoniidae","","","Family"
"570","ASV_1397","Eukaryota","Arthropoda","Insecta","Orthoptera","Tettigoniidae","","","Family"
"571","ASV_141","Eukaryota","Arthropoda","Insecta","Orthoptera","Tettigoniidae","","","Family"
"572","ASV_142","Eukaryota","Arthropoda","Insecta","Orthoptera","Tettigoniidae","","","Family"
"573","ASV_1470","Eukaryota","Arthropoda","Insecta","Orthoptera","Tettigoniidae","","","Family"
"574","ASV_1574","Eukaryota","Arthropoda","Insecta","Orthoptera","Tettigoniidae","","","Family"
"575","ASV_1585","Eukaryota","Arthropoda","Insecta","Orthoptera","Tettigoniidae","","","Family"
"576","ASV_1586","Eukaryota","Arthropoda","Insecta","Orthoptera","Tettigoniidae","","","Family"
"577","ASV_1607","Eukaryota","Arthropoda","Insecta","Orthoptera","Tettigoniidae","","","Family"
"578","ASV_163","Eukaryota","Arthropoda","Insecta","Orthoptera","Tettigoniidae","","","Family"
"579","ASV_1682","Eukaryota","Arthropoda","Insecta","Orthoptera","Tettigoniidae","","","Family"
"580","ASV_1708","Eukaryota","Arthropoda","Insecta","Orthoptera","Tettigoniidae","","","Family"
"581","ASV_171","Eukaryota","Arthropoda","Insecta","Orthoptera","Tettigoniidae","","","Family"
"582","ASV_1712","Eukaryota","Arthropoda","Insecta","Orthoptera","Tettigoniidae","","","Family"
"583","ASV_1714","Eukaryota","Arthropoda","Insecta","Orthoptera","Tettigoniidae","","","Family"
"584","ASV_1716","Eukaryota","Arthropoda","Insecta","Orthoptera","Tettigoniidae","","","Family"
"585","ASV_1721","Eukaryota","Arthropoda","Insecta","Orthoptera","Tettigoniidae","","","Family"
"586","ASV_1734","Eukaryota","Arthropoda","Insecta","Orthoptera","Tettigoniidae","","","Family"
"587","ASV_182","Eukaryota","Arthropoda","Insecta","Orthoptera","Tettigoniidae","","","Family"
"588","ASV_2","Eukaryota","Arthropoda","Insecta","Orthoptera","Tettigoniidae","","","Family"
"589","ASV_22","Eukaryota","Arthropoda","Insecta","Orthoptera","Tettigoniidae","","","Family"
"590","ASV_220","Eukaryota","Arthropoda","Insecta","Orthoptera","Tettigoniidae","","","Family"
"591","ASV_230","Eukaryota","Arthropoda","Insecta","Orthoptera","Tettigoniidae","","","Family"
"592","ASV_233","Eukaryota","Arthropoda","Insecta","Orthoptera","Tettigoniidae","","","Family"
"593","ASV_236","Eukaryota","Arthropoda","Insecta","Orthoptera","Tettigoniidae","","","Family"
"594","ASV_268","Eukaryota","Arthropoda","Insecta","Orthoptera","Tettigoniidae","","","Family"
"595","ASV_293","Eukaryota","Arthropoda","Insecta","Orthoptera","Tettigoniidae","","","Family"
"596","ASV_31","Eukaryota","Arthropoda","Insecta","Orthoptera","Tettigoniidae","","","Family"
"597","ASV_33","Eukaryota","Arthropoda","Insecta","Orthoptera","Tettigoniidae","","","Family"
"598","ASV_332","Eukaryota","Arthropoda","Insecta","Orthoptera","Tettigoniidae","","","Family"
"599","ASV_34","Eukaryota","Arthropoda","Insecta","Orthoptera","Tettigoniidae","","","Family"
"600","ASV_364","Eukaryota","Arthropoda","Insecta","Orthoptera","Tettigoniidae","","","Family"
"601","ASV_37","Eukaryota","Arthropoda","Insecta","Orthoptera","Tettigoniidae","","","Family"
"602","ASV_42","Eukaryota","Arthropoda","Insecta","Orthoptera","Tettigoniidae","","","Family"
"603","ASV_44","Eukaryota","Arthropoda","Insecta","Orthoptera","Tettigoniidae","","","Family"
"604","ASV_468","Eukaryota","Arthropoda","Insecta","Orthoptera","Tettigoniidae","","","Family"
"605","ASV_53","Eukaryota","Arthropoda","Insecta","Orthoptera","Tettigoniidae","","","Family"
"606","ASV_54","Eukaryota","Arthropoda","Insecta","Orthoptera","Tettigoniidae","","","Family"
"607","ASV_55","Eukaryota","Arthropoda","Insecta","Orthoptera","Tettigoniidae","","","Family"
"608","ASV_551","Eukaryota","Arthropoda","Insecta","Orthoptera","Tettigoniidae","","","Family"
"609","ASV_797","Eukaryota","Arthropoda","Insecta","Orthoptera","Tettigoniidae","","","Family"
"610","ASV_826","Eukaryota","Arthropoda","Insecta","Orthoptera","Tettigoniidae","","","Family"
"611","ASV_838","Eukaryota","Arthropoda","Insecta","Orthoptera","Tettigoniidae","","","Family"
"612","ASV_868","Eukaryota","Arthropoda","Insecta","Orthoptera","Tettigoniidae","","","Family"
"613","ASV_906","Eukaryota","Arthropoda","Insecta","Orthoptera","Tettigoniidae","","","Family"
"614","ASV_92","Eukaryota","Arthropoda","Insecta","Orthoptera","Tettigoniidae","","","Family"
"615","ASV_981","Eukaryota","Arthropoda","Insecta","Orthoptera","Tettigoniidae","","","Family"
"616","ASV_1104","Eukaryota","Chordata","Mammalia","Rodentia","Muridae","Mus","Mus musculus","Family"
"617","ASV_1195","Eukaryota","Chordata","Mammalia","Rodentia","Muridae","Mus","Mus musculus","Family"
"618","ASV_318","Eukaryota","Chordata","Mammalia","Rodentia","Muridae","Mus","Mus musculus","Family"
"619","ASV_346","Eukaryota","Chordata","Mammalia","Rodentia","Muridae","Mus","Mus musculus","Family"
"620","ASV_417","Eukaryota","Chordata","Mammalia","Rodentia","Muridae","Mus","Mus musculus","Family"
"621","ASV_48","Eukaryota","Chordata","Mammalia","Rodentia","Muridae","Mus","Mus musculus","Family"
"622","ASV_609","Eukaryota","Chordata","Mammalia","Rodentia","Muridae","Mus","Mus musculus","Family"
"623","ASV_643","Eukaryota","Chordata","Mammalia","Rodentia","Muridae","Mus","Mus musculus","Family"
"624","ASV_690","Eukaryota","Chordata","Mammalia","Rodentia","Muridae","Mus","Mus musculus","Family"
"625","ASV_725","Eukaryota","Chordata","Mammalia","Rodentia","Muridae","Mus","Mus musculus","Family"
"626","ASV_730","Eukaryota","Chordata","Mammalia","Rodentia","Muridae","Mus","Mus musculus","Family"
"627","ASV_789","Eukaryota","Chordata","Mammalia","Rodentia","Muridae","Mus","Mus musculus","Family"
"628","ASV_817","Eukaryota","Chordata","Mammalia","Rodentia","Muridae","Mus","Mus musculus","Family"
"629","ASV_818","Eukaryota","Chordata","Mammalia","Rodentia","Muridae","Mus","Mus musculus","Family"
"630","ASV_851","Eukaryota","Chordata","Mammalia","Rodentia","Muridae","Mus","Mus musculus","Family"
"631","ASV_893","Eukaryota","Chordata","Mammalia","Rodentia","Muridae","Mus","Mus musculus","Family"
"632","ASV_98","Eukaryota","Chordata","Mammalia","Rodentia","Muridae","Mus","Mus musculus","Family"
"633","ASV_985","Eukaryota","Chordata","Mammalia","Rodentia","Muridae","Mus","Mus musculus","Family"
"634","ASV_989","Eukaryota","Chordata","Mammalia","Rodentia","Muridae","Mus","Mus musculus","Family"
"635","ASV_1133","Eukaryota","Arthropoda","Arachnida","Sarcoptiformes","","","","Order"
"636","ASV_1363","Eukaryota","Arthropoda","Arachnida","Sarcoptiformes","","","","Order"
"637","ASV_1482","Eukaryota","Arthropoda","Arachnida","Sarcoptiformes","","","","Order"
"638","ASV_1510","Eukaryota","Arthropoda","Arachnida","Sarcoptiformes","","","","Order"
"639","ASV_1666","Eukaryota","Arthropoda","Arachnida","Sarcoptiformes","","","","Order"
"640","ASV_434","Eukaryota","Arthropoda","Arachnida","Sarcoptiformes","","","","Order"
"641","ASV_114","Eukaryota","Arthropoda","Insecta","Thysanoptera","","","","Order"
"642","ASV_1282","Eukaryota","Arthropoda","Insecta","Thysanoptera","","","","Order"
"643","ASV_437","Eukaryota","Arthropoda","Insecta","Thysanoptera","","","","Order"
"644","ASV_886","Eukaryota","Arthropoda","Arachnida","Trombidiformes","","","","Order"
"645","ASV_1108","Eukaryota","Arthropoda","Arachnida","","","","","Class"
"646","ASV_193","Eukaryota","Arthropoda","Arachnida","","","","","Class"
"647","ASV_265","Eukaryota","Arthropoda","Arachnida","","","","","Class"
"648","ASV_269","Eukaryota","Arthropoda","Arachnida","","","","","Class"
"649","ASV_1273","Eukaryota","Rotifera","Bdelloidea","","","","","Class"
"650","ASV_1485","Eukaryota","Rotifera","Bdelloidea","","","","","Class"
"651","ASV_640","Eukaryota","Rotifera","Bdelloidea","","","","","Class"
"652","ASV_121","Eukaryota","Arthropoda","Chilopoda","","","","","Class"
"653","ASV_135","Eukaryota","Arthropoda","Chilopoda","","","","","Class"
"654","ASV_136","Eukaryota","Arthropoda","Chilopoda","","","","","Class"
"655","ASV_143","Eukaryota","Arthropoda","Chilopoda","","","","","Class"
"656","ASV_1617","Eukaryota","Arthropoda","Chilopoda","","","","","Class"
"657","ASV_250","Eukaryota","Arthropoda","Chilopoda","","","","","Class"
"658","ASV_555","Eukaryota","Arthropoda","Chilopoda","","","","","Class"
"659","ASV_77","Eukaryota","Arthropoda","Chilopoda","","","","","Class"
"660","ASV_1251","Eukaryota","Nematoda","Chromadorea","","","","","Class"
"661","ASV_1431","Eukaryota","Arthropoda","Collembola","","","","","Class"
"662","ASV_281","Eukaryota","Arthropoda","Collembola","","","","","Class"
"663","ASV_351","Eukaryota","Arthropoda","Collembola","","","","","Class"
"664","ASV_802","Eukaryota","Arthropoda","Collembola","","","","","Class"
"665","ASV_895","Eukaryota","Arthropoda","Collembola","","","","","Class"
"666","ASV_1036","Eukaryota","Arthropoda","Insecta","","","","","Class"
"667","ASV_1053","Eukaryota","Arthropoda","Insecta","","","","","Class"
"668","ASV_1080","Eukaryota","Arthropoda","Insecta","","","","","Class"
"669","ASV_1114","Eukaryota","Arthropoda","Insecta","","","","","Class"
"670","ASV_1128","Eukaryota","Arthropoda","Insecta","","","","","Class"
"671","ASV_1163","Eukaryota","Arthropoda","Insecta","","","","","Class"
"672","ASV_1176","Eukaryota","Arthropoda","Insecta","","","","","Class"
"673","ASV_127","Eukaryota","Arthropoda","Insecta","","","","","Class"
"674","ASV_1350","Eukaryota","Arthropoda","Insecta","","","","","Class"
"675","ASV_1396","Eukaryota","Arthropoda","Insecta","","","","","Class"
"676","ASV_1398","Eukaryota","Arthropoda","Insecta","","","","","Class"
"677","ASV_1408","Eukaryota","Arthropoda","Insecta","","","","","Class"
"678","ASV_147","Eukaryota","Arthropoda","Insecta","","","","","Class"
"679","ASV_1594","Eukaryota","Arthropoda","Insecta","","","","","Class"
"680","ASV_1596","Eukaryota","Arthropoda","Insecta","","","","","Class"
"681","ASV_1650","Eukaryota","Arthropoda","Insecta","","","","","Class"
"682","ASV_167","Eukaryota","Arthropoda","Insecta","","","","","Class"
"683","ASV_168","Eukaryota","Arthropoda","Insecta","","","","","Class"
"684","ASV_1686","Eukaryota","Arthropoda","Insecta","","","","","Class"
"685","ASV_1687","Eukaryota","Arthropoda","Insecta","","","","","Class"
"686","ASV_1715","Eukaryota","Arthropoda","Insecta","","","","","Class"
"687","ASV_1723","Eukaryota","Arthropoda","Insecta","","","","","Class"
"688","ASV_174","Eukaryota","Arthropoda","Insecta","","","","","Class"
"689","ASV_185","Eukaryota","Arthropoda","Insecta","","","","","Class"
"690","ASV_189","Eukaryota","Arthropoda","Insecta","","","","","Class"
"691","ASV_199","Eukaryota","Arthropoda","Insecta","","","","","Class"
"692","ASV_20","Eukaryota","Arthropoda","Insecta","","","","","Class"
"693","ASV_200","Eukaryota","Arthropoda","Insecta","","","","","Class"
"694","ASV_210","Eukaryota","Arthropoda","Insecta","","","","","Class"
"695","ASV_231","Eukaryota","Arthropoda","Insecta","","","","","Class"
"696","ASV_232","Eukaryota","Arthropoda","Insecta","","","","","Class"
"697","ASV_266","Eukaryota","Arthropoda","Insecta","","","","","Class"
"698","ASV_27","Eukaryota","Arthropoda","Insecta","","","","","Class"
"699","ASV_272","Eukaryota","Arthropoda","Insecta","","","","","Class"
"700","ASV_280","Eukaryota","Arthropoda","Insecta","","","","","Class"
"701","ASV_300","Eukaryota","Arthropoda","Insecta","","","","","Class"
"702","ASV_302","Eukaryota","Arthropoda","Insecta","","","","","Class"
"703","ASV_337","Eukaryota","Arthropoda","Insecta","","","","","Class"
"704","ASV_360","Eukaryota","Arthropoda","Insecta","","","","","Class"
"705","ASV_399","Eukaryota","Arthropoda","Insecta","","","","","Class"
"706","ASV_405","Eukaryota","Arthropoda","Insecta","","","","","Class"
"707","ASV_408","Eukaryota","Arthropoda","Insecta","","","","","Class"
"708","ASV_457","Eukaryota","Arthropoda","Insecta","","","","","Class"
"709","ASV_459","Eukaryota","Arthropoda","Insecta","","","","","Class"
"710","ASV_492","Eukaryota","Arthropoda","Insecta","","","","","Class"
"711","ASV_546","Eukaryota","Arthropoda","Insecta","","","","","Class"
"712","ASV_567","Eukaryota","Arthropoda","Insecta","","","","","Class"
"713","ASV_574","Eukaryota","Arthropoda","Insecta","","","","","Class"
"714","ASV_591","Eukaryota","Arthropoda","Insecta","","","","","Class"
"715","ASV_610","Eukaryota","Arthropoda","Insecta","","","","","Class"
"716","ASV_613","Eukaryota","Arthropoda","Insecta","","","","","Class"
"717","ASV_624","Eukaryota","Arthropoda","Insecta","","","","","Class"
"718","ASV_629","Eukaryota","Arthropoda","Insecta","","","","","Class"
"719","ASV_639","Eukaryota","Arthropoda","Insecta","","","","","Class"
"720","ASV_680","Eukaryota","Arthropoda","Insecta","","","","","Class"
"721","ASV_689","Eukaryota","Arthropoda","Insecta","","","","","Class"
"722","ASV_69","Eukaryota","Arthropoda","Insecta","","","","","Class"
"723","ASV_76","Eukaryota","Arthropoda","Insecta","","","","","Class"
"724","ASV_800","Eukaryota","Arthropoda","Insecta","","","","","Class"
"725","ASV_873","Eukaryota","Arthropoda","Insecta","","","","","Class"
"726","ASV_88","Eukaryota","Arthropoda","Insecta","","","","","Class"
"727","ASV_959","Eukaryota","Arthropoda","Insecta","","","","","Class"
"728","ASV_99","Eukaryota","Arthropoda","Insecta","","","","","Class"
"729","ASV_1045","Eukaryota","Arthropoda","","","","","","Phylum"
"730","ASV_1052","Eukaryota","Arthropoda","","","","","","Phylum"
"731","ASV_1065","Eukaryota","Arthropoda","","","","","","Phylum"
"732","ASV_1099","Eukaryota","Arthropoda","","","","","","Phylum"
"733","ASV_1109","Eukaryota","Arthropoda","","","","","","Phylum"
"734","ASV_1110","Eukaryota","Arthropoda","","","","","","Phylum"
"735","ASV_1162","Eukaryota","Arthropoda","","","","","","Phylum"
"736","ASV_12","Eukaryota","Arthropoda","","","","","","Phylum"
"737","ASV_1383","Eukaryota","Arthropoda","","","","","","Phylum"
"738","ASV_1386","Eukaryota","Arthropoda","","","","","","Phylum"
"739","ASV_1389","Eukaryota","Arthropoda","","","","","","Phylum"
"740","ASV_1392","Eukaryota","Arthropoda","","","","","","Phylum"
"741","ASV_1395","Eukaryota","Arthropoda","","","","","","Phylum"
"742","ASV_1405","Eukaryota","Arthropoda","","","","","","Phylum"
"743","ASV_144","Eukaryota","Arthropoda","","","","","","Phylum"
"744","ASV_1487","Eukaryota","Arthropoda","","","","","","Phylum"
"745","ASV_1503","Eukaryota","Arthropoda","","","","","","Phylum"
"746","ASV_157","Eukaryota","Arthropoda","","","","","","Phylum"
"747","ASV_1658","Eukaryota","Arthropoda","","","","","","Phylum"
"748","ASV_1729","Eukaryota","Arthropoda","","","","","","Phylum"
"749","ASV_176","Eukaryota","Arthropoda","","","","","","Phylum"
"750","ASV_207","Eukaryota","Arthropoda","","","","","","Phylum"
"751","ASV_215","Eukaryota","Arthropoda","","","","","","Phylum"
"752","ASV_228","Eukaryota","Arthropoda","","","","","","Phylum"
"753","ASV_273","Eukaryota","Arthropoda","","","","","","Phylum"
"754","ASV_275","Eukaryota","Arthropoda","","","","","","Phylum"
"755","ASV_285","Eukaryota","Arthropoda","","","","","","Phylum"
"756","ASV_296","Eukaryota","Arthropoda","","","","","","Phylum"
"757","ASV_30","Eukaryota","Arthropoda","","","","","","Phylum"
"758","ASV_350","Eukaryota","Arthropoda","","","","","","Phylum"
"759","ASV_376","Eukaryota","Arthropoda","","","","","","Phylum"
"760","ASV_45","Eukaryota","Arthropoda","","","","","","Phylum"
"761","ASV_470","Eukaryota","Arthropoda","","","","","","Phylum"
"762","ASV_476","Eukaryota","Arthropoda","","","","","","Phylum"
"763","ASV_74","Eukaryota","Arthropoda","","","","","","Phylum"
"764","ASV_750","Eukaryota","Arthropoda","","","","","","Phylum"
"765","ASV_762","Eukaryota","Arthropoda","","","","","","Phylum"
"766","ASV_816","Eukaryota","Arthropoda","","","","","","Phylum"
"767","ASV_864","Eukaryota","Arthropoda","","","","","","Phylum"
"768","ASV_887","Eukaryota","Arthropoda","","","","","","Phylum"
"769","ASV_915","Eukaryota","Arthropoda","","","","","","Phylum"
"770","ASV_934","Eukaryota","Arthropoda","","","","","","Phylum"
"771","ASV_955","Eukaryota","Arthropoda","","","","","","Phylum"
"772","ASV_1210","Eukaryota","","","","","","","Domain"
"773","ASV_1225","Eukaryota","","","","","","","Domain"
"774","ASV_1447","Eukaryota","","","","","","","Domain"
"775","ASV_1499","Eukaryota","","","","","","","Domain"
"776","ASV_1505","Eukaryota","","","","","","","Domain"
"777","ASV_223","Eukaryota","","","","","","","Domain"
"778","ASV_310","Eukaryota","","","","","","","Domain"
"779","ASV_801","Eukaryota","","","","","","","Domain"
"780","ASV_849","Eukaryota","","","","","","","Domain"
"781","ASV_952","Eukaryota","","","","","","","Domain"
