"","ASV","Domain","Phylum","Class","Order","Family","ID_level"
"1","ASV_936","Eukaryota","Arthropoda","Arachnida","Scorpiones","Buthidae","Family"
"2","ASV_270","Eukaryota","Arthropoda","Arachnida","Araneae","Pholcidae","Family"
"3","ASV_1438","Eukaryota","Arthropoda","Insecta","Hymenoptera","Formicidae","Family"
"4","ASV_926","Eukaryota","Arthropoda","Arachnida","Scorpiones","Buthidae","Family"
"5","ASV_1228","Eukaryota","Arthropoda","Insecta","Diptera","Ceratopogonidae","Family"
"6","ASV_1357","Eukaryota","Arthropoda","Insecta","Diptera","Ceratopogonidae","Family"
"7","ASV_1023","Eukaryota","Arthropoda","Insecta","Coleoptera","Elateridae","Family"
"8","ASV_39","Eukaryota","Arthropoda","Insecta","Coleoptera","Elateridae","Family"
"9","ASV_442","Eukaryota","Arthropoda","Insecta","Coleoptera","Elateridae","Family"
"10","ASV_458","Eukaryota","Arthropoda","Insecta","Coleoptera","Elateridae","Family"
"11","ASV_1578","Eukaryota","Arthropoda","Insecta","Diptera","Culicidae","Family"
"12","ASV_558","Eukaryota","Arthropoda","Insecta","Diptera","Culicidae","Family"
"13","ASV_753","Eukaryota","Arthropoda","Insecta","Diptera","Ceratopogonidae","Family"
"14","ASV_1164","Eukaryota","Arthropoda","Arachnida","Araneae","Salticidae","Family"
"15","ASV_303","Eukaryota","Arthropoda","Insecta","Coleoptera","Hydrophilidae","Family"
"16","ASV_1636","Eukaryota","Arthropoda","Arachnida","Sarcoptiformes","Pyroglyphidae","Family"
"17","ASV_997","Eukaryota","Arthropoda","Arachnida","Sarcoptiformes","Pyroglyphidae","Family"
"18","ASV_1423","Eukaryota","Arthropoda","Arachnida","Sarcoptiformes","Pyroglyphidae","Family"
"19","ASV_1563","Eukaryota","Arthropoda","Insecta","Diptera","Cecidomyiidae","Family"
"20","ASV_181","Eukaryota","Arthropoda","Insecta","Blattodea","Blaberidae","Family"
"21","ASV_441","Eukaryota","Arthropoda","Insecta","Diptera","Lonchaeidae","Family"
"22","ASV_663","Eukaryota","Arthropoda","Insecta","Psocoptera","Lepidopsocidae","Family"
"23","ASV_66","Eukaryota","Arthropoda","Insecta","Psocoptera","Ectopsocidae","Family"
"24","ASV_701","Eukaryota","Arthropoda","Insecta","Psocoptera","Ectopsocidae","Family"
"25","ASV_469","Eukaryota","Arthropoda","Insecta","Psocoptera","Ectopsocidae","Family"
"26","ASV_1072","Eukaryota","Nematoda","Chromadorea","Rhabditida","Oxyuridae","Family"
"27","ASV_1240","Eukaryota","Arthropoda","Insecta","Hymenoptera","Evaniidae","Family"
"28","ASV_279","Eukaryota","Arthropoda","Insecta","Hymenoptera","Evaniidae","Family"
"29","ASV_946","Eukaryota","Arthropoda","Insecta","Hymenoptera","Evaniidae","Family"
"30","ASV_1338","Eukaryota","Arthropoda","Arachnida","Araneae","Salticidae","Family"
"31","ASV_94","Eukaryota","Arthropoda","Arachnida","Araneae","Salticidae","Family"
"32","ASV_990","Eukaryota","Arthropoda","Insecta","Diptera","Dolichopodidae","Family"
"33","ASV_166","Eukaryota","Chordata","Mammalia","Primates","Hominidae","Family"
"34","ASV_336","Eukaryota","Chordata","Mammalia","Primates","Hominidae","Family"
"35","ASV_356","Eukaryota","Chordata","Mammalia","Primates","Hominidae","Family"
"36","ASV_506","Eukaryota","Chordata","Mammalia","Primates","Hominidae","Family"
"37","ASV_514","Eukaryota","Chordata","Mammalia","Primates","Hominidae","Family"
"38","ASV_517","Eukaryota","Chordata","Mammalia","Primates","Hominidae","Family"
"39","ASV_533","Eukaryota","Chordata","Mammalia","Primates","Hominidae","Family"
"40","ASV_611","Eukaryota","Chordata","Mammalia","Primates","Hominidae","Family"
"41","ASV_728","Eukaryota","Chordata","Mammalia","Primates","Hominidae","Family"
"42","ASV_755","Eukaryota","Chordata","Mammalia","Primates","Hominidae","Family"
"43","ASV_885","Eukaryota","Chordata","Mammalia","Primates","Hominidae","Family"
"44","ASV_996","Eukaryota","Chordata","Mammalia","Primates","Hominidae","Family"
"45","ASV_566","Eukaryota","Arthropoda","Insecta","Coleoptera","Curculionidae","Family"
"46","ASV_100","Eukaryota","Arthropoda","Collembola","Entomobryomorpha","Isotomidae","Family"
"47","ASV_1497","Eukaryota","Arthropoda","Collembola","Entomobryomorpha","Isotomidae","Family"
"48","ASV_23","Eukaryota","Arthropoda","Arachnida","Araneae","Theridiidae","Family"
"49","ASV_392","Eukaryota","Arthropoda","Arachnida","Araneae","Theridiidae","Family"
"50","ASV_501","Eukaryota","Arthropoda","Arachnida","Araneae","Theridiidae","Family"
"51","ASV_1683","Eukaryota","Arthropoda","Insecta","Lepidoptera","","Order"
"52","ASV_1124","Eukaryota","Arthropoda","Insecta","Lepidoptera","Tineidae","Family"
"53","ASV_370","Eukaryota","Arthropoda","Insecta","Lepidoptera","Tineidae","Family"
"54","ASV_543","Eukaryota","Arthropoda","Insecta","Lepidoptera","Tineidae","Family"
"55","ASV_448","Eukaryota","Arthropoda","Insecta","Lepidoptera","Agonoxenidae","Family"
"56","ASV_83","Eukaryota","Arthropoda","Insecta","Lepidoptera","Agonoxenidae","Family"
"57","ASV_1056","Eukaryota","Arthropoda","Insecta","Hymenoptera","Formicidae","Family"
"58","ASV_781","Eukaryota","Arthropoda","Insecta","Hymenoptera","Formicidae","Family"
"59","ASV_882","Eukaryota","Arthropoda","Insecta","Psocoptera","Liposcelididae","Family"
"60","ASV_1387","Eukaryota","Arthropoda","Insecta","Psocoptera","Liposcelididae","Family"
"61","ASV_1117","Eukaryota","Arthropoda","Malacostraca","Isopoda","Philosciidae","Family"
"62","ASV_101","Eukaryota","Arthropoda","Chilopoda","Geophilomorpha","Mecistocephalidae","Family"
"63","ASV_112","Eukaryota","Arthropoda","Chilopoda","Geophilomorpha","Mecistocephalidae","Family"
"64","ASV_128","Eukaryota","Arthropoda","Chilopoda","Geophilomorpha","Mecistocephalidae","Family"
"65","ASV_146","Eukaryota","Arthropoda","Chilopoda","Geophilomorpha","Mecistocephalidae","Family"
"66","ASV_152","Eukaryota","Arthropoda","Chilopoda","Geophilomorpha","Mecistocephalidae","Family"
"67","ASV_158","Eukaryota","Arthropoda","Chilopoda","Geophilomorpha","Mecistocephalidae","Family"
"68","ASV_159","Eukaryota","Arthropoda","Chilopoda","Geophilomorpha","Mecistocephalidae","Family"
"69","ASV_169","Eukaryota","Arthropoda","Chilopoda","Geophilomorpha","Mecistocephalidae","Family"
"70","ASV_17","Eukaryota","Arthropoda","Chilopoda","Geophilomorpha","Mecistocephalidae","Family"
"71","ASV_172","Eukaryota","Arthropoda","Chilopoda","Geophilomorpha","Mecistocephalidae","Family"
"72","ASV_1737","Eukaryota","Arthropoda","Chilopoda","Geophilomorpha","Mecistocephalidae","Family"
"73","ASV_177","Eukaryota","Arthropoda","Chilopoda","Geophilomorpha","Mecistocephalidae","Family"
"74","ASV_184","Eukaryota","Arthropoda","Chilopoda","Geophilomorpha","Mecistocephalidae","Family"
"75","ASV_187","Eukaryota","Arthropoda","Chilopoda","Geophilomorpha","Mecistocephalidae","Family"
"76","ASV_194","Eukaryota","Arthropoda","Chilopoda","Geophilomorpha","Mecistocephalidae","Family"
"77","ASV_203","Eukaryota","Arthropoda","Chilopoda","Geophilomorpha","Mecistocephalidae","Family"
"78","ASV_209","Eukaryota","Arthropoda","Chilopoda","Geophilomorpha","Mecistocephalidae","Family"
"79","ASV_221","Eukaryota","Arthropoda","Chilopoda","Geophilomorpha","Mecistocephalidae","Family"
"80","ASV_222","Eukaryota","Arthropoda","Chilopoda","Geophilomorpha","Mecistocephalidae","Family"
"81","ASV_226","Eukaryota","Arthropoda","Chilopoda","Geophilomorpha","Mecistocephalidae","Family"
"82","ASV_248","Eukaryota","Arthropoda","Chilopoda","Geophilomorpha","Mecistocephalidae","Family"
"83","ASV_254","Eukaryota","Arthropoda","Chilopoda","Geophilomorpha","Mecistocephalidae","Family"
"84","ASV_261","Eukaryota","Arthropoda","Chilopoda","Geophilomorpha","Mecistocephalidae","Family"
"85","ASV_262","Eukaryota","Arthropoda","Chilopoda","Geophilomorpha","Mecistocephalidae","Family"
"86","ASV_301","Eukaryota","Arthropoda","Chilopoda","Geophilomorpha","Mecistocephalidae","Family"
"87","ASV_312","Eukaryota","Arthropoda","Chilopoda","Geophilomorpha","Mecistocephalidae","Family"
"88","ASV_314","Eukaryota","Arthropoda","Chilopoda","Geophilomorpha","Mecistocephalidae","Family"
"89","ASV_342","Eukaryota","Arthropoda","Chilopoda","Geophilomorpha","Mecistocephalidae","Family"
"90","ASV_378","Eukaryota","Arthropoda","Chilopoda","Geophilomorpha","Mecistocephalidae","Family"
"91","ASV_388","Eukaryota","Arthropoda","Chilopoda","Geophilomorpha","Mecistocephalidae","Family"
"92","ASV_422","Eukaryota","Arthropoda","Chilopoda","Geophilomorpha","Mecistocephalidae","Family"
"93","ASV_471","Eukaryota","Arthropoda","Chilopoda","Geophilomorpha","Mecistocephalidae","Family"
"94","ASV_489","Eukaryota","Arthropoda","Chilopoda","Geophilomorpha","Mecistocephalidae","Family"
"95","ASV_499","Eukaryota","Arthropoda","Chilopoda","Geophilomorpha","Mecistocephalidae","Family"
"96","ASV_502","Eukaryota","Arthropoda","Chilopoda","Geophilomorpha","Mecistocephalidae","Family"
"97","ASV_510","Eukaryota","Arthropoda","Chilopoda","Geophilomorpha","Mecistocephalidae","Family"
"98","ASV_519","Eukaryota","Arthropoda","Chilopoda","Geophilomorpha","Mecistocephalidae","Family"
"99","ASV_532","Eukaryota","Arthropoda","Chilopoda","Geophilomorpha","Mecistocephalidae","Family"
"100","ASV_651","Eukaryota","Arthropoda","Chilopoda","Geophilomorpha","Mecistocephalidae","Family"
"101","ASV_70","Eukaryota","Arthropoda","Chilopoda","Geophilomorpha","Mecistocephalidae","Family"
"102","ASV_73","Eukaryota","Arthropoda","Chilopoda","Geophilomorpha","Mecistocephalidae","Family"
"103","ASV_735","Eukaryota","Arthropoda","Chilopoda","Geophilomorpha","Mecistocephalidae","Family"
"104","ASV_773","Eukaryota","Arthropoda","Chilopoda","Geophilomorpha","Mecistocephalidae","Family"
"105","ASV_79","Eukaryota","Arthropoda","Chilopoda","Geophilomorpha","Mecistocephalidae","Family"
"106","ASV_790","Eukaryota","Arthropoda","Chilopoda","Geophilomorpha","Mecistocephalidae","Family"
"107","ASV_82","Eukaryota","Arthropoda","Chilopoda","Geophilomorpha","Mecistocephalidae","Family"
"108","ASV_853","Eukaryota","Arthropoda","Chilopoda","Geophilomorpha","Mecistocephalidae","Family"
"109","ASV_867","Eukaryota","Arthropoda","Chilopoda","Geophilomorpha","Mecistocephalidae","Family"
"110","ASV_880","Eukaryota","Arthropoda","Chilopoda","Geophilomorpha","Mecistocephalidae","Family"
"111","ASV_89","Eukaryota","Arthropoda","Chilopoda","Geophilomorpha","Mecistocephalidae","Family"
"112","ASV_948","Eukaryota","Arthropoda","Chilopoda","Geophilomorpha","Mecistocephalidae","Family"
"113","ASV_352","Eukaryota","Chordata","Mammalia","Rodentia","Muridae","Family"
"114","ASV_537","Eukaryota","Chordata","Mammalia","Rodentia","Muridae","Family"
"115","ASV_572","Eukaryota","Chordata","Mammalia","Rodentia","Muridae","Family"
"116","ASV_1084","Eukaryota","Arthropoda","Insecta","Psocoptera","Myopsocidae","Family"
"117","ASV_102","Eukaryota","Arthropoda","Arachnida","Araneae","Araneidae","Family"
"118","ASV_1554","Eukaryota","Arthropoda","Arachnida","Araneae","Araneidae","Family"
"119","ASV_1558","Eukaryota","Arthropoda","Arachnida","Araneae","Araneidae","Family"
"120","ASV_1560","Eukaryota","Arthropoda","Arachnida","Araneae","Araneidae","Family"
"121","ASV_1665","Eukaryota","Arthropoda","Arachnida","Araneae","Araneidae","Family"
"122","ASV_206","Eukaryota","Arthropoda","Arachnida","Araneae","Araneidae","Family"
"123","ASV_21","Eukaryota","Arthropoda","Arachnida","Araneae","Araneidae","Family"
"124","ASV_258","Eukaryota","Arthropoda","Arachnida","Araneae","Araneidae","Family"
"125","ASV_29","Eukaryota","Arthropoda","Arachnida","Araneae","Araneidae","Family"
"126","ASV_3","Eukaryota","Arthropoda","Arachnida","Araneae","Araneidae","Family"
"127","ASV_322","Eukaryota","Arthropoda","Arachnida","Araneae","Araneidae","Family"
"128","ASV_436","Eukaryota","Arthropoda","Arachnida","Araneae","Araneidae","Family"
"129","ASV_485","Eukaryota","Arthropoda","Arachnida","Araneae","Araneidae","Family"
"130","ASV_692","Eukaryota","Arthropoda","Arachnida","Araneae","Araneidae","Family"
"131","ASV_710","Eukaryota","Arthropoda","Arachnida","Araneae","Araneidae","Family"
"132","ASV_78","Eukaryota","Arthropoda","Arachnida","Araneae","Araneidae","Family"
"133","ASV_9","Eukaryota","Arthropoda","Arachnida","Araneae","Araneidae","Family"
"134","ASV_888","Eukaryota","Arthropoda","Insecta","Coleoptera","Coccinellidae","Family"
"135","ASV_294","Eukaryota","Arthropoda","Insecta","Hymenoptera","Formicidae","Family"
"136","ASV_677","Eukaryota","Arthropoda","Insecta","Hymenoptera","Formicidae","Family"
"137","ASV_1390","Eukaryota","Arthropoda","Arachnida","Araneae","Sparassidae","Family"
"138","ASV_1307","Eukaryota","Chordata","Actinopteri","Salmoniformes","Salmonidae","Family"
"139","ASV_1132","Eukaryota","Arthropoda","Arachnida","Araneae","Oonopidae","Family"
"140","ASV_291","Eukaryota","Arthropoda","Arachnida","Araneae","Oonopidae","Family"
"141","ASV_1032","Eukaryota","Arthropoda","Insecta","Orthoptera","Mogoplistidae","Family"
"142","ASV_333","Eukaryota","Arthropoda","Insecta","Orthoptera","Mogoplistidae","Family"
"143","ASV_87","Eukaryota","Arthropoda","Insecta","Orthoptera","Mogoplistidae","Family"
"144","ASV_1247","Eukaryota","Arthropoda","Chilopoda","Geophilomorpha","Oryidae","Family"
"145","ASV_1135","Eukaryota","Arthropoda","Arachnida","Araneae","Oxyopidae","Family"
"146","ASV_1178","Eukaryota","Arthropoda","Insecta","Odonata","Libellulidae","Family"
"147","ASV_1185","Eukaryota","Arthropoda","Insecta","Odonata","Libellulidae","Family"
"148","ASV_1290","Eukaryota","Arthropoda","Insecta","Odonata","Libellulidae","Family"
"149","ASV_1358","Eukaryota","Arthropoda","Insecta","Odonata","Libellulidae","Family"
"150","ASV_1562","Eukaryota","Arthropoda","Insecta","Odonata","Libellulidae","Family"
"151","ASV_1735","Eukaryota","Arthropoda","Insecta","Odonata","Libellulidae","Family"
"152","ASV_1736","Eukaryota","Arthropoda","Insecta","Odonata","Libellulidae","Family"
"153","ASV_19","Eukaryota","Arthropoda","Insecta","Odonata","Libellulidae","Family"
"154","ASV_24","Eukaryota","Arthropoda","Insecta","Odonata","Libellulidae","Family"
"155","ASV_495","Eukaryota","Arthropoda","Insecta","Odonata","Libellulidae","Family"
"156","ASV_5","Eukaryota","Arthropoda","Insecta","Odonata","Libellulidae","Family"
"157","ASV_795","Eukaryota","Arthropoda","Insecta","Odonata","Libellulidae","Family"
"158","ASV_803","Eukaryota","Arthropoda","Insecta","Odonata","Libellulidae","Family"
"159","ASV_1018","Eukaryota","Arthropoda","Branchiopoda","Anostraca","Branchipodidae","Family"
"160","ASV_782","Eukaryota","Arthropoda","Branchiopoda","Anostraca","Branchipodidae","Family"
"161","ASV_973","Eukaryota","Arthropoda","Branchiopoda","Anostraca","Branchipodidae","Family"
"162","ASV_455","Eukaryota","Arthropoda","Insecta","Coleoptera","Staphylinidae","Family"
"163","ASV_1664","Eukaryota","Arthropoda","Insecta","Lepidoptera","Crambidae","Family"
"164","ASV_504","Eukaryota","Arthropoda","Insecta","Lepidoptera","Crambidae","Family"
"165","ASV_1187","Eukaryota","Arthropoda","Insecta","Hymenoptera","Formicidae","Family"
"166","ASV_1232","Eukaryota","Arthropoda","Insecta","Hymenoptera","Formicidae","Family"
"167","ASV_1373","Eukaryota","Arthropoda","Insecta","Hymenoptera","Formicidae","Family"
"168","ASV_1684","Eukaryota","Arthropoda","Insecta","Hymenoptera","Formicidae","Family"
"169","ASV_1706","Eukaryota","Arthropoda","Insecta","Hymenoptera","Formicidae","Family"
"170","ASV_447","Eukaryota","Arthropoda","Insecta","Hemiptera","Coccidae","Family"
"171","ASV_1046","Eukaryota","Chordata","Actinopteri","Salmoniformes","Salmonidae","Family"
"172","ASV_180","Eukaryota","Arthropoda","Insecta","Diptera","Platystomatidae","Family"
"173","ASV_243","Eukaryota","Arthropoda","Insecta","Diptera","Platystomatidae","Family"
"174","ASV_26","Eukaryota","Arthropoda","Insecta","Diptera","Platystomatidae","Family"
"175","ASV_486","Eukaryota","Arthropoda","Insecta","Diptera","Platystomatidae","Family"
"176","ASV_562","Eukaryota","Arthropoda","Insecta","Diptera","Platystomatidae","Family"
"177","ASV_569","Eukaryota","Arthropoda","Insecta","Diptera","Platystomatidae","Family"
"178","ASV_855","Eukaryota","Arthropoda","Insecta","Diptera","Platystomatidae","Family"
"179","ASV_1184","Eukaryota","Arthropoda","Insecta","Diptera","Sciaridae","Family"
"180","ASV_1442","Eukaryota","Arthropoda","Insecta","Diptera","Sciaridae","Family"
"181","ASV_1096","Eukaryota","Arthropoda","Insecta","Diptera","Sciaridae","Family"
"182","ASV_326","Eukaryota","Arthropoda","Insecta","Thysanoptera","Thripidae","Family"
"183","ASV_115","Eukaryota","Arthropoda","Arachnida","Araneae","Pholcidae","Family"
"184","ASV_13","Eukaryota","Arthropoda","Arachnida","Araneae","Pholcidae","Family"
"185","ASV_1630","Eukaryota","Arthropoda","Arachnida","Araneae","Pholcidae","Family"
"186","ASV_1685","Eukaryota","Arthropoda","Arachnida","Araneae","Pholcidae","Family"
"187","ASV_251","Eukaryota","Arthropoda","Arachnida","Araneae","Pholcidae","Family"
"188","ASV_309","Eukaryota","Arthropoda","Arachnida","Araneae","Pholcidae","Family"
"189","ASV_313","Eukaryota","Arthropoda","Arachnida","Araneae","Pholcidae","Family"
"190","ASV_330","Eukaryota","Arthropoda","Arachnida","Araneae","Pholcidae","Family"
"191","ASV_331","Eukaryota","Arthropoda","Arachnida","Araneae","Pholcidae","Family"
"192","ASV_381","Eukaryota","Arthropoda","Arachnida","Araneae","Pholcidae","Family"
"193","ASV_615","Eukaryota","Arthropoda","Arachnida","Araneae","Pholcidae","Family"
"194","ASV_726","Eukaryota","Arthropoda","Arachnida","Araneae","Pholcidae","Family"
"195","ASV_8","Eukaryota","Arthropoda","Arachnida","Araneae","Pholcidae","Family"
"196","ASV_95","Eukaryota","Arthropoda","Arachnida","Araneae","Pholcidae","Family"
"197","ASV_1598","Eukaryota","Arthropoda","Collembola","Symphypleona","Sminthuridae","Family"
"198","ASV_133","Eukaryota","Arthropoda","Chilopoda","Geophilomorpha","Himantariidae","Family"
"199","ASV_538","Eukaryota","Arthropoda","Chilopoda","Geophilomorpha","Himantariidae","Family"
"200","ASV_681","Eukaryota","Arthropoda","Insecta","Diptera","Limoniidae","Family"
"201","ASV_839","Eukaryota","Chordata","Aves","Pelecaniformes","Sulidae","Family"
"202","ASV_1076","Eukaryota","Arthropoda","Chilopoda","Geophilomorpha","Mecistocephalidae","Family"
"203","ASV_1161","Eukaryota","Arthropoda","Chilopoda","Geophilomorpha","Mecistocephalidae","Family"
"204","ASV_15","Eukaryota","Arthropoda","Chilopoda","Geophilomorpha","Mecistocephalidae","Family"
"205","ASV_28","Eukaryota","Arthropoda","Chilopoda","Geophilomorpha","Mecistocephalidae","Family"
"206","ASV_38","Eukaryota","Arthropoda","Chilopoda","Geophilomorpha","Mecistocephalidae","Family"
"207","ASV_544","Eukaryota","Arthropoda","Chilopoda","Geophilomorpha","Mecistocephalidae","Family"
"208","ASV_667","Eukaryota","Arthropoda","Chilopoda","Geophilomorpha","Mecistocephalidae","Family"
"209","ASV_49","Eukaryota","Arthropoda","Insecta","Dermaptera","Anisolabididae","Family"
"210","ASV_425","Eukaryota","Arthropoda","Insecta","Diptera","Stratiomyidae","Family"
"211","ASV_1609","Eukaryota","Arthropoda","Collembola","Entomobryomorpha","Entomobryidae","Family"
"212","ASV_96","Eukaryota","Arthropoda","Collembola","Entomobryomorpha","Entomobryidae","Family"
"213","ASV_1078","Eukaryota","Arthropoda","Insecta","Hymenoptera","Formicidae","Family"
"214","ASV_271","Eukaryota","Chordata","Reptilia","Squamata","Gekkonidae","Family"
"215","ASV_716","Eukaryota","Arthropoda","Arachnida","Araneae","Araneidae","Family"
"216","ASV_1419","Eukaryota","Arthropoda","Insecta","Blattodea","Blattidae","Family"
"217","ASV_654","Eukaryota","Arthropoda","Insecta","Blattodea","Blattidae","Family"
"218","ASV_91","Eukaryota","Arthropoda","Insecta","Blattodea","Blattidae","Family"
"219","ASV_924","Eukaryota","Arthropoda","Insecta","Blattodea","Blattidae","Family"
"220","ASV_1490","Eukaryota","Arthropoda","Insecta","Hymenoptera","Formicidae","Family"
"221","ASV_1491","Eukaryota","Arthropoda","Insecta","Hymenoptera","Formicidae","Family"
"222","ASV_515","Eukaryota","Arthropoda","Insecta","Hymenoptera","Formicidae","Family"
"223","ASV_628","Eukaryota","Arthropoda","Insecta","Hymenoptera","Formicidae","Family"
"224","ASV_778","Eukaryota","Arthropoda","Insecta","Hymenoptera","Formicidae","Family"
"225","ASV_850","Eukaryota","Arthropoda","Insecta","Hymenoptera","Formicidae","Family"
"226","ASV_932","Eukaryota","Arthropoda","Insecta","Hymenoptera","Formicidae","Family"
"227","ASV_784","Eukaryota","Arthropoda","Insecta","Hymenoptera","Formicidae","Family"
"228","ASV_1516","Eukaryota","Arthropoda","Arachnida","Sarcoptiformes","Suidasiidae","Family"
"229","ASV_682","Eukaryota","Arthropoda","Arachnida","Sarcoptiformes","Suidasiidae","Family"
"230","ASV_14","Eukaryota","Arthropoda","Arachnida","Araneae","Theridiidae","Family"
"231","ASV_618","Eukaryota","Arthropoda","Arachnida","Araneae","Theridiidae","Family"
"232","ASV_793","Eukaryota","Arthropoda","Arachnida","Sarcoptiformes","Acaridae","Family"
"233","ASV_124","Eukaryota","Arthropoda","Insecta","Orthoptera","Acrididae","Family"
"234","ASV_1413","Eukaryota","Arthropoda","Insecta","Orthoptera","Acrididae","Family"
"235","ASV_1517","Eukaryota","Arthropoda","Insecta","Orthoptera","Acrididae","Family"
"236","ASV_1637","Eukaryota","Arthropoda","Insecta","Orthoptera","Acrididae","Family"
"237","ASV_201","Eukaryota","Arthropoda","Insecta","Orthoptera","Acrididae","Family"
"238","ASV_286","Eukaryota","Arthropoda","Insecta","Orthoptera","Acrididae","Family"
"239","ASV_36","Eukaryota","Arthropoda","Insecta","Orthoptera","Acrididae","Family"
"240","ASV_612","Eukaryota","Arthropoda","Insecta","Orthoptera","Acrididae","Family"
"241","ASV_64","Eukaryota","Arthropoda","Insecta","Orthoptera","Acrididae","Family"
"242","ASV_488","Eukaryota","Arthropoda","Insecta","Diptera","Agromyzidae","Family"
"243","ASV_1678","Eukaryota","Arthropoda","Insecta","Hemiptera","Aleyrodidae","Family"
"244","ASV_958","Eukaryota","Arthropoda","Insecta","Hemiptera","Aleyrodidae","Family"
"245","ASV_1141","Eukaryota","Arthropoda","Collembola","Symphypleona","Bourletiellidae","Family"
"246","ASV_1204","Eukaryota","Arthropoda","Insecta","Diptera","Cecidomyiidae","Family"
"247","ASV_298","Eukaryota","Arthropoda","Insecta","Diptera","Chloropidae","Family"
"248","ASV_902","Eukaryota","Arthropoda","Insecta","Diptera","Chloropidae","Family"
"249","ASV_148","Eukaryota","Arthropoda","Insecta","Blattodea","Ectobiidae","Family"
"250","ASV_191","Eukaryota","Arthropoda","Insecta","Blattodea","Ectobiidae","Family"
"251","ASV_319","Eukaryota","Arthropoda","Insecta","Lepidoptera","Erebidae","Family"
"252","ASV_1440","Eukaryota","Arthropoda","Insecta","Hymenoptera","Formicidae","Family"
"253","ASV_52","Eukaryota","Arthropoda","Insecta","Hymenoptera","Formicidae","Family"
"254","ASV_607","Eukaryota","Arthropoda","Insecta","Hymenoptera","Formicidae","Family"
"255","ASV_1165","Eukaryota","Chordata","Mammalia","Primates","Hominidae","Family"
"256","ASV_1257","Eukaryota","Chordata","Mammalia","Primates","Hominidae","Family"
"257","ASV_1679","Eukaryota","Chordata","Mammalia","Primates","Hominidae","Family"
"258","ASV_164","Eukaryota","Arthropoda","Insecta","Psocoptera","Lepidopsocidae","Family"
"259","ASV_552","Eukaryota","Arthropoda","Insecta","Psocoptera","Lepidopsocidae","Family"
"260","ASV_400","Eukaryota","Arthropoda","Insecta","Diptera","Limoniidae","Family"
"261","ASV_1671","Eukaryota","Arthropoda","Insecta","Hemiptera","Pseudococcidae","Family"
"262","ASV_1022","Eukaryota","Arthropoda","Insecta","Diptera","Sciaridae","Family"
"263","ASV_1346","Eukaryota","Arthropoda","Insecta","Diptera","Sciaridae","Family"
"264","ASV_151","Eukaryota","Arthropoda","Insecta","Diptera","Sciaridae","Family"
"265","ASV_245","Eukaryota","Arthropoda","Insecta","Diptera","Sciaridae","Family"
"266","ASV_1","Eukaryota","Arthropoda","Arachnida","Araneae","Sparassidae","Family"
"267","ASV_1017","Eukaryota","Arthropoda","Arachnida","Araneae","Sparassidae","Family"
"268","ASV_1035","Eukaryota","Arthropoda","Arachnida","Araneae","Sparassidae","Family"
"269","ASV_1083","Eukaryota","Arthropoda","Arachnida","Araneae","Sparassidae","Family"
"270","ASV_1086","Eukaryota","Arthropoda","Arachnida","Araneae","Sparassidae","Family"
"271","ASV_113","Eukaryota","Arthropoda","Arachnida","Araneae","Sparassidae","Family"
"272","ASV_117","Eukaryota","Arthropoda","Arachnida","Araneae","Sparassidae","Family"
"273","ASV_118","Eukaryota","Arthropoda","Arachnida","Araneae","Sparassidae","Family"
"274","ASV_1194","Eukaryota","Arthropoda","Arachnida","Araneae","Sparassidae","Family"
"275","ASV_1202","Eukaryota","Arthropoda","Arachnida","Araneae","Sparassidae","Family"
"276","ASV_1237","Eukaryota","Arthropoda","Arachnida","Araneae","Sparassidae","Family"
"277","ASV_1297","Eukaryota","Arthropoda","Arachnida","Araneae","Sparassidae","Family"
"278","ASV_132","Eukaryota","Arthropoda","Arachnida","Araneae","Sparassidae","Family"
"279","ASV_1326","Eukaryota","Arthropoda","Arachnida","Araneae","Sparassidae","Family"
"280","ASV_1331","Eukaryota","Arthropoda","Arachnida","Araneae","Sparassidae","Family"
"281","ASV_1418","Eukaryota","Arthropoda","Arachnida","Araneae","Sparassidae","Family"
"282","ASV_149","Eukaryota","Arthropoda","Arachnida","Araneae","Sparassidae","Family"
"283","ASV_1511","Eukaryota","Arthropoda","Arachnida","Araneae","Sparassidae","Family"
"284","ASV_1524","Eukaryota","Arthropoda","Arachnida","Araneae","Sparassidae","Family"
"285","ASV_1526","Eukaryota","Arthropoda","Arachnida","Araneae","Sparassidae","Family"
"286","ASV_1529","Eukaryota","Arthropoda","Arachnida","Araneae","Sparassidae","Family"
"287","ASV_154","Eukaryota","Arthropoda","Arachnida","Araneae","Sparassidae","Family"
"288","ASV_155","Eukaryota","Arthropoda","Arachnida","Araneae","Sparassidae","Family"
"289","ASV_156","Eukaryota","Arthropoda","Arachnida","Araneae","Sparassidae","Family"
"290","ASV_1581","Eukaryota","Arthropoda","Arachnida","Araneae","Sparassidae","Family"
"291","ASV_1633","Eukaryota","Arthropoda","Arachnida","Araneae","Sparassidae","Family"
"292","ASV_1638","Eukaryota","Arthropoda","Arachnida","Araneae","Sparassidae","Family"
"293","ASV_1642","Eukaryota","Arthropoda","Arachnida","Araneae","Sparassidae","Family"
"294","ASV_1648","Eukaryota","Arthropoda","Arachnida","Araneae","Sparassidae","Family"
"295","ASV_190","Eukaryota","Arthropoda","Arachnida","Araneae","Sparassidae","Family"
"296","ASV_202","Eukaryota","Arthropoda","Arachnida","Araneae","Sparassidae","Family"
"297","ASV_217","Eukaryota","Arthropoda","Arachnida","Araneae","Sparassidae","Family"
"298","ASV_240","Eukaryota","Arthropoda","Arachnida","Araneae","Sparassidae","Family"
"299","ASV_25","Eukaryota","Arthropoda","Arachnida","Araneae","Sparassidae","Family"
"300","ASV_259","Eukaryota","Arthropoda","Arachnida","Araneae","Sparassidae","Family"
"301","ASV_284","Eukaryota","Arthropoda","Arachnida","Araneae","Sparassidae","Family"
"302","ASV_297","Eukaryota","Arthropoda","Arachnida","Araneae","Sparassidae","Family"
"303","ASV_334","Eukaryota","Arthropoda","Arachnida","Araneae","Sparassidae","Family"
"304","ASV_359","Eukaryota","Arthropoda","Arachnida","Araneae","Sparassidae","Family"
"305","ASV_403","Eukaryota","Arthropoda","Arachnida","Araneae","Sparassidae","Family"
"306","ASV_41","Eukaryota","Arthropoda","Arachnida","Araneae","Sparassidae","Family"
"307","ASV_411","Eukaryota","Arthropoda","Arachnida","Araneae","Sparassidae","Family"
"308","ASV_43","Eukaryota","Arthropoda","Arachnida","Araneae","Sparassidae","Family"
"309","ASV_452","Eukaryota","Arthropoda","Arachnida","Araneae","Sparassidae","Family"
"310","ASV_463","Eukaryota","Arthropoda","Arachnida","Araneae","Sparassidae","Family"
"311","ASV_47","Eukaryota","Arthropoda","Arachnida","Araneae","Sparassidae","Family"
"312","ASV_475","Eukaryota","Arthropoda","Arachnida","Araneae","Sparassidae","Family"
"313","ASV_480","Eukaryota","Arthropoda","Arachnida","Araneae","Sparassidae","Family"
"314","ASV_481","Eukaryota","Arthropoda","Arachnida","Araneae","Sparassidae","Family"
"315","ASV_512","Eukaryota","Arthropoda","Arachnida","Araneae","Sparassidae","Family"
"316","ASV_523","Eukaryota","Arthropoda","Arachnida","Araneae","Sparassidae","Family"
"317","ASV_541","Eukaryota","Arthropoda","Arachnida","Araneae","Sparassidae","Family"
"318","ASV_56","Eukaryota","Arthropoda","Arachnida","Araneae","Sparassidae","Family"
"319","ASV_573","Eukaryota","Arthropoda","Arachnida","Araneae","Sparassidae","Family"
"320","ASV_579","Eukaryota","Arthropoda","Arachnida","Araneae","Sparassidae","Family"
"321","ASV_587","Eukaryota","Arthropoda","Arachnida","Araneae","Sparassidae","Family"
"322","ASV_60","Eukaryota","Arthropoda","Arachnida","Araneae","Sparassidae","Family"
"323","ASV_65","Eukaryota","Arthropoda","Arachnida","Araneae","Sparassidae","Family"
"324","ASV_71","Eukaryota","Arthropoda","Arachnida","Araneae","Sparassidae","Family"
"325","ASV_72","Eukaryota","Arthropoda","Arachnida","Araneae","Sparassidae","Family"
"326","ASV_724","Eukaryota","Arthropoda","Arachnida","Araneae","Sparassidae","Family"
"327","ASV_736","Eukaryota","Arthropoda","Arachnida","Araneae","Sparassidae","Family"
"328","ASV_75","Eukaryota","Arthropoda","Arachnida","Araneae","Sparassidae","Family"
"329","ASV_767","Eukaryota","Arthropoda","Arachnida","Araneae","Sparassidae","Family"
"330","ASV_777","Eukaryota","Arthropoda","Arachnida","Araneae","Sparassidae","Family"
"331","ASV_788","Eukaryota","Arthropoda","Arachnida","Araneae","Sparassidae","Family"
"332","ASV_809","Eukaryota","Arthropoda","Arachnida","Araneae","Sparassidae","Family"
"333","ASV_822","Eukaryota","Arthropoda","Arachnida","Araneae","Sparassidae","Family"
"334","ASV_844","Eukaryota","Arthropoda","Arachnida","Araneae","Sparassidae","Family"
"335","ASV_85","Eukaryota","Arthropoda","Arachnida","Araneae","Sparassidae","Family"
"336","ASV_1519","Eukaryota","Arthropoda","Insecta","Orthoptera","Tettigoniidae","Family"
"337","ASV_1010","Eukaryota","Arthropoda","Arachnida","Araneae","","Order"
"338","ASV_1011","Eukaryota","Arthropoda","Arachnida","Araneae","","Order"
"339","ASV_103","Eukaryota","Arthropoda","Arachnida","Araneae","","Order"
"340","ASV_104","Eukaryota","Arthropoda","Arachnida","Araneae","","Order"
"341","ASV_105","Eukaryota","Arthropoda","Arachnida","Araneae","","Order"
"342","ASV_107","Eukaryota","Arthropoda","Arachnida","Araneae","","Order"
"343","ASV_1106","Eukaryota","Arthropoda","Arachnida","Araneae","","Order"
"344","ASV_111","Eukaryota","Arthropoda","Arachnida","Araneae","","Order"
"345","ASV_119","Eukaryota","Arthropoda","Arachnida","Araneae","","Order"
"346","ASV_120","Eukaryota","Arthropoda","Arachnida","Araneae","","Order"
"347","ASV_122","Eukaryota","Arthropoda","Arachnida","Araneae","","Order"
"348","ASV_1243","Eukaryota","Arthropoda","Arachnida","Araneae","","Order"
"349","ASV_1244","Eukaryota","Arthropoda","Arachnida","Araneae","","Order"
"350","ASV_129","Eukaryota","Arthropoda","Arachnida","Araneae","","Order"
"351","ASV_1314","Eukaryota","Arthropoda","Arachnida","Araneae","","Order"
"352","ASV_1388","Eukaryota","Arthropoda","Arachnida","Araneae","","Order"
"353","ASV_1391","Eukaryota","Arthropoda","Arachnida","Araneae","","Order"
"354","ASV_1417","Eukaryota","Arthropoda","Arachnida","Araneae","","Order"
"355","ASV_1443","Eukaryota","Arthropoda","Arachnida","Araneae","","Order"
"356","ASV_150","Eukaryota","Arthropoda","Arachnida","Araneae","","Order"
"357","ASV_160","Eukaryota","Arthropoda","Arachnida","Araneae","","Order"
"358","ASV_178","Eukaryota","Arthropoda","Arachnida","Araneae","","Order"
"359","ASV_192","Eukaryota","Arthropoda","Arachnida","Araneae","","Order"
"360","ASV_225","Eukaryota","Arthropoda","Arachnida","Araneae","","Order"
"361","ASV_229","Eukaryota","Arthropoda","Arachnida","Araneae","","Order"
"362","ASV_234","Eukaryota","Arthropoda","Arachnida","Araneae","","Order"
"363","ASV_253","Eukaryota","Arthropoda","Arachnida","Araneae","Scytodidae","Family"
"364","ASV_263","Eukaryota","Arthropoda","Arachnida","Araneae","","Order"
"365","ASV_264","Eukaryota","Arthropoda","Arachnida","Araneae","","Order"
"366","ASV_267","Eukaryota","Arthropoda","Arachnida","Araneae","","Order"
"367","ASV_295","Eukaryota","Arthropoda","Arachnida","Araneae","","Order"
"368","ASV_316","Eukaryota","Arthropoda","Arachnida","Araneae","","Order"
"369","ASV_323","Eukaryota","Arthropoda","Arachnida","Araneae","","Order"
"370","ASV_341","Eukaryota","Arthropoda","Arachnida","Araneae","","Order"
"371","ASV_358","Eukaryota","Arthropoda","Arachnida","Araneae","","Order"
"372","ASV_362","Eukaryota","Arthropoda","Arachnida","Araneae","","Order"
"373","ASV_366","Eukaryota","Arthropoda","Arachnida","Araneae","","Order"
"374","ASV_367","Eukaryota","Arthropoda","Arachnida","Araneae","","Order"
"375","ASV_373","Eukaryota","Arthropoda","Arachnida","Araneae","","Order"
"376","ASV_387","Eukaryota","Arthropoda","Arachnida","Araneae","","Order"
"377","ASV_389","Eukaryota","Arthropoda","Arachnida","Araneae","","Order"
"378","ASV_40","Eukaryota","Arthropoda","Arachnida","Araneae","","Order"
"379","ASV_419","Eukaryota","Arthropoda","Arachnida","Araneae","","Order"
"380","ASV_423","Eukaryota","Arthropoda","Arachnida","Araneae","","Order"
"381","ASV_429","Eukaryota","Arthropoda","Arachnida","Araneae","","Order"
"382","ASV_439","Eukaryota","Arthropoda","Arachnida","Araneae","","Order"
"383","ASV_509","Eukaryota","Arthropoda","Arachnida","Araneae","","Order"
"384","ASV_525","Eukaryota","Arthropoda","Arachnida","Araneae","","Order"
"385","ASV_534","Eukaryota","Arthropoda","Arachnida","Araneae","","Order"
"386","ASV_548","Eukaryota","Arthropoda","Arachnida","Araneae","","Order"
"387","ASV_557","Eukaryota","Arthropoda","Arachnida","Araneae","","Order"
"388","ASV_594","Eukaryota","Arthropoda","Arachnida","Araneae","","Order"
"389","ASV_597","Eukaryota","Arthropoda","Arachnida","Araneae","","Order"
"390","ASV_598","Eukaryota","Arthropoda","Arachnida","Araneae","","Order"
"391","ASV_6","Eukaryota","Arthropoda","Arachnida","Araneae","","Order"
"392","ASV_619","Eukaryota","Arthropoda","Arachnida","Araneae","","Order"
"393","ASV_637","Eukaryota","Arthropoda","Arachnida","Araneae","","Order"
"394","ASV_638","Eukaryota","Arthropoda","Arachnida","Araneae","","Order"
"395","ASV_649","Eukaryota","Arthropoda","Arachnida","Araneae","","Order"
"396","ASV_656","Eukaryota","Arthropoda","Arachnida","Araneae","","Order"
"397","ASV_664","Eukaryota","Arthropoda","Arachnida","Araneae","","Order"
"398","ASV_674","Eukaryota","Arthropoda","Arachnida","Araneae","","Order"
"399","ASV_675","Eukaryota","Arthropoda","Arachnida","Araneae","","Order"
"400","ASV_706","Eukaryota","Arthropoda","Arachnida","Araneae","Araneidae","Family"
"401","ASV_709","Eukaryota","Arthropoda","Arachnida","Araneae","","Order"
"402","ASV_714","Eukaryota","Arthropoda","Arachnida","Araneae","","Order"
"403","ASV_723","Eukaryota","Arthropoda","Arachnida","Araneae","","Order"
"404","ASV_732","Eukaryota","Arthropoda","Arachnida","Araneae","","Order"
"405","ASV_743","Eukaryota","Arthropoda","Arachnida","Araneae","","Order"
"406","ASV_752","Eukaryota","Arthropoda","Arachnida","Araneae","","Order"
"407","ASV_759","Eukaryota","Arthropoda","Arachnida","Araneae","","Order"
"408","ASV_760","Eukaryota","Arthropoda","Arachnida","Araneae","","Order"
"409","ASV_770","Eukaryota","Arthropoda","Arachnida","Araneae","","Order"
"410","ASV_819","Eukaryota","Arthropoda","Arachnida","Araneae","","Order"
"411","ASV_847","Eukaryota","Arthropoda","Arachnida","Araneae","","Order"
"412","ASV_86","Eukaryota","Arthropoda","Arachnida","Araneae","","Order"
"413","ASV_863","Eukaryota","Arthropoda","Arachnida","Araneae","","Order"
"414","ASV_871","Eukaryota","Arthropoda","Arachnida","Araneae","","Order"
"415","ASV_879","Eukaryota","Arthropoda","Arachnida","Araneae","","Order"
"416","ASV_90","Eukaryota","Arthropoda","Arachnida","Araneae","","Order"
"417","ASV_913","Eukaryota","Arthropoda","Arachnida","Araneae","","Order"
"418","ASV_914","Eukaryota","Arthropoda","Arachnida","Araneae","","Order"
"419","ASV_925","Eukaryota","Arthropoda","Arachnida","Araneae","","Order"
"420","ASV_93","Eukaryota","Arthropoda","Arachnida","Araneae","","Order"
"421","ASV_942","Eukaryota","Arthropoda","Arachnida","Araneae","","Order"
"422","ASV_969","Eukaryota","Arthropoda","Arachnida","Araneae","","Order"
"423","ASV_971","Eukaryota","Arthropoda","Arachnida","Araneae","","Order"
"424","ASV_978","Eukaryota","Arthropoda","Arachnida","Araneae","","Order"
"425","ASV_1207","Eukaryota","Arthropoda","Insecta","Blattodea","Ectobiidae","Family"
"426","ASV_125","Eukaryota","Arthropoda","Insecta","Blattodea","Blaberidae","Family"
"427","ASV_1647","Eukaryota","Arthropoda","Insecta","Blattodea","Blaberidae","Family"
"428","ASV_183","Eukaryota","Arthropoda","Insecta","Blattodea","Blaberidae","Family"
"429","ASV_340","Eukaryota","Arthropoda","Insecta","Blattodea","Blaberidae","Family"
"430","ASV_396","Eukaryota","Arthropoda","Insecta","Blattodea","Blaberidae","Family"
"431","ASV_420","Eukaryota","Arthropoda","Insecta","Blattodea","Blaberidae","Family"
"432","ASV_498","Eukaryota","Arthropoda","Insecta","Blattodea","Blaberidae","Family"
"433","ASV_59","Eukaryota","Arthropoda","Insecta","Blattodea","","Order"
"434","ASV_746","Eukaryota","Arthropoda","Insecta","Blattodea","Blaberidae","Family"
"435","ASV_80","Eukaryota","Arthropoda","Insecta","Blattodea","Blaberidae","Family"
"436","ASV_808","Eukaryota","Arthropoda","Insecta","Blattodea","Blaberidae","Family"
"437","ASV_860","Eukaryota","Arthropoda","Insecta","Blattodea","Ectobiidae","Family"
"438","ASV_1047","Eukaryota","Arthropoda","Insecta","Coleoptera","Curculionidae","Family"
"439","ASV_1095","Eukaryota","Arthropoda","Insecta","Coleoptera","","Order"
"440","ASV_1439","Eukaryota","Arthropoda","Insecta","Coleoptera","","Order"
"441","ASV_1670","Eukaryota","Arthropoda","Insecta","Coleoptera","","Order"
"442","ASV_306","Eukaryota","Arthropoda","Insecta","Coleoptera","","Order"
"443","ASV_1001","Eukaryota","Arthropoda","Insecta","Dermaptera","Anisolabididae","Family"
"444","ASV_108","Eukaryota","Arthropoda","Insecta","Dermaptera","","Order"
"445","ASV_116","Eukaryota","Arthropoda","Insecta","Dermaptera","Anisolabididae","Family"
"446","ASV_126","Eukaryota","Arthropoda","Insecta","Dermaptera","Anisolabididae","Family"
"447","ASV_138","Eukaryota","Arthropoda","Insecta","Dermaptera","Anisolabididae","Family"
"448","ASV_140","Eukaryota","Arthropoda","Insecta","Dermaptera","Anisolabididae","Family"
"449","ASV_1410","Eukaryota","Arthropoda","Insecta","Dermaptera","Anisolabididae","Family"
"450","ASV_1527","Eukaryota","Arthropoda","Insecta","Dermaptera","","Order"
"451","ASV_162","Eukaryota","Arthropoda","Insecta","Dermaptera","","Order"
"452","ASV_1622","Eukaryota","Arthropoda","Insecta","Dermaptera","","Order"
"453","ASV_165","Eukaryota","Arthropoda","Insecta","Dermaptera","","Order"
"454","ASV_170","Eukaryota","Arthropoda","Insecta","Dermaptera","Anisolabididae","Family"
"455","ASV_175","Eukaryota","Arthropoda","Insecta","Dermaptera","","Order"
"456","ASV_18","Eukaryota","Arthropoda","Insecta","Dermaptera","","Order"
"457","ASV_188","Eukaryota","Arthropoda","Insecta","Dermaptera","","Order"
"458","ASV_195","Eukaryota","Arthropoda","Insecta","Dermaptera","Anisolabididae","Family"
"459","ASV_197","Eukaryota","Arthropoda","Insecta","Dermaptera","Anisolabididae","Family"
"460","ASV_204","Eukaryota","Arthropoda","Insecta","Dermaptera","","Order"
"461","ASV_205","Eukaryota","Arthropoda","Insecta","Dermaptera","Anisolabididae","Family"
"462","ASV_208","Eukaryota","Arthropoda","Insecta","Dermaptera","","Order"
"463","ASV_235","Eukaryota","Arthropoda","Insecta","Dermaptera","","Order"
"464","ASV_238","Eukaryota","Arthropoda","Insecta","Dermaptera","","Order"
"465","ASV_246","Eukaryota","Arthropoda","Insecta","Dermaptera","Anisolabididae","Family"
"466","ASV_252","Eukaryota","Arthropoda","Insecta","Dermaptera","Anisolabididae","Family"
"467","ASV_260","Eukaryota","Arthropoda","Insecta","Dermaptera","Anisolabididae","Family"
"468","ASV_276","Eukaryota","Arthropoda","Insecta","Dermaptera","","Order"
"469","ASV_277","Eukaryota","Arthropoda","Insecta","Dermaptera","","Order"
"470","ASV_282","Eukaryota","Arthropoda","Insecta","Dermaptera","","Order"
"471","ASV_288","Eukaryota","Arthropoda","Insecta","Dermaptera","","Order"
"472","ASV_289","Eukaryota","Arthropoda","Insecta","Dermaptera","","Order"
"473","ASV_290","Eukaryota","Arthropoda","Insecta","Dermaptera","","Order"
"474","ASV_305","Eukaryota","Arthropoda","Insecta","Dermaptera","Anisolabididae","Family"
"475","ASV_315","Eukaryota","Arthropoda","Insecta","Dermaptera","","Order"
"476","ASV_317","Eukaryota","Arthropoda","Insecta","Dermaptera","","Order"
"477","ASV_32","Eukaryota","Arthropoda","Insecta","Dermaptera","","Order"
"478","ASV_320","Eukaryota","Arthropoda","Insecta","Dermaptera","Anisolabididae","Family"
"479","ASV_338","Eukaryota","Arthropoda","Insecta","Dermaptera","","Order"
"480","ASV_343","Eukaryota","Arthropoda","Insecta","Dermaptera","Anisolabididae","Family"
"481","ASV_355","Eukaryota","Arthropoda","Insecta","Dermaptera","","Order"
"482","ASV_368","Eukaryota","Arthropoda","Insecta","Dermaptera","","Order"
"483","ASV_369","Eukaryota","Arthropoda","Insecta","Dermaptera","Anisolabididae","Family"
"484","ASV_380","Eukaryota","Arthropoda","Insecta","Dermaptera","","Order"
"485","ASV_384","Eukaryota","Arthropoda","Insecta","Dermaptera","","Order"
"486","ASV_390","Eukaryota","Arthropoda","Insecta","Dermaptera","","Order"
"487","ASV_391","Eukaryota","Arthropoda","Insecta","Dermaptera","Anisolabididae","Family"
"488","ASV_4","Eukaryota","Arthropoda","Insecta","Dermaptera","","Order"
"489","ASV_406","Eukaryota","Arthropoda","Insecta","Dermaptera","","Order"
"490","ASV_433","Eukaryota","Arthropoda","Insecta","Dermaptera","","Order"
"491","ASV_453","Eukaryota","Arthropoda","Insecta","Dermaptera","","Order"
"492","ASV_466","Eukaryota","Arthropoda","Insecta","Dermaptera","","Order"
"493","ASV_474","Eukaryota","Arthropoda","Insecta","Dermaptera","","Order"
"494","ASV_50","Eukaryota","Arthropoda","Insecta","Dermaptera","","Order"
"495","ASV_51","Eukaryota","Arthropoda","Insecta","Dermaptera","Anisolabididae","Family"
"496","ASV_513","Eukaryota","Arthropoda","Insecta","Dermaptera","Anisolabididae","Family"
"497","ASV_527","Eukaryota","Arthropoda","Insecta","Dermaptera","Anisolabididae","Family"
"498","ASV_550","Eukaryota","Arthropoda","Insecta","Dermaptera","","Order"
"499","ASV_57","Eukaryota","Arthropoda","Insecta","Dermaptera","Anisolabididae","Family"
"500","ASV_581","Eukaryota","Arthropoda","Insecta","Dermaptera","Anisolabididae","Family"
"501","ASV_583","Eukaryota","Arthropoda","Insecta","Dermaptera","","Order"
"502","ASV_588","Eukaryota","Arthropoda","Insecta","Dermaptera","","Order"
"503","ASV_599","Eukaryota","Arthropoda","Insecta","Dermaptera","","Order"
"504","ASV_606","Eukaryota","Arthropoda","Insecta","Dermaptera","","Order"
"505","ASV_608","Eukaryota","Arthropoda","Insecta","Dermaptera","Anisolabididae","Family"
"506","ASV_627","Eukaryota","Arthropoda","Insecta","Dermaptera","Anisolabididae","Family"
"507","ASV_634","Eukaryota","Arthropoda","Insecta","Dermaptera","","Order"
"508","ASV_67","Eukaryota","Arthropoda","Insecta","Dermaptera","","Order"
"509","ASV_68","Eukaryota","Arthropoda","Insecta","Dermaptera","","Order"
"510","ASV_693","Eukaryota","Arthropoda","Insecta","Dermaptera","","Order"
"511","ASV_704","Eukaryota","Arthropoda","Insecta","Dermaptera","Anisolabididae","Family"
"512","ASV_768","Eukaryota","Arthropoda","Insecta","Dermaptera","Anisolabididae","Family"
"513","ASV_950","Eukaryota","Arthropoda","Insecta","Dermaptera","","Order"
"514","ASV_97","Eukaryota","Arthropoda","Insecta","Dermaptera","Anisolabididae","Family"
"515","ASV_972","Eukaryota","Arthropoda","Insecta","Dermaptera","Anisolabididae","Family"
"516","ASV_1007","Eukaryota","Arthropoda","Insecta","Diptera","Chloropidae","Family"
"517","ASV_109","Eukaryota","Arthropoda","Insecta","Diptera","","Order"
"518","ASV_1345","Eukaryota","Arthropoda","Insecta","Diptera","Calliphoridae","Family"
"519","ASV_1356","Eukaryota","Arthropoda","Insecta","Diptera","Phoridae","Family"
"520","ASV_1360","Eukaryota","Arthropoda","Insecta","Diptera","","Order"
"521","ASV_1672","Eukaryota","Arthropoda","Insecta","Diptera","","Order"
"522","ASV_173","Eukaryota","Arthropoda","Insecta","Diptera","Chloropidae","Family"
"523","ASV_179","Eukaryota","Arthropoda","Insecta","Diptera","","Order"
"524","ASV_213","Eukaryota","Arthropoda","Insecta","Diptera","","Order"
"525","ASV_218","Eukaryota","Arthropoda","Insecta","Diptera","","Order"
"526","ASV_257","Eukaryota","Arthropoda","Insecta","Diptera","","Order"
"527","ASV_383","Eukaryota","Arthropoda","Insecta","Diptera","","Order"
"528","ASV_450","Eukaryota","Arthropoda","Insecta","Diptera","","Order"
"529","ASV_516","Eukaryota","Arthropoda","Insecta","Diptera","Dolichopodidae","Family"
"530","ASV_520","Eukaryota","Arthropoda","Insecta","Diptera","Culicidae","Family"
"531","ASV_658","Eukaryota","Arthropoda","Insecta","Diptera","","Order"
"532","ASV_687","Eukaryota","Arthropoda","Insecta","Diptera","","Order"
"533","ASV_696","Eukaryota","Arthropoda","Insecta","Diptera","Ceratopogonidae","Family"
"534","ASV_739","Eukaryota","Arthropoda","Insecta","Diptera","","Order"
"535","ASV_748","Eukaryota","Arthropoda","Insecta","Diptera","Dolichopodidae","Family"
"536","ASV_869","Eukaryota","Arthropoda","Insecta","Diptera","Chironomidae","Family"
"537","ASV_889","Eukaryota","Arthropoda","Insecta","Diptera","Psychodidae","Family"
"538","ASV_935","Eukaryota","Arthropoda","Insecta","Diptera","","Order"
"539","ASV_1689","Eukaryota","Arthropoda","Collembola","Entomobryomorpha","","Order"
"540","ASV_676","Eukaryota","Arthropoda","Entognatha","Entomobryomorpha","","Order"
"541","ASV_35","Eukaryota","Arthropoda","Chilopoda","Geophilomorpha","","Order"
"542","ASV_219","Eukaryota","Arthropoda","Insecta","Hemiptera","","Order"
"543","ASV_528","Eukaryota","Arthropoda","Insecta","Hemiptera","","Order"
"544","ASV_646","Eukaryota","Arthropoda","Insecta","Hemiptera","","Order"
"545","ASV_785","Eukaryota","Arthropoda","Insecta","Hemiptera","","Order"
"546","ASV_857","Eukaryota","Arthropoda","Insecta","Hemiptera","","Order"
"547","ASV_945","Eukaryota","Arthropoda","Insecta","Hemiptera","","Order"
"548","ASV_1294","Eukaryota","Arthropoda","Insecta","Hymenoptera","Eulophidae","Family"
"549","ASV_1555","Eukaryota","Arthropoda","Insecta","Hymenoptera","Formicidae","Family"
"550","ASV_1582","Eukaryota","Arthropoda","Insecta","Hymenoptera","Encyrtidae","Family"
"551","ASV_1629","Eukaryota","Arthropoda","Insecta","Hymenoptera","Eulophidae","Family"
"552","ASV_786","Eukaryota","Arthropoda","Insecta","Hymenoptera","","Order"
"553","ASV_903","Eukaryota","Arthropoda","Insecta","Hymenoptera","Formicidae","Family"
"554","ASV_507","Eukaryota","Arthropoda","Malacostraca","Isopoda","","Order"
"555","ASV_1137","Eukaryota","Arthropoda","Insecta","Lepidoptera","Crambidae","Family"
"556","ASV_211","Eukaryota","Arthropoda","Insecta","Lepidoptera","Agonoxenidae","Family"
"557","ASV_371","Eukaryota","Arthropoda","Insecta","Lepidoptera","Tineidae","Family"
"558","ASV_911","Eukaryota","Arthropoda","Insecta","Lepidoptera","","Order"
"559","ASV_1003","Eukaryota","Arthropoda","Insecta","Orthoptera","Tettigoniidae","Family"
"560","ASV_1233","Eukaryota","Arthropoda","Insecta","Orthoptera","Tettigoniidae","Family"
"561","ASV_1298","Eukaryota","Arthropoda","Insecta","Orthoptera","Tettigoniidae","Family"
"562","ASV_1299","Eukaryota","Arthropoda","Insecta","Orthoptera","Tettigoniidae","Family"
"563","ASV_1300","Eukaryota","Arthropoda","Insecta","Orthoptera","Tettigoniidae","Family"
"564","ASV_1309","Eukaryota","Arthropoda","Insecta","Orthoptera","Tettigoniidae","Family"
"565","ASV_1317","Eukaryota","Arthropoda","Insecta","Orthoptera","Tettigoniidae","Family"
"566","ASV_1351","Eukaryota","Arthropoda","Insecta","Orthoptera","Tettigoniidae","Family"
"567","ASV_137","Eukaryota","Arthropoda","Insecta","Orthoptera","Tettigoniidae","Family"
"568","ASV_1372","Eukaryota","Arthropoda","Insecta","Orthoptera","Tettigoniidae","Family"
"569","ASV_1397","Eukaryota","Arthropoda","Insecta","Orthoptera","Tettigoniidae","Family"
"570","ASV_141","Eukaryota","Arthropoda","Insecta","Orthoptera","Tettigoniidae","Family"
"571","ASV_142","Eukaryota","Arthropoda","Insecta","Orthoptera","Tettigoniidae","Family"
"572","ASV_1470","Eukaryota","Arthropoda","Insecta","Orthoptera","Tettigoniidae","Family"
"573","ASV_1574","Eukaryota","Arthropoda","Insecta","Orthoptera","Tettigoniidae","Family"
"574","ASV_1585","Eukaryota","Arthropoda","Insecta","Orthoptera","Tettigoniidae","Family"
"575","ASV_1586","Eukaryota","Arthropoda","Insecta","Orthoptera","Tettigoniidae","Family"
"576","ASV_1607","Eukaryota","Arthropoda","Insecta","Orthoptera","Tettigoniidae","Family"
"577","ASV_163","Eukaryota","Arthropoda","Insecta","Orthoptera","Tettigoniidae","Family"
"578","ASV_1682","Eukaryota","Arthropoda","Insecta","Orthoptera","Tettigoniidae","Family"
"579","ASV_1708","Eukaryota","Arthropoda","Insecta","Orthoptera","Tettigoniidae","Family"
"580","ASV_171","Eukaryota","Arthropoda","Insecta","Orthoptera","Tettigoniidae","Family"
"581","ASV_1712","Eukaryota","Arthropoda","Insecta","Orthoptera","Tettigoniidae","Family"
"582","ASV_1714","Eukaryota","Arthropoda","Insecta","Orthoptera","Tettigoniidae","Family"
"583","ASV_1716","Eukaryota","Arthropoda","Insecta","Orthoptera","Tettigoniidae","Family"
"584","ASV_1721","Eukaryota","Arthropoda","Insecta","Orthoptera","Tettigoniidae","Family"
"585","ASV_1734","Eukaryota","Arthropoda","Insecta","Orthoptera","Tettigoniidae","Family"
"586","ASV_182","Eukaryota","Arthropoda","Insecta","Orthoptera","Tettigoniidae","Family"
"587","ASV_2","Eukaryota","Arthropoda","Insecta","Orthoptera","Tettigoniidae","Family"
"588","ASV_22","Eukaryota","Arthropoda","Insecta","Orthoptera","Tettigoniidae","Family"
"589","ASV_220","Eukaryota","Arthropoda","Insecta","Orthoptera","Tettigoniidae","Family"
"590","ASV_230","Eukaryota","Arthropoda","Insecta","Orthoptera","Tettigoniidae","Family"
"591","ASV_233","Eukaryota","Arthropoda","Insecta","Orthoptera","Tettigoniidae","Family"
"592","ASV_236","Eukaryota","Arthropoda","Insecta","Orthoptera","Tettigoniidae","Family"
"593","ASV_268","Eukaryota","Arthropoda","Insecta","Orthoptera","Tettigoniidae","Family"
"594","ASV_293","Eukaryota","Arthropoda","Insecta","Orthoptera","Tettigoniidae","Family"
"595","ASV_31","Eukaryota","Arthropoda","Insecta","Orthoptera","Tettigoniidae","Family"
"596","ASV_33","Eukaryota","Arthropoda","Insecta","Orthoptera","Tettigoniidae","Family"
"597","ASV_332","Eukaryota","Arthropoda","Insecta","Orthoptera","Tettigoniidae","Family"
"598","ASV_34","Eukaryota","Arthropoda","Insecta","Orthoptera","Tettigoniidae","Family"
"599","ASV_364","Eukaryota","Arthropoda","Insecta","Orthoptera","Tettigoniidae","Family"
"600","ASV_37","Eukaryota","Arthropoda","Insecta","Orthoptera","Tettigoniidae","Family"
"601","ASV_42","Eukaryota","Arthropoda","Insecta","Orthoptera","Tettigoniidae","Family"
"602","ASV_44","Eukaryota","Arthropoda","Insecta","Orthoptera","Tettigoniidae","Family"
"603","ASV_468","Eukaryota","Arthropoda","Insecta","Orthoptera","Tettigoniidae","Family"
"604","ASV_53","Eukaryota","Arthropoda","Insecta","Orthoptera","Tettigoniidae","Family"
"605","ASV_54","Eukaryota","Arthropoda","Insecta","Orthoptera","Tettigoniidae","Family"
"606","ASV_55","Eukaryota","Arthropoda","Insecta","Orthoptera","Tettigoniidae","Family"
"607","ASV_551","Eukaryota","Arthropoda","Insecta","Orthoptera","Tettigoniidae","Family"
"608","ASV_797","Eukaryota","Arthropoda","Insecta","Orthoptera","Tettigoniidae","Family"
"609","ASV_826","Eukaryota","Arthropoda","Insecta","Orthoptera","Tettigoniidae","Family"
"610","ASV_838","Eukaryota","Arthropoda","Insecta","Orthoptera","Tettigoniidae","Family"
"611","ASV_868","Eukaryota","Arthropoda","Insecta","Orthoptera","Tettigoniidae","Family"
"612","ASV_906","Eukaryota","Arthropoda","Insecta","Orthoptera","Tettigoniidae","Family"
"613","ASV_92","Eukaryota","Arthropoda","Insecta","Orthoptera","Tettigoniidae","Family"
"614","ASV_981","Eukaryota","Arthropoda","Insecta","Orthoptera","Tettigoniidae","Family"
"615","ASV_1104","Eukaryota","Chordata","Mammalia","Rodentia","Muridae","Family"
"616","ASV_1195","Eukaryota","Chordata","Mammalia","Rodentia","Muridae","Family"
"617","ASV_318","Eukaryota","Chordata","Mammalia","Rodentia","Muridae","Family"
"618","ASV_346","Eukaryota","Chordata","Mammalia","Rodentia","Muridae","Family"
"619","ASV_417","Eukaryota","Chordata","Mammalia","Rodentia","Muridae","Family"
"620","ASV_48","Eukaryota","Chordata","Mammalia","Rodentia","Muridae","Family"
"621","ASV_609","Eukaryota","Chordata","Mammalia","Rodentia","Muridae","Family"
"622","ASV_643","Eukaryota","Chordata","Mammalia","Rodentia","Muridae","Family"
"623","ASV_690","Eukaryota","Chordata","Mammalia","Rodentia","Muridae","Family"
"624","ASV_725","Eukaryota","Chordata","Mammalia","Rodentia","Muridae","Family"
"625","ASV_730","Eukaryota","Chordata","Mammalia","Rodentia","Muridae","Family"
"626","ASV_789","Eukaryota","Chordata","Mammalia","Rodentia","Muridae","Family"
"627","ASV_817","Eukaryota","Chordata","Mammalia","Rodentia","Muridae","Family"
"628","ASV_818","Eukaryota","Chordata","Mammalia","Rodentia","Muridae","Family"
"629","ASV_851","Eukaryota","Chordata","Mammalia","Rodentia","Muridae","Family"
"630","ASV_893","Eukaryota","Chordata","Mammalia","Rodentia","Muridae","Family"
"631","ASV_98","Eukaryota","Chordata","Mammalia","Rodentia","Muridae","Family"
"632","ASV_985","Eukaryota","Chordata","Mammalia","Rodentia","Muridae","Family"
"633","ASV_989","Eukaryota","Chordata","Mammalia","Rodentia","Muridae","Family"
"634","ASV_1133","Eukaryota","Arthropoda","Arachnida","Sarcoptiformes","","Order"
"635","ASV_1363","Eukaryota","Arthropoda","Arachnida","Sarcoptiformes","","Order"
"636","ASV_1482","Eukaryota","Arthropoda","Arachnida","Sarcoptiformes","","Order"
"637","ASV_1510","Eukaryota","Arthropoda","Arachnida","Sarcoptiformes","","Order"
"638","ASV_1666","Eukaryota","Arthropoda","Arachnida","Sarcoptiformes","","Order"
"639","ASV_434","Eukaryota","Arthropoda","Arachnida","Sarcoptiformes","","Order"
"640","ASV_114","Eukaryota","Arthropoda","Insecta","Thysanoptera","","Order"
"641","ASV_1282","Eukaryota","Arthropoda","Insecta","Thysanoptera","","Order"
"642","ASV_437","Eukaryota","Arthropoda","Insecta","Thysanoptera","","Order"
"643","ASV_886","Eukaryota","Arthropoda","Arachnida","Trombidiformes","","Order"
