ASV,Domain,Phylum,Class,Order,Family,Genus,Species,ID_bold,Search.DB,Top..,Low..,X,X.1,Type
ASV_776,,Ochrophyta,Chrysophyceae,Chromulinales,Chromulinaceae,Pedospumella,,Pedospumella sp,COI FULL DATABASE (includes records without species designation),NA,NA,100,80.91,
ASV_83,,Arthropoda,Insecta,Lepidoptera,Agonoxenidae,Agonoxena,Agonoxena argaula,Agonoxena argaula,COI FULL DATABASE (includes records without species designation),100,89.32,NA,NA,
ASV_211,,Arthropoda,Insecta,Lepidoptera,Agonoxenidae,Agonoxena,Agonoxena argaula,Agonoxena argaula,COI FULL DATABASE (includes records without species designation),NA,NA,100,89.32,
ASV_448,,Arthropoda,Insecta,Lepidoptera,Agonoxenidae,Agonoxena,Agonoxena argaula,Agonoxena argaula,COI FULL DATABASE (includes records without species designation),NA,NA,99.68,89.64,
ASV_958,,Arthropoda,Insecta,Hemiptera,Aleyrodidae,Aleurodicus,Aleurodicus dispersus,Aleurodicus dispersus,COI FULL DATABASE (includes records without species designation),NA,NA,100,100,
ASV_1678,,Arthropoda,Insecta,Hemiptera,Aleyrodidae,Aleurodicus,Aleurodicus dispersus,Aleurodicus dispersus,COI FULL DATABASE (includes records without species designation),NA,NA,99.68,99.68,
ASV_49,,Arthropoda,Insecta,Dermaptera,Anisolabidinae,Anisolabis,Anisolabis maritima,Anisolabis maritima,COI FULL DATABASE (includes records without species designation),100,88.03,NA,NA,
ASV_6,,Arthropoda,Arachnida,Araneae,,,,Araneae,COI FULL DATABASE (includes records without species designation),100,85.44,NA,NA,
ASV_40,,Arthropoda,Arachnida,Araneae,,,,Araneae,COI FULL DATABASE (includes records without species designation),99.66,85.11,NA,NA,
ASV_56,,Arthropoda,Arachnida,Araneae,,,,Araneae,COI FULL DATABASE (includes records without species designation),98.06,90.42,NA,NA,
ASV_86,,Arthropoda,Arachnida,Araneae,,,,Araneae,COI FULL DATABASE (includes records without species designation),99.66,85.19,NA,NA,
ASV_93,,Arthropoda,Arachnida,Araneae,,,,Araneae,COI FULL DATABASE (includes records without species designation),98.99,85.44,NA,NA,
ASV_113,,Arthropoda,Arachnida,Araneae,,,,Araneae,COI FULL DATABASE (includes records without species designation),NA,NA,97.73,90.43,
ASV_117,,Arthropoda,Arachnida,Araneae,,,,Araneae,COI FULL DATABASE (includes records without species designation),NA,NA,98.71,90.57,
ASV_120,,Arthropoda,Arachnida,Araneae,,,,Araneae,COI FULL DATABASE (includes records without species designation),NA,NA,98.65,85.11,
ASV_122,,Arthropoda,Arachnida,Araneae,,,,Araneae,COI FULL DATABASE (includes records without species designation),NA,NA,99.66,85.52,
ASV_150,,Arthropoda,Arachnida,Araneae,,,,Araneae,COI FULL DATABASE (includes records without species designation),NA,NA,99.66,85.11,
ASV_225,,Arthropoda,Arachnida,Araneae,,,,Araneae,COI FULL DATABASE (includes records without species designation),NA,NA,99.33,85.39,
ASV_264,,Arthropoda,Arachnida,Araneae,,,,Araneae,COI FULL DATABASE (includes records without species designation),NA,NA,99.33,85.52,
ASV_367,,Arthropoda,Arachnida,Araneae,,,,Araneae,COI FULL DATABASE (includes records without species designation),99.33,84.85,NA,NA,
ASV_419,,Arthropoda,Arachnida,Araneae,,,,Araneae,COI FULL DATABASE (includes records without species designation),NA,NA,99.66,85.11,
ASV_423,,Arthropoda,Arachnida,Araneae,,,,Araneae,COI FULL DATABASE (includes records without species designation),NA,NA,98.88,82.03,
ASV_509,,Arthropoda,Arachnida,Araneae,,,,Araneae,COI FULL DATABASE (includes records without species designation),NA,NA,99.66,85.44,
ASV_525,,Arthropoda,Arachnida,Araneae,,,,Araneae,COI FULL DATABASE (includes records without species designation),NA,NA,99.66,85.11,
ASV_598,,Arthropoda,Arachnida,Araneae,,,,Araneae,COI FULL DATABASE (includes records without species designation),NA,NA,99.66,85.22,
ASV_619,,Arthropoda,Arachnida,Araneae,,,,Araneae,COI FULL DATABASE (includes records without species designation),NA,NA,99.33,84.79,
ASV_637,,Arthropoda,Arachnida,Araneae,,,,Araneae,COI FULL DATABASE (includes records without species designation),NA,NA,99.66,85.19,
ASV_649,,Arthropoda,Arachnida,Araneae,,,,Araneae,COI FULL DATABASE (includes records without species designation),NA,NA,99.66,85.11,
ASV_664,,Arthropoda,Arachnida,Araneae,,,,Araneae,COI FULL DATABASE (includes records without species designation),NA,NA,97.31,84.47,
ASV_674,,Arthropoda,Arachnida,Araneae,,,,Araneae,COI FULL DATABASE (includes records without species designation),NA,NA,97.31,85.11,
ASV_675,,Arthropoda,Arachnida,Araneae,,,,Araneae,COI FULL DATABASE (includes records without species designation),NA,NA,99.66,85.44,
ASV_743,,Arthropoda,Arachnida,Araneae,,,,Araneae,COI FULL DATABASE (includes records without species designation),NA,NA,99.31,85.33,
ASV_819,,Arthropoda,Arachnida,Araneae,,,,Araneae,COI FULL DATABASE (includes records without species designation),NA,NA,99.33,84.85,
ASV_879,,Arthropoda,Arachnida,Araneae,,,,Araneae,COI FULL DATABASE (includes records without species designation),NA,NA,97.64,84.47,
ASV_925,,Arthropoda,Arachnida,Araneae,,,,Araneae,COI FULL DATABASE (includes records without species designation),NA,NA,98.38,85,
ASV_1010,,Arthropoda,Arachnida,Araneae,,,,Araneae,COI FULL DATABASE (includes records without species designation),NA,NA,99.66,85.22,
ASV_1026,,Arthropoda,Arachnida,Araneae,,,,Araneae,COI FULL DATABASE (includes records without species designation),NA,NA,99.63,82.2,
ASV_1027,,Arthropoda,Arachnida,Araneae,,,,Araneae,COI FULL DATABASE (includes records without species designation),NA,NA,99.35,84.89,
ASV_1123,,Arthropoda,Arachnida,Araneae,,,,Araneae,COI FULL DATABASE (includes records without species designation),NA,NA,99.33,82.85,
ASV_1171,,Arthropoda,Arachnida,Araneae,,,,Araneae,COI FULL DATABASE (includes records without species designation),NA,NA,100,82.52,
ASV_1628,,Arthropoda,Arachnida,Araneae,,,,Araneae,COI FULL DATABASE (includes records without species designation),NA,NA,98.5,81.7,
ASV_123,,Arthropoda,Arachnida,,,,,Arachnida,COI FULL DATABASE (includes records without species designation),NA,NA,100,82.03,
ASV_1118,,,,,,,,Ascomycota Microbotryomycetes ,COI FULL DATABASE (includes records without species designation),NA,NA,100,84.18,non-diet
ASV_792,,,,,,,,Aspergillus niger,COI FULL DATABASE (includes records without species designation),NA,NA,100,90.4,non-diet
ASV_720,,Arthropoda,Arachnida,,,,,Basidiomycota Arachnida ,COI FULL DATABASE (includes records without species designation),NA,NA,100,75.73,unclear
ASV_1245,,Arthropoda,Arachnida,,,,,Basidiomycota Arachnida ,COI FULL DATABASE (includes records without species designation),NA,NA,100,75.26,unclear
ASV_1652,,Arthropoda,Arachnida,,,,,Basidiomycota Arachnida ,COI FULL DATABASE (includes records without species designation),NA,NA,97.08,76.95,unclear
ASV_145,,Arthropoda,Insecta,,,,,Basidiomycota Insecta ,COI FULL DATABASE (includes records without species designation),NA,NA,98.45,76.98,unclear
ASV_299,,Arthropoda,Insecta,,,,,Basidiomycota Insecta ,COI FULL DATABASE (includes records without species designation),NA,NA,100,77.12,unclear
ASV_884,,Arthropoda,Insecta,,,,,Basidiomycota Insecta ,COI FULL DATABASE (includes records without species designation),NA,NA,98.05,77.38,unclear
ASV_1180,,,,,,,,Beauveria bassiana,COI FULL DATABASE (includes records without species designation),NA,NA,100,86.73,non-diet
ASV_59,,Arthropoda,Insecta,Blattodea,,,,Blattodea,COI FULL DATABASE (includes records without species designation),100,84.77,NA,NA,
ASV_148,,Arthropoda,Insecta,Blattodea,,,,Blattodea,COI FULL DATABASE (includes records without species designation),NA,NA,100,84.57,
ASV_191,,Arthropoda,Insecta,Blattodea,,,,Blattodea,COI FULL DATABASE (includes records without species designation),NA,NA,100,84.57,
ASV_860,,Arthropoda,Insecta,Blattodea,,,,Blattodea,COI FULL DATABASE (includes records without species designation),NA,NA,99.68,84.36,
ASV_1207,,Arthropoda,Insecta,Blattodea,,,,Blattodea,COI FULL DATABASE (includes records without species designation),NA,NA,99.68,84.77,
ASV_245,,Arthropoda,Insecta,Diptera,Sciaridae,Bradysia,Bradysia ocellaris,Bradysia ocellaris,COI FULL DATABASE (includes records without species designation),NA,NA,100,94.61,
ASV_1438,,Arthropoda,Insecta,Hymenoptera,Formicidae,Cardiocondyla,Cardiocondyla minutior,Cardiocondyla minutior,COI FULL DATABASE (includes records without species designation),NA,NA,100,85.76,
ASV_425,,Arthropoda,Insecta,Diptera,Stratiomyidae,Cephalochrysa,Cephalochrysa maxima,Cephalochrysa maxima,COI FULL DATABASE (includes records without species designation),NA,NA,100,88.35,
ASV_872,,Arthropoda,Insecta,Coleoptera,Cerambycidae,Ceresium,Ceresium unicolor,Ceresium unicolor,COI FULL DATABASE (includes records without species designation),NA,NA,100,83.82,
ASV_1356,,Arthropoda,Insecta,Diptera,Phoridae,Chonocephalus,,Chonocephalus sp.,COI FULL DATABASE (includes records without species designation),NA,NA,99.68,81.02,
ASV_748,,Arthropoda,Insecta,Diptera,Dolichopodidae,Chrysotus,Chrysotus cockerellae,Chrysotus cockerellae,COI FULL DATABASE (includes records without species designation),NA,NA,100,91.36,
ASV_1631,,,,,,,,Cochliopodium sp.,COI FULL DATABASE (includes records without species designation),NA,NA,99.03,79.87,non-diet
ASV_306,,Arthropoda,Insecta,Coleoptera,,,,Coleoptera,COI FULL DATABASE (includes records without species designation),100,85.14,NA,NA,
ASV_455,,Arthropoda,Insecta,Coleoptera,,,,Coleoptera,COI FULL DATABASE (includes records without species designation),NA,NA,99.68,85.76,
ASV_566,,Arthropoda,Insecta,Coleoptera,,,,Coleoptera,COI FULL DATABASE (includes records without species designation),NA,NA,98.04,85.95,
ASV_888,,Arthropoda,Insecta,Coleoptera,,,,Coleoptera,COI FULL DATABASE (includes records without species designation),NA,NA,100,89.71,
ASV_1095,,Arthropoda,Insecta,Coleoptera,,,,Coleoptera,COI FULL DATABASE (includes records without species designation),NA,NA,100,90.61,
ASV_1439,,Arthropoda,Insecta,Coleoptera,,,,Coleoptera,COI FULL DATABASE (includes records without species designation),NA,NA,100,87.95,
ASV_1670,,Arthropoda,Insecta,Coleoptera,,,,Coleoptera,COI FULL DATABASE (includes records without species designation),NA,NA,99.68,84.79,
ASV_1519,,Arthropoda,Insecta,Orthoptera,Tettigoniidae,Conocephalus,Conocephalus saltator,Conocephalus saltator,COI FULL DATABASE (includes records without species designation),NA,NA,100,85.44,
ASV_39,,Arthropoda,Insecta,Coleoptera,Elateridae,Conoderus,Conoderus pallipes,Conoderus pallipes,COI FULL DATABASE (includes records without species designation),100,87.15,NA,NA,
ASV_442,,Arthropoda,Insecta,Coleoptera,Elateridae,Conoderus,Conoderus pallipes,Conoderus pallipes,COI FULL DATABASE (includes records without species designation),NA,NA,99.68,87.55,
ASV_458,,Arthropoda,Insecta,Coleoptera,Elateridae,Conoderus,Conoderus pallipes,Conoderus pallipes,COI FULL DATABASE (includes records without species designation),NA,NA,99.68,86.75,
ASV_1023,,Arthropoda,Insecta,Coleoptera,Elateridae,Conoderus,Conoderus pallipes,Conoderus pallipes,COI FULL DATABASE (includes records without species designation),NA,NA,100,87.15,
ASV_303,,Arthropoda,Insecta,Coleoptera,Hydrophilidae,Dactylosternum,Dactylosternum abdominale,Dactylosternum abdominale,COI FULL DATABASE (includes records without species designation),98.71,83.82,NA,NA,
ASV_696,,Arthropoda,Insecta,Diptera,Ceratopogonidae,Dasyhelea,Dasyhelea ludingensis,Dasyhelea ludingensis,COI FULL DATABASE (includes records without species designation),NA,NA,100,100,
ASV_4,,Arthropoda,Insecta,Dermaptera,,,,Dermaptera,COI FULL DATABASE (includes records without species designation),99.65,85.51,NA,NA,
ASV_18,,Arthropoda,Insecta,Dermaptera,,,,Dermaptera,COI FULL DATABASE (includes records without species designation),100,85.76,NA,NA,
ASV_32,,Arthropoda,Insecta,Dermaptera,,,,Dermaptera,COI FULL DATABASE (includes records without species designation),99.65,85.79,NA,NA,
ASV_50,,Arthropoda,Insecta,Dermaptera,,,,Dermaptera,COI FULL DATABASE (includes records without species designation),99.65,85.14,NA,NA,
ASV_51,,Arthropoda,Insecta,Dermaptera,,,,Dermaptera,COI FULL DATABASE (includes records without species designation),99.3,85.11,NA,NA,
ASV_57,,Arthropoda,Insecta,Dermaptera,,,,Dermaptera,COI FULL DATABASE (includes records without species designation),98.25,85.44,NA,NA,
ASV_67,,Arthropoda,Insecta,Dermaptera,,,,Dermaptera,COI FULL DATABASE (includes records without species designation),98.6,85.98,NA,NA,
ASV_68,,Arthropoda,Insecta,Dermaptera,,,,Dermaptera,COI FULL DATABASE (includes records without species designation),99.3,85.44,NA,NA,
ASV_97,,Arthropoda,Insecta,Dermaptera,,,,Dermaptera,COI FULL DATABASE (includes records without species designation),99.3,85.11,NA,NA,
ASV_108,,Arthropoda,Insecta,Dermaptera,,,,Dermaptera,COI FULL DATABASE (includes records without species designation),NA,NA,98.95,85.76,
ASV_116,,Arthropoda,Insecta,Dermaptera,,,,Dermaptera,COI FULL DATABASE (includes records without species designation),NA,NA,99.3,85.19,
ASV_126,,Arthropoda,Insecta,Dermaptera,,,,Dermaptera,COI FULL DATABASE (includes records without species designation),NA,NA,98.95,85.44,
ASV_138,,Arthropoda,Insecta,Dermaptera,,,,Dermaptera,COI FULL DATABASE (includes records without species designation),NA,NA,97.54,85.44,
ASV_140,,Arthropoda,Insecta,Dermaptera,,,,Dermaptera,COI FULL DATABASE (includes records without species designation),NA,NA,97.89,85.44,
ASV_162,,Arthropoda,Insecta,Dermaptera,,,,Dermaptera,COI FULL DATABASE (includes records without species designation),NA,NA,97.19,85.76,
ASV_165,,Arthropoda,Insecta,Dermaptera,,,,Dermaptera,COI FULL DATABASE (includes records without species designation),NA,NA,99.3,85.51,
ASV_170,,Arthropoda,Insecta,Dermaptera,,,,Dermaptera,COI FULL DATABASE (includes records without species designation),NA,NA,97.18,85.39,
ASV_175,,Arthropoda,Insecta,Dermaptera,,,,Dermaptera,COI FULL DATABASE (includes records without species designation),NA,NA,98.25,85.76,
ASV_188,,Arthropoda,Insecta,Dermaptera,,,,Dermaptera,COI FULL DATABASE (includes records without species designation),NA,NA,98.95,85.76,
ASV_195,,Arthropoda,Insecta,Dermaptera,,,,Dermaptera,COI FULL DATABASE (includes records without species designation),NA,NA,97.19,85.44,
ASV_197,,Arthropoda,Insecta,Dermaptera,,,,Dermaptera,COI FULL DATABASE (includes records without species designation),NA,NA,99.29,85.29,
ASV_204,,Arthropoda,Insecta,Dermaptera,,,,Dermaptera,COI FULL DATABASE (includes records without species designation),NA,NA,97.89,85.98,
ASV_205,,Arthropoda,Insecta,Dermaptera,,,,Dermaptera,COI FULL DATABASE (includes records without species designation),NA,NA,98.94,85.39,
ASV_208,,Arthropoda,Insecta,Dermaptera,,,,Dermaptera,COI FULL DATABASE (includes records without species designation),NA,NA,99.65,85.45,
ASV_235,,Arthropoda,Insecta,Dermaptera,,,,Dermaptera,COI FULL DATABASE (includes records without species designation),NA,NA,99.3,85.76,
ASV_238,,Arthropoda,Insecta,Dermaptera,,,,Dermaptera,COI FULL DATABASE (includes records without species designation),NA,NA,97.89,85.76,
ASV_246,,Arthropoda,Insecta,Dermaptera,,,,Dermaptera,COI FULL DATABASE (includes records without species designation),NA,NA,98.6,85.11,
ASV_252,,Arthropoda,Insecta,Dermaptera,,,,Dermaptera,COI FULL DATABASE (includes records without species designation),NA,NA,97.19,85.44,
ASV_260,,Arthropoda,Insecta,Dermaptera,,,,Dermaptera,COI FULL DATABASE (includes records without species designation),NA,NA,98.6,85.11,
ASV_276,,Arthropoda,Insecta,Dermaptera,,,,Dermaptera,COI FULL DATABASE (includes records without species designation),NA,NA,99.3,85.44,
ASV_277,,Arthropoda,Insecta,Dermaptera,,,,Dermaptera,COI FULL DATABASE (includes records without species designation),NA,NA,97.54,85.76,
ASV_282,,Arthropoda,Insecta,Dermaptera,,,,Dermaptera,COI FULL DATABASE (includes records without species designation),NA,NA,99.3,85.44,
ASV_288,,Arthropoda,Insecta,Dermaptera,,,,Dermaptera,COI FULL DATABASE (includes records without species designation),NA,NA,98.6,86.08,
ASV_289,,Arthropoda,Insecta,Dermaptera,,,,Dermaptera,COI FULL DATABASE (includes records without species designation),NA,NA,99.3,85.44,
ASV_290,,Arthropoda,Insecta,Dermaptera,,,,Dermaptera,COI FULL DATABASE (includes records without species designation),NA,NA,97.54,85.44,
ASV_305,,Arthropoda,Insecta,Dermaptera,,,,Dermaptera,COI FULL DATABASE (includes records without species designation),97.54,85.76,NA,NA,
ASV_315,,Arthropoda,Insecta,Dermaptera,,,,Dermaptera,COI FULL DATABASE (includes records without species designation),99.65,85.76,NA,NA,
ASV_317,,Arthropoda,Insecta,Dermaptera,,,,Dermaptera,COI FULL DATABASE (includes records without species designation),98.95,85.44,NA,NA,
ASV_320,,Arthropoda,Insecta,Dermaptera,,,,Dermaptera,COI FULL DATABASE (includes records without species designation),99.3,84.97,NA,NA,
ASV_338,,Arthropoda,Insecta,Dermaptera,,,,Dermaptera,COI FULL DATABASE (includes records without species designation),98.25,86.04,NA,NA,
ASV_343,,Arthropoda,Insecta,Dermaptera,,,,Dermaptera,COI FULL DATABASE (includes records without species designation),99.65,85.44,NA,NA,
ASV_355,,Arthropoda,Insecta,Dermaptera,,,,Dermaptera,COI FULL DATABASE (includes records without species designation),99.3,85.44,NA,NA,
ASV_368,,Arthropoda,Insecta,Dermaptera,,,,Dermaptera,COI FULL DATABASE (includes records without species designation),99.3,85.44,NA,NA,
ASV_369,,Arthropoda,Insecta,Dermaptera,,,,Dermaptera,COI FULL DATABASE (includes records without species designation),99.3,85.76,NA,NA,
ASV_380,,Arthropoda,Insecta,Dermaptera,,,,Dermaptera,COI FULL DATABASE (includes records without species designation),99.3,85.44,NA,NA,
ASV_384,,Arthropoda,Insecta,Dermaptera,,,,Dermaptera,COI FULL DATABASE (includes records without species designation),99.3,85.44,NA,NA,
ASV_390,,Arthropoda,Insecta,Dermaptera,,,,Dermaptera,COI FULL DATABASE (includes records without species designation),99.65,86.08,NA,NA,
ASV_391,,Arthropoda,Insecta,Dermaptera,,,,Dermaptera,COI FULL DATABASE (includes records without species designation),99.29,85.9,NA,NA,
ASV_406,,Arthropoda,Insecta,Dermaptera,,,,Dermaptera,COI FULL DATABASE (includes records without species designation),NA,NA,99.3,85.44,
ASV_433,,Arthropoda,Insecta,Dermaptera,,,,Dermaptera,COI FULL DATABASE (includes records without species designation),NA,NA,99.65,85.51,
ASV_453,,Arthropoda,Insecta,Dermaptera,,,,Dermaptera,COI FULL DATABASE (includes records without species designation),NA,NA,99.3,85.11,
ASV_466,,Arthropoda,Insecta,Dermaptera,,,,Dermaptera,COI FULL DATABASE (includes records without species designation),NA,NA,99.3,85.44,
ASV_474,,Arthropoda,Insecta,Dermaptera,,,,Dermaptera,COI FULL DATABASE (includes records without species designation),NA,NA,99.3,85.44,
ASV_513,,Arthropoda,Insecta,Dermaptera,,,,Dermaptera,COI FULL DATABASE (includes records without species designation),NA,NA,97.89,85.76,
ASV_527,,Arthropoda,Insecta,Dermaptera,,,,Dermaptera,COI FULL DATABASE (includes records without species designation),NA,NA,99.3,85.11,
ASV_550,,Arthropoda,Insecta,Dermaptera,,,,Dermaptera,COI FULL DATABASE (includes records without species designation),NA,NA,97.89,86.08,
ASV_581,,Arthropoda,Insecta,Dermaptera,,,,Dermaptera,COI FULL DATABASE (includes records without species designation),NA,NA,98.58,85.29,
ASV_583,,Arthropoda,Insecta,Dermaptera,,,,Dermaptera,COI FULL DATABASE (includes records without species designation),NA,NA,99.3,85.44,
ASV_588,,Arthropoda,Insecta,Dermaptera,,,,Dermaptera,COI FULL DATABASE (includes records without species designation),NA,NA,98.95,85.11,
ASV_599,,Arthropoda,Insecta,Dermaptera,,,,Dermaptera,COI FULL DATABASE (includes records without species designation),NA,NA,98.94,85.95,
ASV_606,,Arthropoda,Insecta,Dermaptera,,,,Dermaptera,COI FULL DATABASE (includes records without species designation),NA,NA,99.3,85.11,
ASV_608,,Arthropoda,Insecta,Dermaptera,,,,Dermaptera,COI FULL DATABASE (includes records without species designation),NA,NA,98.93,85.57,
ASV_627,,Arthropoda,Insecta,Dermaptera,,,,Dermaptera,COI FULL DATABASE (includes records without species designation),NA,NA,99.3,85.11,
ASV_634,,Arthropoda,Insecta,Dermaptera,,,,Dermaptera,COI FULL DATABASE (includes records without species designation),NA,NA,99.3,85.11,
ASV_693,,Arthropoda,Insecta,Dermaptera,,,,Dermaptera,COI FULL DATABASE (includes records without species designation),NA,NA,97.89,85.76,
ASV_704,,Arthropoda,Insecta,Dermaptera,,,,Dermaptera,COI FULL DATABASE (includes records without species designation),NA,NA,97.19,87.06,
ASV_768,,Arthropoda,Insecta,Dermaptera,,,,Dermaptera,COI FULL DATABASE (includes records without species designation),NA,NA,97.18,85.06,
ASV_950,,Arthropoda,Insecta,Dermaptera,,,,Dermaptera,COI FULL DATABASE (includes records without species designation),NA,NA,97.54,86.08,
ASV_972,,Arthropoda,Insecta,Dermaptera,,,,Dermaptera,COI FULL DATABASE (includes records without species designation),NA,NA,97.54,85.44,
ASV_1001,,Arthropoda,Insecta,Dermaptera,,,,Dermaptera,COI FULL DATABASE (includes records without species designation),NA,NA,99.65,84.51,
ASV_1410,,Arthropoda,Insecta,Dermaptera,,,,Dermaptera,COI FULL DATABASE (includes records without species designation),NA,NA,99.3,85.11,
ASV_1527,,Arthropoda,Insecta,Dermaptera,,,,Dermaptera,COI FULL DATABASE (includes records without species designation),NA,NA,99.3,85.11,
ASV_1622,,Arthropoda,Insecta,Dermaptera,,,,Dermaptera,COI FULL DATABASE (includes records without species designation),NA,NA,97.76,85.89,
ASV_1423,,Arthropoda,Arachnida,Sarcoptiformes,Pyroglyphidae,Dermatophagoides,Dermatophagoides pteronyssinus,Dermatophagoides pteronyssinus,COI FULL DATABASE (includes records without species designation),NA,NA,99.35,86.27,
ASV_997,,Arthropoda,Arachnida,Sarcoptiformes,Pyroglyphidae,Dermatophagoides,,Dermatophagoides sp. WH_1,COI FULL DATABASE (includes records without species designation),NA,NA,100,87.5,
ASV_1636,,Arthropoda,Arachnida,Sarcoptiformes,Pyroglyphidae,Dermatophagoides,,Dermatophagoides sp. WH_1,COI FULL DATABASE (includes records without species designation),NA,NA,100,87.5,
ASV_181,,Arthropoda,Insecta,Blatt,Blaberidae,Diploptera,Diploptera punctata,Diploptera punctata,COI FULL DATABASE (includes records without species designation),NA,NA,100,82.52,
ASV_179,,Arthropoda,Insecta,Diptera,,,,Diptera,COI FULL DATABASE (includes records without species designation),NA,NA,100,83.41,
ASV_257,,Arthropoda,Insecta,Diptera,,,,Diptera,COI FULL DATABASE (includes records without species designation),NA,NA,100,99.68,
ASV_298,,Arthropoda,Insecta,Diptera,,,,Diptera,COI FULL DATABASE (includes records without species designation),NA,NA,97.41,93.33,
ASV_400,,Arthropoda,Insecta,Diptera,,,,Diptera,COI FULL DATABASE (includes records without species designation),100,90.3,NA,NA,
ASV_450,,Arthropoda,Insecta,Diptera,,,,Diptera,COI FULL DATABASE (includes records without species designation),NA,NA,99.17,83.72,
ASV_516,,Arthropoda,Insecta,Diptera,,,,Diptera,COI FULL DATABASE (includes records without species designation),NA,NA,100,98.08,
ASV_658,,Arthropoda,Insecta,Diptera,,,,Diptera,COI FULL DATABASE (includes records without species designation),NA,NA,98.04,85.29,
ASV_687,,Arthropoda,Insecta,Diptera,,,,Diptera,COI FULL DATABASE (includes records without species designation),NA,NA,100,80.58,
ASV_739,,Arthropoda,Insecta,Diptera,,,,Diptera,COI FULL DATABASE (includes records without species designation),NA,NA,99.67,99.67,
ASV_753,,Arthropoda,Insecta,Diptera,,,,Diptera,COI FULL DATABASE (includes records without species designation),NA,NA,100,97.76,
ASV_902,,Arthropoda,Insecta,Diptera,,,,Diptera,COI FULL DATABASE (includes records without species designation),NA,NA,100,92.88,
ASV_1096,,Arthropoda,Insecta,Diptera,,,,Diptera,COI FULL DATABASE (includes records without species designation),NA,NA,99.68,89.97,
ASV_1184,,Arthropoda,Insecta,Diptera,,,,Diptera,COI FULL DATABASE (includes records without species designation),NA,NA,98.02,83.66,
ASV_1204,,Arthropoda,Insecta,Diptera,,,,Diptera,COI FULL DATABASE (includes records without species designation),NA,NA,100,96.8,
ASV_1345,,Arthropoda,Insecta,Diptera,,,,Diptera,COI FULL DATABASE (includes records without species designation),NA,NA,100,90.56,
ASV_1346,,Arthropoda,Insecta,Diptera,,,,Diptera,COI FULL DATABASE (includes records without species designation),NA,NA,100,100,
ASV_1357,,Arthropoda,Insecta,Diptera,,,,Diptera,COI FULL DATABASE (includes records without species designation),NA,NA,100,86.08,
ASV_1360,,Arthropoda,Insecta,Diptera,,,,Diptera,COI FULL DATABASE (includes records without species designation),NA,NA,99.68,99.68,
ASV_1442,,Arthropoda,Insecta,Diptera,,,,Diptera,COI FULL DATABASE (includes records without species designation),NA,NA,100,85.65,
ASV_1563,,Arthropoda,Insecta,Diptera,,,,Diptera,COI FULL DATABASE (includes records without species designation),NA,NA,98.7,84.3,
ASV_1672,,Arthropoda,Insecta,Diptera,,,,Diptera,COI FULL DATABASE (includes records without species designation),NA,NA,99.68,85.9,
ASV_663,,Arthropoda,Insecta,Psocoptera,Lepidopsocidae,Echmepteryx,Echmepteryx madagascariensis,Echmepteryx madagascariensis,COI FULL DATABASE (includes records without species designation),NA,NA,100,85.88,
ASV_701,,Arthropoda,Insecta,Psocoptera,Ectopsocidae,Ectopsocus,Ectopsocus fullawayi,Ectopsocus fullawayi,COI FULL DATABASE (includes records without species designation),NA,NA,99.03,84.27,
ASV_1084,,Arthropoda,Insecta,Psocoptera,Ectopsocidae,Ectopsocus,Ectopsocus hawaiiensis,Ectopsocus hawaiiensis,COI FULL DATABASE (includes records without species designation),NA,NA,100,84.47,
ASV_469,,Arthropoda,Insecta,Psocoptera,Ectopsocidae,Ectopsocus,,Ectopsocus sp.,COI FULL DATABASE (includes records without species designation),NA,NA,100,84.95,
ASV_96,,Arthropoda,Entognatha,Entomobryomorpha,,,,Entomobryomorpha,COI FULL DATABASE (includes records without species designation),99.02,94.12,NA,NA,
ASV_100,,Arthropoda,Entognatha,Entomobryomorpha,,,,Entomobryomorpha,COI FULL DATABASE (includes records without species designation),99.01,81.89,NA,NA,
ASV_676,,Arthropoda,Entognatha,Entomobryomorpha,,,,Entomobryomorpha,COI FULL DATABASE (includes records without species designation),NA,NA,98.75,93.79,
ASV_1609,,Arthropoda,Entognatha,Entomobryomorpha,,,,Entomobryomorpha,COI FULL DATABASE (includes records without species designation),NA,NA,98.69,93.79,
ASV_371,,Arthropoda,Insecta,Lepidoptera,Tineidae,Erechthias,Erechthias simulans,Erechthias simulans,COI FULL DATABASE (includes records without species designation),100,89.64,NA,NA,
ASV_933,,,,,,,,Fusarium proliferatum,COI FULL DATABASE (includes records without species designation),NA,NA,100,85.67,non-diet
ASV_1082,,,,,,,,Fusarium redolens,COI FULL DATABASE (includes records without species designation),NA,NA,99.03,87.06,non-diet
ASV_1525,,,,,,,,Fusarium redolens,COI FULL DATABASE (includes records without species designation),NA,NA,98.71,86.73,non-diet
ASV_1007,,Arthropoda,Insecta,Diptera,Chloropidae,Gaurax,Gaurax bicoloripes,Gaurax bicoloripes,COI FULL DATABASE (includes records without species designation),NA,NA,100,93.85,
ASV_94,,Arthropoda,Arachnida,Araneae,Salticidae,Hasarius,Hasarius adansoni,Hasarius adansoni,COI FULL DATABASE (includes records without species designation),100,89.64,NA,NA,
ASV_1338,,Arthropoda,Arachnida,Araneae,Salticidae,Hasarius,Hasarius adansoni,Hasarius adansoni,COI FULL DATABASE (includes records without species designation),NA,NA,100,89.54,
ASV_219,,Arthropoda,Insecta,Hemiptera,,,,Hemiptera,COI FULL DATABASE (includes records without species designation),NA,NA,98.6,85.37,
ASV_1,,Arthropoda,Arachnida,Araneae,Sparassidae,Heteropoda,Heteropoda venatoria,Heteropoda venatoria,COI FULL DATABASE (includes records without species designation),100,90.95,NA,NA,
ASV_25,,Arthropoda,Arachnida,Araneae,Sparassidae,Heteropoda,Heteropoda venatoria,Heteropoda venatoria,COI FULL DATABASE (includes records without species designation),99.68,90.53,NA,NA,
ASV_41,,Arthropoda,Arachnida,Araneae,Sparassidae,Heteropoda,Heteropoda venatoria,Heteropoda venatoria,COI FULL DATABASE (includes records without species designation),97.75,90.91,NA,NA,
ASV_43,,Arthropoda,Arachnida,Araneae,Sparassidae,Heteropoda,Heteropoda venatoria,Heteropoda venatoria,COI FULL DATABASE (includes records without species designation),99.68,90.55,NA,NA,
ASV_60,,Arthropoda,Arachnida,Araneae,Sparassidae,Heteropoda,Heteropoda venatoria,Heteropoda venatoria,COI FULL DATABASE (includes records without species designation),100,90.58,NA,NA,
ASV_71,,Arthropoda,Arachnida,Araneae,Sparassidae,Heteropoda,Heteropoda venatoria,Heteropoda venatoria,COI FULL DATABASE (includes records without species designation),99.68,90.53,NA,NA,
ASV_72,,Arthropoda,Arachnida,Araneae,Sparassidae,Heteropoda,Heteropoda venatoria,Heteropoda venatoria,COI FULL DATABASE (includes records without species designation),99.35,90.61,NA,NA,
ASV_75,,Arthropoda,Arachnida,Araneae,Sparassidae,Heteropoda,Heteropoda venatoria,Heteropoda venatoria,COI FULL DATABASE (includes records without species designation),99.68,90.76,NA,NA,
ASV_85,,Arthropoda,Arachnida,Araneae,Sparassidae,Heteropoda,Heteropoda venatoria,Heteropoda venatoria,COI FULL DATABASE (includes records without species designation),100,90.95,NA,NA,
ASV_132,,Arthropoda,Arachnida,Araneae,Sparassidae,Heteropoda,Heteropoda venatoria,Heteropoda venatoria,COI FULL DATABASE (includes records without species designation),NA,NA,100,90.94,
ASV_149,,Arthropoda,Arachnida,Araneae,Sparassidae,Heteropoda,Heteropoda venatoria,Heteropoda venatoria,COI FULL DATABASE (includes records without species designation),NA,NA,97.73,89.64,
ASV_155,,Arthropoda,Arachnida,Araneae,Sparassidae,Heteropoda,Heteropoda venatoria,Heteropoda venatoria,COI FULL DATABASE (includes records without species designation),NA,NA,99.68,90.53,
ASV_156,,Arthropoda,Arachnida,Araneae,Sparassidae,Heteropoda,Heteropoda venatoria,Heteropoda venatoria,COI FULL DATABASE (includes records without species designation),NA,NA,99.68,91.19,
ASV_190,,Arthropoda,Arachnida,Araneae,Sparassidae,Heteropoda,Heteropoda venatoria,Heteropoda venatoria,COI FULL DATABASE (includes records without species designation),NA,NA,99.68,90.53,
ASV_202,,Arthropoda,Arachnida,Araneae,Sparassidae,Heteropoda,Heteropoda venatoria,Heteropoda venatoria,COI FULL DATABASE (includes records without species designation),NA,NA,98.77,90.8,
ASV_217,,Arthropoda,Arachnida,Araneae,Sparassidae,Heteropoda,Heteropoda venatoria,Heteropoda venatoria,COI FULL DATABASE (includes records without species designation),NA,NA,99.68,90.53,
ASV_240,,Arthropoda,Arachnida,Araneae,Sparassidae,Heteropoda,Heteropoda venatoria,Heteropoda venatoria,COI FULL DATABASE (includes records without species designation),NA,NA,100,90.95,
ASV_259,,Arthropoda,Arachnida,Araneae,Sparassidae,Heteropoda,Heteropoda venatoria,Heteropoda venatoria,COI FULL DATABASE (includes records without species designation),NA,NA,100,90.83,
ASV_284,,Arthropoda,Arachnida,Araneae,Sparassidae,Heteropoda,Heteropoda venatoria,Heteropoda venatoria,COI FULL DATABASE (includes records without species designation),NA,NA,99.38,90.2,
ASV_297,,Arthropoda,Arachnida,Araneae,Sparassidae,Heteropoda,Heteropoda venatoria,Heteropoda venatoria,COI FULL DATABASE (includes records without species designation),NA,NA,100,90.59,
ASV_334,,Arthropoda,Arachnida,Araneae,Sparassidae,Heteropoda,Heteropoda venatoria,Heteropoda venatoria,COI FULL DATABASE (includes records without species designation),100,90.69,NA,NA,
ASV_359,,Arthropoda,Arachnida,Araneae,Sparassidae,Heteropoda,Heteropoda venatoria,Heteropoda venatoria,COI FULL DATABASE (includes records without species designation),100,90.94,NA,NA,
ASV_403,,Arthropoda,Arachnida,Araneae,Sparassidae,Heteropoda,Heteropoda venatoria,Heteropoda venatoria,COI FULL DATABASE (includes records without species designation),NA,NA,99.35,90.12,
ASV_411,,Arthropoda,Arachnida,Araneae,Sparassidae,Heteropoda,Heteropoda venatoria,Heteropoda venatoria,COI FULL DATABASE (includes records without species designation),NA,NA,99.68,90.58,
ASV_452,,Arthropoda,Arachnida,Araneae,Sparassidae,Heteropoda,Heteropoda venatoria,Heteropoda venatoria,COI FULL DATABASE (includes records without species designation),NA,NA,100,89.96,
ASV_463,,Arthropoda,Arachnida,Araneae,Sparassidae,Heteropoda,Heteropoda venatoria,Heteropoda venatoria,COI FULL DATABASE (includes records without species designation),NA,NA,100,90.94,
ASV_475,,Arthropoda,Arachnida,Araneae,Sparassidae,Heteropoda,Heteropoda venatoria,Heteropoda venatoria,COI FULL DATABASE (includes records without species designation),NA,NA,99.35,90.12,
ASV_480,,Arthropoda,Arachnida,Araneae,Sparassidae,Heteropoda,Heteropoda venatoria,Heteropoda venatoria,COI FULL DATABASE (includes records without species designation),NA,NA,99.68,90.53,
ASV_481,,Arthropoda,Arachnida,Araneae,Sparassidae,Heteropoda,Heteropoda venatoria,Heteropoda venatoria,COI FULL DATABASE (includes records without species designation),NA,NA,99.38,90.12,
ASV_512,,Arthropoda,Arachnida,Araneae,Sparassidae,Heteropoda,Heteropoda venatoria,Heteropoda venatoria,COI FULL DATABASE (includes records without species designation),NA,NA,99.03,90.29,
ASV_523,,Arthropoda,Arachnida,Araneae,Sparassidae,Heteropoda,Heteropoda venatoria,Heteropoda venatoria,COI FULL DATABASE (includes records without species designation),NA,NA,100,90.95,
ASV_541,,Arthropoda,Arachnida,Araneae,Sparassidae,Heteropoda,Heteropoda venatoria,Heteropoda venatoria,COI FULL DATABASE (includes records without species designation),NA,NA,100,90.95,
ASV_573,,Arthropoda,Arachnida,Araneae,Sparassidae,Heteropoda,Heteropoda venatoria,Heteropoda venatoria,COI FULL DATABASE (includes records without species designation),NA,NA,100,90.95,
ASV_579,,Arthropoda,Arachnida,Araneae,Sparassidae,Heteropoda,Heteropoda venatoria,Heteropoda venatoria,COI FULL DATABASE (includes records without species designation),NA,NA,99.68,90.53,
ASV_587,,Arthropoda,Arachnida,Araneae,Sparassidae,Heteropoda,Heteropoda venatoria,Heteropoda venatoria,COI FULL DATABASE (includes records without species designation),NA,NA,98.06,90,
ASV_724,,Arthropoda,Arachnida,Araneae,Sparassidae,Heteropoda,Heteropoda venatoria,Heteropoda venatoria,COI FULL DATABASE (includes records without species designation),NA,NA,99.68,90.53,
ASV_736,,Arthropoda,Arachnida,Araneae,Sparassidae,Heteropoda,Heteropoda venatoria,Heteropoda venatoria,COI FULL DATABASE (includes records without species designation),NA,NA,99.67,90.48,
ASV_767,,Arthropoda,Arachnida,Araneae,Sparassidae,Heteropoda,Heteropoda venatoria,Heteropoda venatoria,COI FULL DATABASE (includes records without species designation),NA,NA,97.53,90.22,
ASV_777,,Arthropoda,Arachnida,Araneae,Sparassidae,Heteropoda,Heteropoda venatoria,Heteropoda venatoria,COI FULL DATABASE (includes records without species designation),NA,NA,99.67,91.15,
ASV_788,,Arthropoda,Arachnida,Araneae,Sparassidae,Heteropoda,Heteropoda venatoria,Heteropoda venatoria,COI FULL DATABASE (includes records without species designation),NA,NA,100,90.95,
ASV_809,,Arthropoda,Arachnida,Araneae,Sparassidae,Heteropoda,Heteropoda venatoria,Heteropoda venatoria,COI FULL DATABASE (includes records without species designation),NA,NA,99.35,90.12,
ASV_822,,Arthropoda,Arachnida,Araneae,Sparassidae,Heteropoda,Heteropoda venatoria,Heteropoda venatoria,COI FULL DATABASE (includes records without species designation),NA,NA,100,90.29,
ASV_844,,Arthropoda,Arachnida,Araneae,Sparassidae,Heteropoda,Heteropoda venatoria,Heteropoda venatoria,COI FULL DATABASE (includes records without species designation),NA,NA,100,90.59,
ASV_1035,,Arthropoda,Arachnida,Araneae,Sparassidae,Heteropoda,Heteropoda venatoria,Heteropoda venatoria,COI FULL DATABASE (includes records without species designation),NA,NA,100,90.94,
ASV_1083,,Arthropoda,Arachnida,Araneae,Sparassidae,Heteropoda,Heteropoda venatoria,Heteropoda venatoria,COI FULL DATABASE (includes records without species designation),NA,NA,100,90.76,
ASV_1086,,Arthropoda,Arachnida,Araneae,Sparassidae,Heteropoda,Heteropoda venatoria,Heteropoda venatoria,COI FULL DATABASE (includes records without species designation),NA,NA,100,90.5,
ASV_1194,,Arthropoda,Arachnida,Araneae,Sparassidae,Heteropoda,Heteropoda venatoria,Heteropoda venatoria,COI FULL DATABASE (includes records without species designation),NA,NA,100,90.95,
ASV_1202,,Arthropoda,Arachnida,Araneae,Sparassidae,Heteropoda,Heteropoda venatoria,Heteropoda venatoria,COI FULL DATABASE (includes records without species designation),NA,NA,100,91.19,
ASV_1237,,Arthropoda,Arachnida,Araneae,Sparassidae,Heteropoda,Heteropoda venatoria,Heteropoda venatoria,COI FULL DATABASE (includes records without species designation),NA,NA,100,90.95,
ASV_1297,,Arthropoda,Arachnida,Araneae,Sparassidae,Heteropoda,Heteropoda venatoria,Heteropoda venatoria,COI FULL DATABASE (includes records without species designation),NA,NA,99.38,90.2,
ASV_1326,,Arthropoda,Arachnida,Araneae,Sparassidae,Heteropoda,Heteropoda venatoria,Heteropoda venatoria,COI FULL DATABASE (includes records without species designation),NA,NA,100,90.95,
ASV_1331,,Arthropoda,Arachnida,Araneae,Sparassidae,Heteropoda,Heteropoda venatoria,Heteropoda venatoria,COI FULL DATABASE (includes records without species designation),NA,NA,100,90.95,
ASV_1418,,Arthropoda,Arachnida,Araneae,Sparassidae,Heteropoda,Heteropoda venatoria,Heteropoda venatoria,COI FULL DATABASE (includes records without species designation),NA,NA,100,90.72,
ASV_1524,,Arthropoda,Arachnida,Araneae,Sparassidae,Heteropoda,Heteropoda venatoria,Heteropoda venatoria,COI FULL DATABASE (includes records without species designation),NA,NA,100,90.59,
ASV_1526,,Arthropoda,Arachnida,Araneae,Sparassidae,Heteropoda,Heteropoda venatoria,Heteropoda venatoria,COI FULL DATABASE (includes records without species designation),NA,NA,100,89.95,
ASV_1529,,Arthropoda,Arachnida,Araneae,Sparassidae,Heteropoda,Heteropoda venatoria,Heteropoda venatoria,COI FULL DATABASE (includes records without species designation),NA,NA,100,91.09,
ASV_1581,,Arthropoda,Arachnida,Araneae,Sparassidae,Heteropoda,Heteropoda venatoria,Heteropoda venatoria,COI FULL DATABASE (includes records without species designation),NA,NA,100,90.95,
ASV_1633,,Arthropoda,Arachnida,Araneae,Sparassidae,Heteropoda,Heteropoda venatoria,Heteropoda venatoria,COI FULL DATABASE (includes records without species designation),NA,NA,99.4,90.37,
ASV_1638,,Arthropoda,Arachnida,Araneae,Sparassidae,Heteropoda,Heteropoda venatoria,Heteropoda venatoria,COI FULL DATABASE (includes records without species designation),NA,NA,99.11,90.24,
ASV_1642,,Arthropoda,Arachnida,Araneae,Sparassidae,Heteropoda,Heteropoda venatoria,Heteropoda venatoria,COI FULL DATABASE (includes records without species designation),NA,NA,98.51,89.84,
ASV_1648,,Arthropoda,Arachnida,Araneae,Sparassidae,Heteropoda,Heteropoda venatoria,Heteropoda venatoria,COI FULL DATABASE (includes records without species designation),NA,NA,100,90.61,
ASV_903,,Arthropoda,Insecta,Hymenoptera,,,,Hymenoptera,COI FULL DATABASE (includes records without species designation),NA,NA,100,96.44,
ASV_1078,,Arthropoda,Insecta,Hymenoptera,,,,Hymenoptera,COI FULL DATABASE (includes records without species designation),NA,NA,100,90.94,
ASV_1294,,Arthropoda,Insecta,Hymenoptera,,,,Hymenoptera,COI FULL DATABASE (includes records without species designation),NA,NA,100,91.01,
ASV_1490,,Arthropoda,Insecta,Hymenoptera,,,,Hymenoptera,COI FULL DATABASE (includes records without species designation),NA,NA,100,99.68,
ASV_1582,,Arthropoda,Insecta,Hymenoptera,,,,Hymenoptera,COI FULL DATABASE (includes records without species designation),NA,NA,100,91.34,
ASV_507,,Arthropoda,Malacostraca,Isopoda,,,,Isopoda,COI FULL DATABASE (includes records without species designation),NA,NA,100,80.07,
ASV_1497,,Arthropoda,Entognatha,,Isotomidae,,,IsotomidaeGEN sp. DPCOL102537,COI FULL DATABASE (includes records without species designation),NA,NA,98.75,81.85,
ASV_441,,Arthropoda,Insecta,Diptera,Lonchaeidae,Lamprolonchaea,Lamprolonchaea metatarsata,Lamprolonchaea metatarsata,COI FULL DATABASE (includes records without species designation),NA,NA,100,95.1,
ASV_271,,Chordata,Reptilia,Squamata,Gekkonidae,Lepidodactylus,Lepidodactylus lugubris,Lepidodactylus lugubris,COI FULL DATABASE (includes records without species designation),NA,NA,100,81.25,
ASV_164,,Arthropoda,Insecta,Psocoptera,Lepidopsocidae,Lepidopsocus,Lepidopsocus marmoratus,Lepidopsocus marmoratus,COI FULL DATABASE (includes records without species designation),NA,NA,100,87.18,
ASV_319,,Arthropoda,Insecta,Lepidoptera,,,,Lepidoptera,COI FULL DATABASE (includes records without species designation),100,92.56,NA,NA,
ASV_370,,Arthropoda,Insecta,Lepidoptera,,,,Lepidoptera,COI FULL DATABASE (includes records without species designation),99.68,89.64,NA,NA,
ASV_543,,Arthropoda,Insecta,Lepidoptera,,,,Lepidoptera,COI FULL DATABASE (includes records without species designation),NA,NA,100,89.97,
ASV_1124,,Arthropoda,Insecta,Lepidoptera,,,,Lepidoptera,COI FULL DATABASE (includes records without species designation),NA,NA,99.35,89.97,
ASV_781,,Arthropoda,Insecta,Hymenoptera,Formicidae,Linepithema,Linepithema humile,Linepithema humile,COI FULL DATABASE (includes records without species designation),NA,NA,100,100,
ASV_1056,,Arthropoda,Insecta,Hymenoptera,Formicidae,Linepithema,Linepithema humile,Linepithema humile,COI FULL DATABASE (includes records without species designation),NA,NA,100,100,
ASV_882,,Arthropoda,Insecta,Psocoptera,Liposcelididae,Liposcelis,Liposcelis bostrychophila,Liposcelis bostrychophila,COI FULL DATABASE (includes records without species designation),NA,NA,100,79.61,
ASV_1387,,Arthropoda,Insecta,Psocoptera,Liposcelididae,Liposcelis,Liposcelis decolor,Liposcelis decolor,COI FULL DATABASE (includes records without species designation),NA,NA,97.4,75,
ASV_488,,Arthropoda,Insecta,Diptera,Agromyzidae,Liriomyza,Liriomyza sativae,Liriomyza sativae,COI FULL DATABASE (includes records without species designation),NA,NA,100,100,
ASV_1538,,,,,,,,Microstromatales,COI FULL DATABASE (includes records without species designation),NA,NA,99.68,77.12,non-diet
ASV_48,,Chordata,Mammalia,Rodentia,Muridae,Mus,Mus musculus,Mus musculus,COI FULL DATABASE (includes records without species designation),100,99.35,NA,NA,
ASV_98,,Chordata,Mammalia,Rodentia,Muridae,Mus,Mus musculus,Mus musculus,COI FULL DATABASE (includes records without species designation),99.64,99.03,NA,NA,
ASV_318,,Chordata,Mammalia,Rodentia,Muridae,Mus,Mus musculus,Mus musculus,COI FULL DATABASE (includes records without species designation),99.64,99.03,NA,NA,
ASV_346,,Chordata,Mammalia,Rodentia,Muridae,Mus,Mus musculus,Mus musculus,COI FULL DATABASE (includes records without species designation),100,99.03,NA,NA,
ASV_417,,Chordata,Mammalia,Rodentia,Muridae,Mus,Mus musculus,Mus musculus,COI FULL DATABASE (includes records without species designation),NA,NA,99.64,99.03,
ASV_609,,Chordata,Mammalia,Rodentia,Muridae,Mus,Mus musculus,Mus musculus,COI FULL DATABASE (includes records without species designation),NA,NA,99.64,99.03,
ASV_643,,Chordata,Mammalia,Rodentia,Muridae,Mus,Mus musculus,Mus musculus,COI FULL DATABASE (includes records without species designation),NA,NA,99.64,99.03,
ASV_690,,Chordata,Mammalia,Rodentia,Muridae,Mus,Mus musculus,Mus musculus,COI FULL DATABASE (includes records without species designation),NA,NA,99.64,99.03,
ASV_725,,Chordata,Mammalia,Rodentia,Muridae,Mus,Mus musculus,Mus musculus,COI FULL DATABASE (includes records without species designation),NA,NA,99.64,99.03,
ASV_730,,Chordata,Mammalia,Rodentia,Muridae,Mus,Mus musculus,Mus musculus,COI FULL DATABASE (includes records without species designation),NA,NA,99.64,99.03,
ASV_789,,Chordata,Mammalia,Rodentia,Muridae,Mus,Mus musculus,Mus musculus,COI FULL DATABASE (includes records without species designation),NA,NA,99.64,99.03,
ASV_817,,Chordata,Mammalia,Rodentia,Muridae,Mus,Mus musculus,Mus musculus,COI FULL DATABASE (includes records without species designation),NA,NA,99.64,99.02,
ASV_818,,Chordata,Mammalia,Rodentia,Muridae,Mus,Mus musculus,Mus musculus,COI FULL DATABASE (includes records without species designation),NA,NA,100,99.34,
ASV_851,,Chordata,Mammalia,Rodentia,Muridae,Mus,Mus musculus,Mus musculus,COI FULL DATABASE (includes records without species designation),NA,NA,99.64,99.03,
ASV_893,,Chordata,Mammalia,Rodentia,Muridae,Mus,Mus musculus,Mus musculus,COI FULL DATABASE (includes records without species designation),NA,NA,99.28,98.71,
ASV_985,,Chordata,Mammalia,Rodentia,Muridae,Mus,Mus musculus,Mus musculus,COI FULL DATABASE (includes records without species designation),NA,NA,99.64,99.03,
ASV_989,,Chordata,Mammalia,Rodentia,Muridae,Mus,Mus musculus,Mus musculus,COI FULL DATABASE (includes records without species designation),NA,NA,99.28,98.71,
ASV_1104,,Chordata,Mammalia,Rodentia,Muridae,Mus,Mus musculus,Mus musculus,COI FULL DATABASE (includes records without species designation),NA,NA,99.64,99.03,
ASV_1195,,Chordata,Mammalia,Rodentia,Muridae,Mus,Mus musculus,Mus musculus,COI FULL DATABASE (includes records without species designation),NA,NA,98.92,98.38,
ASV_3,,Arthropoda,Arachnida,Araneae,Araneidae,Neoscona,Neoscona theisi,Neoscona theisi,COI FULL DATABASE (includes records without species designation),99.63,97.09,NA,NA,
ASV_9,,Arthropoda,Arachnida,Araneae,Araneidae,Neoscona,Neoscona theisi,Neoscona theisi,COI FULL DATABASE (includes records without species designation),99.68,97.41,NA,NA,
ASV_21,,Arthropoda,Arachnida,Araneae,Araneidae,Neoscona,Neoscona theisi,Neoscona theisi,COI FULL DATABASE (includes records without species designation),100,97.73,NA,NA,
ASV_29,,Arthropoda,Arachnida,Araneae,Araneidae,Neoscona,Neoscona theisi,Neoscona theisi,COI FULL DATABASE (includes records without species designation),99.27,96.76,NA,NA,
ASV_78,,Arthropoda,Arachnida,Araneae,Araneidae,Neoscona,Neoscona theisi,Neoscona theisi,COI FULL DATABASE (includes records without species designation),99.27,96.76,NA,NA,
ASV_102,,Arthropoda,Arachnida,Araneae,Araneidae,Neoscona,Neoscona theisi,Neoscona theisi,COI FULL DATABASE (includes records without species designation),NA,NA,99.27,96.76,
ASV_206,,Arthropoda,Arachnida,Araneae,Araneidae,Neoscona,Neoscona theisi,Neoscona theisi,COI FULL DATABASE (includes records without species designation),NA,NA,99.35,97.09,
ASV_258,,Arthropoda,Arachnida,Araneae,Araneidae,Neoscona,Neoscona theisi,Neoscona theisi,COI FULL DATABASE (includes records without species designation),NA,NA,99.63,96.76,
ASV_322,,Arthropoda,Arachnida,Araneae,Araneidae,Neoscona,Neoscona theisi,Neoscona theisi,COI FULL DATABASE (includes records without species designation),100,97.41,NA,NA,
ASV_436,,Arthropoda,Arachnida,Araneae,Araneidae,Neoscona,Neoscona theisi,Neoscona theisi,COI FULL DATABASE (includes records without species designation),NA,NA,99.63,97.09,
ASV_485,,Arthropoda,Arachnida,Araneae,Araneidae,Neoscona,Neoscona theisi,Neoscona theisi,COI FULL DATABASE (includes records without species designation),NA,NA,99.57,96.76,
ASV_692,,Arthropoda,Arachnida,Araneae,Araneidae,Neoscona,Neoscona theisi,Neoscona theisi,COI FULL DATABASE (includes records without species designation),NA,NA,99.27,96.76,
ASV_706,,Arthropoda,Arachnida,Araneae,Araneidae,Neoscona,Neoscona theisi,Neoscona theisi,COI FULL DATABASE (includes records without species designation),NA,NA,98.39,95.16,
ASV_710,,Arthropoda,Arachnida,Araneae,Araneidae,Neoscona,Neoscona theisi,Neoscona theisi,COI FULL DATABASE (includes records without species designation),NA,NA,99.63,96.76,
ASV_716,,Arthropoda,Arachnida,Araneae,Araneidae,Neoscona,Neoscona theisi,Neoscona theisi,COI FULL DATABASE (includes records without species designation),NA,NA,99.6,94.5,
ASV_1554,,Arthropoda,Arachnida,Araneae,Araneidae,Neoscona,Neoscona theisi,Neoscona theisi,COI FULL DATABASE (includes records without species designation),NA,NA,98.74,95.6,
ASV_1558,,Arthropoda,Arachnida,Araneae,Araneidae,Neoscona,Neoscona theisi,Neoscona theisi,COI FULL DATABASE (includes records without species designation),NA,NA,99.63,97.09,
ASV_1560,,Arthropoda,Arachnida,Araneae,Araneidae,Neoscona,Neoscona theisi,Neoscona theisi,COI FULL DATABASE (includes records without species designation),NA,NA,98.77,95.68,
ASV_1665,,Arthropoda,Arachnida,Araneae,Araneidae,Neoscona,Neoscona theisi,Neoscona theisi,COI FULL DATABASE (includes records without species designation),NA,NA,99.66,96.94,
ASV_224,,,,,,,,Neurospora crassa,COI FULL DATABASE (includes records without species designation),NA,NA,97.41,84.04,
ASV_52,,,,,,,,Nylanderia bourbonica,COI FULL DATABASE (includes records without species designation),100,98.71,NA,NA,
ASV_607,,,,,,,,Nylanderia bourbonica,COI FULL DATABASE (includes records without species designation),NA,NA,99.68,98.38,
ASV_1555,,,,,,,,Nylanderia bourbonica,COI FULL DATABASE (includes records without species designation),NA,NA,100,98.84,
ASV_677,,,,,,,,Nylanderia sp. CHR01,COI FULL DATABASE (includes records without species designation),NA,NA,100,91.59,
ASV_294,,,,,,,,Nylanderia vividula,COI FULL DATABASE (includes records without species designation),NA,NA,100,91.45,
ASV_1290,,,,,,,,Odonata,COI FULL DATABASE (includes records without species designation),NA,NA,97.38,95.79,
ASV_1032,,,,,,,,Ornebius novarae,COI FULL DATABASE (includes records without species designation),NA,NA,99.01,83.51,
ASV_2,,,,,,,,Orthoptera,COI FULL DATABASE (includes records without species designation),100,85.76,NA,NA,
ASV_22,,,,,,,,Orthoptera,COI FULL DATABASE (includes records without species designation),100,86.08,NA,NA,
ASV_37,,,,,,,,Orthoptera,COI FULL DATABASE (includes records without species designation),99.52,85.76,NA,NA,
ASV_44,,,,,,,,Orthoptera,COI FULL DATABASE (includes records without species designation),100,86.41,NA,NA,
ASV_53,,,,,,,,Orthoptera,COI FULL DATABASE (includes records without species designation),99.03,86.19,NA,NA,
ASV_54,,,,,,,,Orthoptera,COI FULL DATABASE (includes records without species designation),100,85.76,NA,NA,
ASV_55,,,,,,,,Orthoptera,COI FULL DATABASE (includes records without species designation),100,86.08,NA,NA,
ASV_87,,,,,,,,Orthoptera,COI FULL DATABASE (includes records without species designation),100,84.21,NA,NA,
ASV_142,,,,,,,,Orthoptera,COI FULL DATABASE (includes records without species designation),NA,NA,100,85.6,
ASV_230,,,,,,,,Orthoptera,COI FULL DATABASE (includes records without species designation),NA,NA,100,85.6,
ASV_236,,,,,,,,Orthoptera,COI FULL DATABASE (includes records without species designation),NA,NA,97.14,87.7,
ASV_293,,,,,,,,Orthoptera,COI FULL DATABASE (includes records without species designation),NA,NA,100,86.08,
ASV_332,,,,,,,,Orthoptera,COI FULL DATABASE (includes records without species designation),100,85.76,NA,NA,
ASV_333,,,,,,,,Orthoptera,COI FULL DATABASE (includes records without species designation),99.68,83.94,NA,NA,
ASV_468,,,,,,,,Orthoptera,COI FULL DATABASE (includes records without species designation),NA,NA,98.1,86.73,
ASV_551,,,,,,,,Orthoptera,COI FULL DATABASE (includes records without species designation),NA,NA,99.35,85.27,
ASV_826,,,,,,,,Orthoptera,COI FULL DATABASE (includes records without species designation),NA,NA,100,86.41,
ASV_838,,,,,,,,Orthoptera,COI FULL DATABASE (includes records without species designation),NA,NA,100,86.07,
ASV_868,,,,,,,,Orthoptera,COI FULL DATABASE (includes records without species designation),NA,NA,97.14,86.41,
ASV_981,,,,,,,,Orthoptera,COI FULL DATABASE (includes records without species designation),NA,NA,99.52,85.71,
ASV_1003,,,,,,,,Orthoptera,COI FULL DATABASE (includes records without species designation),NA,NA,100,86.04,
ASV_1298,,,,,,,,Orthoptera,COI FULL DATABASE (includes records without species designation),NA,NA,100,86.08,
ASV_1299,,,,,,,,Orthoptera,COI FULL DATABASE (includes records without species designation),NA,NA,100,86.08,
ASV_1309,,,,,,,,Orthoptera,COI FULL DATABASE (includes records without species designation),NA,NA,100,86.41,
ASV_1351,,,,,,,,Orthoptera,COI FULL DATABASE (includes records without species designation),NA,NA,100,85.6,
ASV_1372,,,,,,,,Orthoptera,COI FULL DATABASE (includes records without species designation),NA,NA,100,85.6,
ASV_1470,,,,,,,,Orthoptera,COI FULL DATABASE (includes records without species designation),NA,NA,100,86.08,
ASV_1574,,,,,,,,Orthoptera,COI FULL DATABASE (includes records without species designation),NA,NA,100,85.66,
ASV_1682,,,,,,,,Orthoptera,COI FULL DATABASE (includes records without species designation),NA,NA,98.78,85.61,
ASV_1712,,,,,,,,Orthoptera,COI FULL DATABASE (includes records without species designation),NA,NA,98.84,86.11,
ASV_1714,,,,,,,,Orthoptera,COI FULL DATABASE (includes records without species designation),NA,NA,99.39,85.48,
ASV_1716,,,,,,,,Orthoptera,COI FULL DATABASE (includes records without species designation),NA,NA,99.52,86,
ASV_1721,,,,,,,,Orthoptera,COI FULL DATABASE (includes records without species designation),NA,NA,99.39,85.71,
ASV_1734,,,,,,,,Orthoptera,COI FULL DATABASE (includes records without species designation),NA,NA,98.57,84.74,
ASV_36,,,Insecta,Orthoptera,,Oxya,,Oxya sp,COI FULL DATABASE (includes records without species designation),99.68,90.29,NA,NA,
ASV_64,,,Insecta,Orthoptera,,Oxya,,Oxya sp,COI FULL DATABASE (includes records without species designation),100,90.61,NA,NA,
ASV_124,,,Insecta,Orthoptera,,Oxya,,Oxya sp,COI FULL DATABASE (includes records without species designation),NA,NA,100,90.6,
ASV_201,,,Insecta,Orthoptera,,Oxya,,Oxya sp,COI FULL DATABASE (includes records without species designation),NA,NA,99.35,89.97,
ASV_286,,,Insecta,Orthoptera,,Oxya,,Oxya sp,COI FULL DATABASE (includes records without species designation),NA,NA,99.68,90.29,
ASV_1413,,,Insecta,Orthoptera,,Oxya,,Oxya sp,COI FULL DATABASE (includes records without species designation),NA,NA,99.68,90.29,
ASV_1517,,,Insecta,Orthoptera,,Oxya,,Oxya sp,COI FULL DATABASE (includes records without species designation),NA,NA,99.68,90.51,
ASV_1637,,,Insecta,Orthoptera,,Oxya,,Oxya sp,COI FULL DATABASE (includes records without species designation),NA,NA,99.61,90.31,
ASV_5,,,,,,,,Pantala flavescens,COI FULL DATABASE (includes records without species designation),100,99.35,NA,NA,
ASV_19,,,,,,,,Pantala flavescens,COI FULL DATABASE (includes records without species designation),100,99.03,NA,NA,
ASV_24,,,,,,,,Pantala flavescens,COI FULL DATABASE (includes records without species designation),100,98.71,NA,NA,
ASV_495,,,,,,,,Pantala flavescens,COI FULL DATABASE (includes records without species designation),NA,NA,99.68,98.71,
ASV_795,,,,,,,,Pantala flavescens,COI FULL DATABASE (includes records without species designation),NA,NA,97.73,96.76,
ASV_803,,,,,,,,Pantala flavescens,COI FULL DATABASE (includes records without species designation),NA,NA,99.68,98.71,
ASV_1178,,,,,,,,Pantala flavescens,COI FULL DATABASE (includes records without species designation),NA,NA,100,99.35,
ASV_1562,,,,,,,,Pantala flavescens,COI FULL DATABASE (includes records without species designation),NA,NA,97.09,96.12,
ASV_131,,,,,,,,Penicillium citrinum,COI FULL DATABASE (includes records without species designation),NA,NA,98.31,94.92,
ASV_774,,,,,,,,Penicillium citrinum,COI FULL DATABASE (includes records without species designation),NA,NA,100,96.61,
ASV_1098,,,,,,,,Penicillium citrinum,COI FULL DATABASE (includes records without species designation),NA,NA,98.31,94.92,
ASV_1552,,,,,,,,Penicillium citrinum,COI FULL DATABASE (includes records without species designation),NA,NA,97.74,94.35,
ASV_1601,,,,,,,,Penicillium citrinum,COI FULL DATABASE (includes records without species designation),NA,NA,97.74,94.92,
ASV_1437,,,,,,,,Penicillium oxalicum,COI FULL DATABASE (includes records without species designation),NA,NA,98.87,94.35,
ASV_91,,,,,,,,Periplaneta australasiae,COI FULL DATABASE (includes records without species designation),100,92.23,NA,NA,
ASV_654,,,,,,,,Periplaneta australasiae,COI FULL DATABASE (includes records without species designation),NA,NA,97.41,90.94,
ASV_924,,,,,,,,Periplaneta australasiae,COI FULL DATABASE (includes records without species designation),NA,NA,99.68,91.91,
ASV_515,,,,,,,,Pheidole megacephala,COI FULL DATABASE (includes records without species designation),NA,NA,100,100,
ASV_628,,,,,,,,Pheidole megacephala,COI FULL DATABASE (includes records without species designation),NA,NA,100,100,
ASV_778,,,,,,,,Pheidole megacephala,COI FULL DATABASE (includes records without species designation),NA,NA,100,100,
ASV_850,,,,,,,,Pheidole megacephala,COI FULL DATABASE (includes records without species designation),NA,NA,100,100,
ASV_932,,,,,,,,Pheidole megacephala,COI FULL DATABASE (includes records without species designation),NA,NA,100,100,
ASV_1491,,,,,,,,Pheidole megacephala,COI FULL DATABASE (includes records without species designation),NA,NA,100,100,
ASV_775,,,,,,,,Phytophthora nicotianae,COI FULL DATABASE (includes records without species designation),NA,NA,100,95.79,
ASV_504,,,,,,,,Piletocera signiferalis,COI FULL DATABASE (includes records without species designation),NA,NA,100,92.88,
ASV_1664,,,,,,,,Piletocera signiferalis,COI FULL DATABASE (includes records without species designation),NA,NA,99.35,92.23,
ASV_23,,,,,,,,Platnickina mneon,COI FULL DATABASE (includes records without species designation),100,89.97,NA,NA,
ASV_392,,,,,,,,Platnickina mneon,COI FULL DATABASE (includes records without species designation),99.68,89.64,NA,NA,
ASV_501,,,,,,,,Platnickina mneon,COI FULL DATABASE (includes records without species designation),NA,NA,100,89.97,
ASV_784,,,,,,,,Ponera swezeyi,COI FULL DATABASE (includes records without species designation),NA,NA,100,100,
ASV_603,,,,,,,,Proteobacteria  ,COI FULL DATABASE (includes records without species designation),NA,NA,100,98.78,
ASV_734,,,,,,,,Proteobacteria Alphaproteobacteria ,COI FULL DATABASE (includes records without species designation),NA,NA,100,98.78,
ASV_16,,,,,,,,Proteobacteria Arachnida ,COI FULL DATABASE (includes records without species designation),100,98.8,NA,NA,
ASV_361,,,,,,,,Proteobacteria Arachnida ,COI FULL DATABASE (includes records without species designation),99.37,98.39,NA,NA,
ASV_414,,,,,,,,Proteobacteria Arachnida ,COI FULL DATABASE (includes records without species designation),NA,NA,100,98.8,
ASV_198,,,,,,,,Proteobacteria Insecta ,COI FULL DATABASE (includes records without species designation),NA,NA,100,98.8,
ASV_496,,,,,,,,Proteobacteria Insecta ,COI FULL DATABASE (includes records without species designation),NA,NA,100,98.8,
ASV_505,,,,,,,,Proteobacteria Insecta ,COI FULL DATABASE (includes records without species designation),NA,NA,99.37,98.39,
ASV_518,,,,,,,,Proteobacteria Insecta ,COI FULL DATABASE (includes records without species designation),NA,NA,99.37,98.38,
ASV_799,,,,,,,,Proteobacteria Insecta ,COI FULL DATABASE (includes records without species designation),NA,NA,99.37,98.39,
ASV_66,,,,,,,,Psocodea,COI FULL DATABASE (includes records without species designation),100,100,NA,NA,
ASV_127,,,,,,,,Psocodea,COI FULL DATABASE (includes records without species designation),NA,NA,100,80.78,
ASV_147,,,,,,,,Psocodea,COI FULL DATABASE (includes records without species designation),NA,NA,100,81.23,
ASV_552,,,,,,,,Psocodea,COI FULL DATABASE (includes records without species designation),NA,NA,100,100,
ASV_639,,,,,,,,Psocodea,COI FULL DATABASE (includes records without species designation),NA,NA,100,87.7,
ASV_1230,,,,,,,,Psocodea,COI FULL DATABASE (includes records without species designation),NA,NA,100,84.79,
ASV_1350,,,,,,,,Psocodea,COI FULL DATABASE (includes records without species designation),NA,NA,100,80,
ASV_498,,,,,,,,Pycnoscelus indicus,COI FULL DATABASE (includes records without species designation),NA,NA,97.41,86.08,
ASV_125,,,,,,,,Pycnoscelus sp. B103,COI FULL DATABASE (includes records without species designation),NA,NA,100,86.73,
ASV_80,,,,,,,,Pycnoscelus surinamensis,COI FULL DATABASE (includes records without species designation),100,85.76,NA,NA,
ASV_183,,,,,,,,Pycnoscelus surinamensis,COI FULL DATABASE (includes records without species designation),NA,NA,100,86.21,
ASV_746,,,,,,,,Pycnoscelus surinamensis,COI FULL DATABASE (includes records without species designation),NA,NA,100,86.41,
ASV_808,,,,,,,,Pycnoscelus surinamensis,COI FULL DATABASE (includes records without species designation),NA,NA,99.05,85.76,
ASV_1324,,,,,,,,Rhabditida,COI FULL DATABASE (includes records without species designation),NA,NA,98.36,88.56,
ASV_642,,,,,,,,Rhodotorula taiwanensis RS1,COI FULL DATABASE (includes records without species designation),NA,NA,97.73,76.29,
ASV_1111,,,,,,,,Rhodotorula taiwanensis RS1,COI FULL DATABASE (includes records without species designation),NA,NA,97.41,76.63,
ASV_58,,,,,,,,Rickettsiales,COI FULL DATABASE (includes records without species designation),99.44,98.94,NA,NA,
ASV_61,,,,,,,,Rickettsiales,COI FULL DATABASE (includes records without species designation),99.25,96.42,NA,NA,
ASV_511,,,,,,,,Saccharomyces cerevisiae YJM1527,COI FULL DATABASE (includes records without species designation),NA,NA,100,93.85,
ASV_1046,,,,,,,,Salmo salar,COI FULL DATABASE (includes records without species designation),NA,NA,100,100,
ASV_26,,,,,,,,Scholastes lonchifer,COI FULL DATABASE (includes records without species designation),100,88.45,NA,NA,
ASV_180,,,,,,,,Scholastes lonchifer,COI FULL DATABASE (includes records without species designation),NA,NA,100,88.45,
ASV_243,,,,,,,,Scholastes lonchifer,COI FULL DATABASE (includes records without species designation),NA,NA,99.34,87.94,
ASV_486,,,,,,,,Scholastes lonchifer,COI FULL DATABASE (includes records without species designation),NA,NA,99.67,88.37,
ASV_562,,,,,,,,Scholastes lonchifer,COI FULL DATABASE (includes records without species designation),NA,NA,100,88.45,
ASV_569,,,,,,,,Scholastes lonchifer,COI FULL DATABASE (includes records without species designation),NA,NA,99.68,88.02,
ASV_855,,,,,,,,Scholastes lonchifer,COI FULL DATABASE (includes records without species designation),NA,NA,99.35,87.72,
ASV_253,,,,,,,,Scytodes longipes,COI FULL DATABASE (includes records without species designation),NA,NA,98.06,84.79,
ASV_326,,,,,,,,Selenothrips rubrocinctus,COI FULL DATABASE (includes records without species designation),100,78.76,NA,NA,
ASV_173,,,,,,,,Siphunculina striolata,COI FULL DATABASE (includes records without species designation),NA,NA,100,91.59,
ASV_8,,,,,,,,Smeringopus pallidus,COI FULL DATABASE (includes records without species designation),100,81.55,NA,NA,
ASV_13,,,,,,,,Smeringopus pallidus,COI FULL DATABASE (includes records without species designation),100,81.94,NA,NA,
ASV_95,,,,,,,,Smeringopus pallidus,COI FULL DATABASE (includes records without species designation),100,81.55,NA,NA,
ASV_115,,,,,,,,Smeringopus pallidus,COI FULL DATABASE (includes records without species designation),NA,NA,100,81.94,
ASV_251,,,,,,,,Smeringopus pallidus,COI FULL DATABASE (includes records without species designation),NA,NA,100,81.55,
ASV_309,,,,,,,,Smeringopus pallidus,COI FULL DATABASE (includes records without species designation),99.67,81.7,NA,NA,
ASV_313,,,,,,,,Smeringopus pallidus,COI FULL DATABASE (includes records without species designation),99.67,81.69,NA,NA,
ASV_330,,,,,,,,Smeringopus pallidus,COI FULL DATABASE (includes records without species designation),100,81.94,NA,NA,
ASV_331,,,,,,,,Smeringopus pallidus,COI FULL DATABASE (includes records without species designation),99.68,81.23,NA,NA,
ASV_615,,,,,,,,Smeringopus pallidus,COI FULL DATABASE (includes records without species designation),NA,NA,100,81.55,
ASV_726,,,,,,,,Smeringopus pallidus,COI FULL DATABASE (includes records without species designation),NA,NA,99.54,80.91,
ASV_1630,,,,,,,,Smeringopus pallidus,COI FULL DATABASE (includes records without species designation),NA,NA,99.67,81.69,
ASV_1685,,,,,,,,Smeringopus pallidus,COI FULL DATABASE (includes records without species designation),NA,NA,100,81.55,
ASV_681,,,,,,,,Styringomyia didyma,COI FULL DATABASE (includes records without species designation),NA,NA,100,91.76,
ASV_682,,Arthropoda,Arachnida,Sarcoptiformes,Suidasiidae,Suidasia,,Suidasia sp.,COI FULL DATABASE (includes records without species designation),NA,NA,97.03,85.76,
ASV_1516,,Arthropoda,Arachnida,Sarcoptiformes,Suidasiidae,Suidasia,,Suidasia sp.,COI FULL DATABASE (includes records without species designation),NA,NA,98.02,86.2,
ASV_839,,,,,,,,Sula sula,COI FULL DATABASE (includes records without species designation),NA,NA,100,88.35,
ASV_186,,,,,,,,Symphypleona,COI FULL DATABASE (includes records without species designation),NA,NA,99.68,81.94,
ASV_1598,,,,,,,,Symphypleona,COI FULL DATABASE (includes records without species designation),NA,NA,99.67,82.18,
ASV_14,,,,,,,,Theridion melanostictum,COI FULL DATABASE (includes records without species designation),100,91.36,NA,NA,
ASV_618,,,,,,,,Theridion melanostictum,COI FULL DATABASE (includes records without species designation),NA,NA,99.18,91.26,
ASV_793,,,,,,,,Tyrophagus putrescentiae,COI FULL DATABASE (includes records without species designation),NA,NA,97.41,96.44,
ASV_84,,,,,,,,Wolbachia endosymbiont,COI FULL DATABASE (includes records without species designation),97.12,88.51,NA,NA,non-diet
ASV_110,,,,,,,,Wolbachia endosymbiont,COI FULL DATABASE (includes records without species designation),NA,NA,97.53,88.89,non-diet
ASV_526,,,,,,,,Wolbachia endosymbiont of Formicidae,COI FULL DATABASE (includes records without species designation),NA,NA,100,97.71,non-diet
ASV_1404,,,,,,,,Wolbachia endosymbiont of Formicidae,COI FULL DATABASE (includes records without species designation),NA,NA,99.62,97.33,non-diet
ASV_1506,,,,,,,,Wolbachia endosymbiont of Formicidae,COI FULL DATABASE (includes records without species designation),NA,NA,99.62,97.33,non-diet
ASV_1530,,,,,,,,Wolbachia sp. Anacrusis nephrodes,COI FULL DATABASE (includes records without species designation),NA,NA,99.62,98.86,non-diet
ASV_733,,,,,,,,Wolbachia sp. Tetraponera manangotra,COI FULL DATABASE (includes records without species designation),NA,NA,99.03,97.99,non-diet
ASV_791,,,,,,,,Wolbachia sp. Tetraponera manangotra,COI FULL DATABASE (includes records without species designation),NA,NA,99.68,98.07,non-diet
ASV_1471,,,,,,,,Zygomycota Insecta ,COI FULL DATABASE (includes records without species designation),NA,NA,100,96.38,unclear